The target system is: Generic -  - 
The host system is: Linux - 6.8.0-106-generic - x86_64
Compiling the C compiler identification source file "CMakeCCompilerId.c" succeeded.
Compiler: /home/student/.espressif/tools/xtensa-esp-elf/esp-15.2.0_20251204/xtensa-esp-elf/bin/xtensa-esp32-elf-gcc 
Build flags: 
Id flags:  

The output was:
0


Compilation of the C compiler identification source "CMakeCCompilerId.c" produced "a.out"

The C compiler identification is GNU, found in "/home/student/Desktop/ProjekatDisplej/DisplayAudi/build/CMakeFiles/3.22.1/CompilerIdC/a.out"

Compiling the CXX compiler identification source file "CMakeCXXCompilerId.cpp" succeeded.
Compiler: /home/student/.espressif/tools/xtensa-esp-elf/esp-15.2.0_20251204/xtensa-esp-elf/bin/xtensa-esp32-elf-g++ 
Build flags: 
Id flags:  

The output was:
0


Compilation of the CXX compiler identification source "CMakeCXXCompilerId.cpp" produced "a.out"

The CXX compiler identification is GNU, found in "/home/student/Desktop/ProjekatDisplej/DisplayAudi/build/CMakeFiles/3.22.1/CompilerIdCXX/a.out"

Checking whether the ASM compiler is GNU using "--version" matched "(GNU assembler)|(GCC)|(Free Software Foundation)":
xtensa-esp-elf-gcc (crosstool-NG esp-15.2.0_20251204) 15.2.0
Copyright (C) 2025 Free Software Foundation, Inc.
This is free software; see the source for copying conditions.  There is NO
warranty; not even for MERCHANTABILITY or FITNESS FOR A PARTICULAR PURPOSE.

Detecting C compiler ABI info compiled with the following output:
Change Dir: /home/student/Desktop/ProjekatDisplej/DisplayAudi/build/CMakeFiles/CMakeTmp

Run Build Command(s):/usr/bin/ninja cmTC_a0205 && [1/2] Building C object CMakeFiles/cmTC_a0205.dir/CMakeCCompilerABI.c.obj
Using built-in specs.
COLLECT_GCC=/home/student/.espressif/tools/xtensa-esp-elf/esp-15.2.0_20251204/xtensa-esp-elf/bin/xtensa-esp-elf-gcc
Target: xtensa-esp-elf
Configured with: /builds/idf/crosstool-NG/.build/xtensa-esp-elf/src/gcc/configure --build=x86_64-build_pc-linux-gnu --host=x86_64-build_pc-linux-gnu --target=xtensa-esp-elf --prefix=/builds/idf/crosstool-NG/builds/xtensa-esp-elf --exec_prefix=/builds/idf/crosstool-NG/builds/xtensa-esp-elf --with-local-prefix=/builds/idf/crosstool-NG/builds/xtensa-esp-elf/xtensa-esp-elf --with-sysroot=/builds/idf/crosstool-NG/builds/xtensa-esp-elf/xtensa-esp-elf --with-native-system-header-dir=/include --with-headers=/builds/idf/crosstool-NG/builds/xtensa-esp-elf/xtensa-esp-elf/include --with-newlib --enable-threads=no --disable-shared --with-pkgversion='crosstool-NG esp-15.2.0_20251204' --disable-__cxa_atexit --enable-cxx-flags='-ffunction-sections -fdata-sections' --disable-libgomp --disable-libmudflap --disable-libmpx --disable-libssp --disable-libquadmath --disable-libquadmath-support --disable-libstdcxx-verbose --with-gmp=/builds/idf/crosstool-NG/.build/xtensa-esp-elf/buildtools --with-mpfr=/builds/idf/crosstool-NG/.build/xtensa-esp-elf/buildtools --with-mpc=/builds/idf/crosstool-NG/.build/xtensa-esp-elf/buildtools --with-isl=/builds/idf/crosstool-NG/.build/xtensa-esp-elf/buildtools --enable-lto --enable-target-optspace --without-long-double-128 --enable-plugin --disable-nls --enable-multiarch --enable-languages=c,c++ --disable-libstdcxx-verbose --enable-threads=posix --enable-libstdcxx-time=yes --disable-win32-utf8-manifest
Thread model: posix
Supported LTO compression algorithms: zlib zstd
gcc version 15.2.0 (crosstool-NG esp-15.2.0_20251204) 
COLLECT_GCC_OPTIONS='-mdynconfig=xtensa_esp32.so' '-v' '-o' 'CMakeFiles/cmTC_a0205.dir/CMakeCCompilerABI.c.obj' '-c' '-dumpdir' 'CMakeFiles/cmTC_a0205.dir/'
 /home/student/.espressif/tools/xtensa-esp-elf/esp-15.2.0_20251204/xtensa-esp-elf/bin/../libexec/gcc/xtensa-esp-elf/15.2.0/cc1 -quiet -v -imultilib esp32 -iprefix /home/student/.espressif/tools/xtensa-esp-elf/esp-15.2.0_20251204/xtensa-esp-elf/bin/../lib/gcc/xtensa-esp-elf/15.2.0/ -isysroot /home/student/.espressif/tools/xtensa-esp-elf/esp-15.2.0_20251204/xtensa-esp-elf/bin/../xtensa-esp-elf /usr/share/cmake-3.22/Modules/CMakeCCompilerABI.c -quiet -dumpdir CMakeFiles/cmTC_a0205.dir/ -dumpbase CMakeCCompilerABI.c.c -dumpbase-ext .c -mdynconfig=xtensa_esp32.so -version -o /tmp/cc3zt7gD.s
GNU C23 (crosstool-NG esp-15.2.0_20251204) version 15.2.0 (xtensa-esp-elf)
	compiled by GNU C version 6.3.0, GMP version 6.3.0, MPFR version 4.2.1, MPC version 1.3.1, isl version isl-0.26-GMP

GGC heuristics: --param ggc-min-expand=100 --param ggc-min-heapsize=131072
ignoring duplicate directory "/home/student/.espressif/tools/xtensa-esp-elf/esp-15.2.0_20251204/xtensa-esp-elf/bin/../lib/gcc/../../lib/gcc/xtensa-esp-elf/15.2.0/include"
ignoring nonexistent directory "/home/student/.espressif/tools/xtensa-esp-elf/esp-15.2.0_20251204/xtensa-esp-elf/bin/../xtensa-esp-elf/builds/idf/crosstool-NG/builds/xtensa-esp-elf/xtensa-esp-elf/include"
ignoring duplicate directory "/home/student/.espressif/tools/xtensa-esp-elf/esp-15.2.0_20251204/xtensa-esp-elf/bin/../lib/gcc/../../lib/gcc/xtensa-esp-elf/15.2.0/include-fixed"
ignoring duplicate directory "/home/student/.espressif/tools/xtensa-esp-elf/esp-15.2.0_20251204/xtensa-esp-elf/bin/../lib/gcc/../../lib/gcc/xtensa-esp-elf/15.2.0/../../../../xtensa-esp-elf/include"
ignoring duplicate directory "/home/student/.espressif/tools/xtensa-esp-elf/esp-15.2.0_20251204/xtensa-esp-elf/bin/../xtensa-esp-elf/include"
#include "..." search starts here:
#include <...> search starts here:
 /home/student/.espressif/tools/xtensa-esp-elf/esp-15.2.0_20251204/xtensa-esp-elf/bin/../lib/gcc/xtensa-esp-elf/15.2.0/include
 /home/student/.espressif/tools/xtensa-esp-elf/esp-15.2.0_20251204/xtensa-esp-elf/bin/../lib/gcc/xtensa-esp-elf/15.2.0/include-fixed
 /home/student/.espressif/tools/xtensa-esp-elf/esp-15.2.0_20251204/xtensa-esp-elf/bin/../lib/gcc/xtensa-esp-elf/15.2.0/../../../../xtensa-esp-elf/include
End of search list.
Compiler executable checksum: 023236c824ceaa5629805e8d1b1d2049
COLLECT_GCC_OPTIONS='-mdynconfig=xtensa_esp32.so' '-v' '-o' 'CMakeFiles/cmTC_a0205.dir/CMakeCCompilerABI.c.obj' '-c' '-dumpdir' 'CMakeFiles/cmTC_a0205.dir/'
 /home/student/.espressif/tools/xtensa-esp-elf/esp-15.2.0_20251204/xtensa-esp-elf/bin/../lib/gcc/xtensa-esp-elf/15.2.0/../../../../xtensa-esp-elf/bin/as --traditional-format --dynconfig=xtensa_esp32.so -o CMakeFiles/cmTC_a0205.dir/CMakeCCompilerABI.c.obj /tmp/cc3zt7gD.s
COMPILER_PATH=/home/student/.espressif/tools/xtensa-esp-elf/esp-15.2.0_20251204/xtensa-esp-elf/bin/../libexec/gcc/xtensa-esp-elf/15.2.0/:/home/student/.espressif/tools/xtensa-esp-elf/esp-15.2.0_20251204/xtensa-esp-elf/bin/../libexec/gcc/:/home/student/.espressif/tools/xtensa-esp-elf/esp-15.2.0_20251204/xtensa-esp-elf/bin/../lib/gcc/xtensa-esp-elf/15.2.0/../../../../xtensa-esp-elf/bin/
LIBRARY_PATH=/home/student/.espressif/tools/xtensa-esp-elf/esp-15.2.0_20251204/xtensa-esp-elf/bin/../lib/gcc/xtensa-esp-elf/15.2.0/esp32/:/home/student/.espressif/tools/xtensa-esp-elf/esp-15.2.0_20251204/xtensa-esp-elf/bin/../lib/gcc/xtensa-esp-elf/15.2.0/../../../../xtensa-esp-elf/lib/esp32/:/home/student/.espressif/tools/xtensa-esp-elf/esp-15.2.0_20251204/xtensa-esp-elf/bin/../xtensa-esp-elf/lib/esp32/:/home/student/.espressif/tools/xtensa-esp-elf/esp-15.2.0_20251204/xtensa-esp-elf/bin/../lib/gcc/xtensa-esp-elf/15.2.0/:/home/student/.espressif/tools/xtensa-esp-elf/esp-15.2.0_20251204/xtensa-esp-elf/bin/../lib/gcc/:/home/student/.espressif/tools/xtensa-esp-elf/esp-15.2.0_20251204/xtensa-esp-elf/bin/../lib/gcc/xtensa-esp-elf/15.2.0/../../../../xtensa-esp-elf/lib/:/home/student/.espressif/tools/xtensa-esp-elf/esp-15.2.0_20251204/xtensa-esp-elf/bin/../xtensa-esp-elf/lib/:/home/student/.espressif/tools/xtensa-esp-elf/esp-15.2.0_20251204/xtensa-esp-elf/bin/../xtensa-esp-elf/usr/lib/
COLLECT_GCC_OPTIONS='-mdynconfig=xtensa_esp32.so' '-v' '-o' 'CMakeFiles/cmTC_a0205.dir/CMakeCCompilerABI.c.obj' '-c' '-dumpdir' 'CMakeFiles/cmTC_a0205.dir/CMakeCCompilerABI.c.'
[2/2] Linking C executable cmTC_a0205
Using built-in specs.
COLLECT_GCC=/home/student/.espressif/tools/xtensa-esp-elf/esp-15.2.0_20251204/xtensa-esp-elf/bin/xtensa-esp-elf-gcc
COLLECT_LTO_WRAPPER=/home/student/.espressif/tools/xtensa-esp-elf/esp-15.2.0_20251204/xtensa-esp-elf/bin/../libexec/gcc/xtensa-esp-elf/15.2.0/lto-wrapper
Target: xtensa-esp-elf
Configured with: /builds/idf/crosstool-NG/.build/xtensa-esp-elf/src/gcc/configure --build=x86_64-build_pc-linux-gnu --host=x86_64-build_pc-linux-gnu --target=xtensa-esp-elf --prefix=/builds/idf/crosstool-NG/builds/xtensa-esp-elf --exec_prefix=/builds/idf/crosstool-NG/builds/xtensa-esp-elf --with-local-prefix=/builds/idf/crosstool-NG/builds/xtensa-esp-elf/xtensa-esp-elf --with-sysroot=/builds/idf/crosstool-NG/builds/xtensa-esp-elf/xtensa-esp-elf --with-native-system-header-dir=/include --with-headers=/builds/idf/crosstool-NG/builds/xtensa-esp-elf/xtensa-esp-elf/include --with-newlib --enable-threads=no --disable-shared --with-pkgversion='crosstool-NG esp-15.2.0_20251204' --disable-__cxa_atexit --enable-cxx-flags='-ffunction-sections -fdata-sections' --disable-libgomp --disable-libmudflap --disable-libmpx --disable-libssp --disable-libquadmath --disable-libquadmath-support --disable-libstdcxx-verbose --with-gmp=/builds/idf/crosstool-NG/.build/xtensa-esp-elf/buildtools --with-mpfr=/builds/idf/crosstool-NG/.build/xtensa-esp-elf/buildtools --with-mpc=/builds/idf/crosstool-NG/.build/xtensa-esp-elf/buildtools --with-isl=/builds/idf/crosstool-NG/.build/xtensa-esp-elf/buildtools --enable-lto --enable-target-optspace --without-long-double-128 --enable-plugin --disable-nls --enable-multiarch --enable-languages=c,c++ --disable-libstdcxx-verbose --enable-threads=posix --enable-libstdcxx-time=yes --disable-win32-utf8-manifest
Thread model: posix
Supported LTO compression algorithms: zlib zstd
gcc version 15.2.0 (crosstool-NG esp-15.2.0_20251204) 
COMPILER_PATH=/home/student/.espressif/tools/xtensa-esp-elf/esp-15.2.0_20251204/xtensa-esp-elf/bin/../libexec/gcc/xtensa-esp-elf/15.2.0/:/home/student/.espressif/tools/xtensa-esp-elf/esp-15.2.0_20251204/xtensa-esp-elf/bin/../libexec/gcc/:/home/student/.espressif/tools/xtensa-esp-elf/esp-15.2.0_20251204/xtensa-esp-elf/bin/../lib/gcc/xtensa-esp-elf/15.2.0/../../../../xtensa-esp-elf/bin/
LIBRARY_PATH=/home/student/.espressif/tools/xtensa-esp-elf/esp-15.2.0_20251204/xtensa-esp-elf/bin/../lib/gcc/xtensa-esp-elf/15.2.0/esp32/:/home/student/.espressif/tools/xtensa-esp-elf/esp-15.2.0_20251204/xtensa-esp-elf/bin/../lib/gcc/xtensa-esp-elf/15.2.0/../../../../xtensa-esp-elf/lib/esp32/:/home/student/.espressif/tools/xtensa-esp-elf/esp-15.2.0_20251204/xtensa-esp-elf/bin/../xtensa-esp-elf/lib/esp32/:/home/student/.espressif/tools/xtensa-esp-elf/esp-15.2.0_20251204/xtensa-esp-elf/bin/../lib/gcc/xtensa-esp-elf/15.2.0/:/home/student/.espressif/tools/xtensa-esp-elf/esp-15.2.0_20251204/xtensa-esp-elf/bin/../lib/gcc/:/home/student/.espressif/tools/xtensa-esp-elf/esp-15.2.0_20251204/xtensa-esp-elf/bin/../lib/gcc/xtensa-esp-elf/15.2.0/../../../../xtensa-esp-elf/lib/:/home/student/.espressif/tools/xtensa-esp-elf/esp-15.2.0_20251204/xtensa-esp-elf/bin/../xtensa-esp-elf/lib/:/home/student/.espressif/tools/xtensa-esp-elf/esp-15.2.0_20251204/xtensa-esp-elf/bin/../xtensa-esp-elf/usr/lib/
COLLECT_GCC_OPTIONS='-mdynconfig=xtensa_esp32.so' '-v' '-o' 'cmTC_a0205' '-dumpdir' 'cmTC_a0205.'
 /home/student/.espressif/tools/xtensa-esp-elf/esp-15.2.0_20251204/xtensa-esp-elf/bin/../libexec/gcc/xtensa-esp-elf/15.2.0/collect2 -plugin /home/student/.espressif/tools/xtensa-esp-elf/esp-15.2.0_20251204/xtensa-esp-elf/bin/../libexec/gcc/xtensa-esp-elf/15.2.0/liblto_plugin.so -plugin-opt=/home/student/.espressif/tools/xtensa-esp-elf/esp-15.2.0_20251204/xtensa-esp-elf/bin/../libexec/gcc/xtensa-esp-elf/15.2.0/lto-wrapper -plugin-opt=-fresolution=/tmp/cc6wjpcQ.res -plugin-opt=-pass-through=-lgcc -plugin-opt=-pass-through=-lc -plugin-opt=-pass-through=-lnosys -plugin-opt=-pass-through=-lc -plugin-opt=-pass-through=-lgcc --sysroot=/home/student/.espressif/tools/xtensa-esp-elf/esp-15.2.0_20251204/xtensa-esp-elf/bin/../xtensa-esp-elf --dynconfig=xtensa_esp32.so -o cmTC_a0205 /home/student/.espressif/tools/xtensa-esp-elf/esp-15.2.0_20251204/xtensa-esp-elf/bin/../lib/gcc/xtensa-esp-elf/15.2.0/../../../../xtensa-esp-elf/lib/esp32/crt0.o /home/student/.espressif/tools/xtensa-esp-elf/esp-15.2.0_20251204/xtensa-esp-elf/bin/../lib/gcc/xtensa-esp-elf/15.2.0/esp32/crti.o /home/student/.espressif/tools/xtensa-esp-elf/esp-15.2.0_20251204/xtensa-esp-elf/bin/../lib/gcc/xtensa-esp-elf/15.2.0/esp32/crtbegin.o -L/home/student/.espressif/tools/xtensa-esp-elf/esp-15.2.0_20251204/xtensa-esp-elf/bin/../lib/gcc/xtensa-esp-elf/15.2.0/esp32 -L/home/student/.espressif/tools/xtensa-esp-elf/esp-15.2.0_20251204/xtensa-esp-elf/bin/../lib/gcc/xtensa-esp-elf/15.2.0/../../../../xtensa-esp-elf/lib/esp32 -L/home/student/.espressif/tools/xtensa-esp-elf/esp-15.2.0_20251204/xtensa-esp-elf/bin/../xtensa-esp-elf/lib/esp32 -L/home/student/.espressif/tools/xtensa-esp-elf/esp-15.2.0_20251204/xtensa-esp-elf/bin/../lib/gcc/xtensa-esp-elf/15.2.0 -L/home/student/.espressif/tools/xtensa-esp-elf/esp-15.2.0_20251204/xtensa-esp-elf/bin/../lib/gcc -L/home/student/.espressif/tools/xtensa-esp-elf/esp-15.2.0_20251204/xtensa-esp-elf/bin/../lib/gcc/xtensa-esp-elf/15.2.0/../../../../xtensa-esp-elf/lib -L/home/student/.espressif/tools/xtensa-esp-elf/esp-15.2.0_20251204/xtensa-esp-elf/bin/../xtensa-esp-elf/lib -L/home/student/.espressif/tools/xtensa-esp-elf/esp-15.2.0_20251204/xtensa-esp-elf/bin/../xtensa-esp-elf/usr/lib @/tmp/cctiZpvp -lgcc -lc -lnosys -lc -lgcc /home/student/.espressif/tools/xtensa-esp-elf/esp-15.2.0_20251204/xtensa-esp-elf/bin/../lib/gcc/xtensa-esp-elf/15.2.0/esp32/crtend.o /home/student/.espressif/tools/xtensa-esp-elf/esp-15.2.0_20251204/xtensa-esp-elf/bin/../lib/gcc/xtensa-esp-elf/15.2.0/esp32/crtn.o
COLLECT_GCC_OPTIONS='-mdynconfig=xtensa_esp32.so' '-v' '-o' 'cmTC_a0205' '-dumpdir' 'cmTC_a0205.'



Parsed C implicit include dir info from above output: rv=done
  found start of include info
  found start of implicit include info
    add: [/home/student/.espressif/tools/xtensa-esp-elf/esp-15.2.0_20251204/xtensa-esp-elf/bin/../lib/gcc/xtensa-esp-elf/15.2.0/include]
    add: [/home/student/.espressif/tools/xtensa-esp-elf/esp-15.2.0_20251204/xtensa-esp-elf/bin/../lib/gcc/xtensa-esp-elf/15.2.0/include-fixed]
    add: [/home/student/.espressif/tools/xtensa-esp-elf/esp-15.2.0_20251204/xtensa-esp-elf/bin/../lib/gcc/xtensa-esp-elf/15.2.0/../../../../xtensa-esp-elf/include]
  end of search list found
  collapse include dir [/home/student/.espressif/tools/xtensa-esp-elf/esp-15.2.0_20251204/xtensa-esp-elf/bin/../lib/gcc/xtensa-esp-elf/15.2.0/include] ==> [/home/student/.espressif/tools/xtensa-esp-elf/esp-15.2.0_20251204/xtensa-esp-elf/lib/gcc/xtensa-esp-elf/15.2.0/include]
  collapse include dir [/home/student/.espressif/tools/xtensa-esp-elf/esp-15.2.0_20251204/xtensa-esp-elf/bin/../lib/gcc/xtensa-esp-elf/15.2.0/include-fixed] ==> [/home/student/.espressif/tools/xtensa-esp-elf/esp-15.2.0_20251204/xtensa-esp-elf/lib/gcc/xtensa-esp-elf/15.2.0/include-fixed]
  collapse include dir [/home/student/.espressif/tools/xtensa-esp-elf/esp-15.2.0_20251204/xtensa-esp-elf/bin/../lib/gcc/xtensa-esp-elf/15.2.0/../../../../xtensa-esp-elf/include] ==> [/home/student/.espressif/tools/xtensa-esp-elf/esp-15.2.0_20251204/xtensa-esp-elf/xtensa-esp-elf/include]
  implicit include dirs: [/home/student/.espressif/tools/xtensa-esp-elf/esp-15.2.0_20251204/xtensa-esp-elf/lib/gcc/xtensa-esp-elf/15.2.0/include;/home/student/.espressif/tools/xtensa-esp-elf/esp-15.2.0_20251204/xtensa-esp-elf/lib/gcc/xtensa-esp-elf/15.2.0/include-fixed;/home/student/.espressif/tools/xtensa-esp-elf/esp-15.2.0_20251204/xtensa-esp-elf/xtensa-esp-elf/include]


Parsed C implicit link information from above output:
  link line regex: [^( *|.*[/\])(xtensa-esp32-elf-ld|CMAKE_LINK_STARTFILE-NOTFOUND|([^/\]+-)?ld|collect2)[^/\]*( |$)]
  ignore line: [Change Dir: /home/student/Desktop/ProjekatDisplej/DisplayAudi/build/CMakeFiles/CMakeTmp]
  ignore line: []
  ignore line: [Run Build Command(s):/usr/bin/ninja cmTC_a0205 && [1/2] Building C object CMakeFiles/cmTC_a0205.dir/CMakeCCompilerABI.c.obj]
  ignore line: [Using built-in specs.]
  ignore line: [COLLECT_GCC=/home/student/.espressif/tools/xtensa-esp-elf/esp-15.2.0_20251204/xtensa-esp-elf/bin/xtensa-esp-elf-gcc]
  ignore line: [Target: xtensa-esp-elf]
  ignore line: [Configured with: /builds/idf/crosstool-NG/.build/xtensa-esp-elf/src/gcc/configure --build=x86_64-build_pc-linux-gnu --host=x86_64-build_pc-linux-gnu --target=xtensa-esp-elf --prefix=/builds/idf/crosstool-NG/builds/xtensa-esp-elf --exec_prefix=/builds/idf/crosstool-NG/builds/xtensa-esp-elf --with-local-prefix=/builds/idf/crosstool-NG/builds/xtensa-esp-elf/xtensa-esp-elf --with-sysroot=/builds/idf/crosstool-NG/builds/xtensa-esp-elf/xtensa-esp-elf --with-native-system-header-dir=/include --with-headers=/builds/idf/crosstool-NG/builds/xtensa-esp-elf/xtensa-esp-elf/include --with-newlib --enable-threads=no --disable-shared --with-pkgversion='crosstool-NG esp-15.2.0_20251204' --disable-__cxa_atexit --enable-cxx-flags='-ffunction-sections -fdata-sections' --disable-libgomp --disable-libmudflap --disable-libmpx --disable-libssp --disable-libquadmath --disable-libquadmath-support --disable-libstdcxx-verbose --with-gmp=/builds/idf/crosstool-NG/.build/xtensa-esp-elf/buildtools --with-mpfr=/builds/idf/crosstool-NG/.build/xtensa-esp-elf/buildtools --with-mpc=/builds/idf/crosstool-NG/.build/xtensa-esp-elf/buildtools --with-isl=/builds/idf/crosstool-NG/.build/xtensa-esp-elf/buildtools --enable-lto --enable-target-optspace --without-long-double-128 --enable-plugin --disable-nls --enable-multiarch --enable-languages=c c++ --disable-libstdcxx-verbose --enable-threads=posix --enable-libstdcxx-time=yes --disable-win32-utf8-manifest]
  ignore line: [Thread model: posix]
  ignore line: [Supported LTO compression algorithms: zlib zstd]
  ignore line: [gcc version 15.2.0 (crosstool-NG esp-15.2.0_20251204) ]
  ignore line: [COLLECT_GCC_OPTIONS='-mdynconfig=xtensa_esp32.so' '-v' '-o' 'CMakeFiles/cmTC_a0205.dir/CMakeCCompilerABI.c.obj' '-c' '-dumpdir' 'CMakeFiles/cmTC_a0205.dir/']
  ignore line: [ /home/student/.espressif/tools/xtensa-esp-elf/esp-15.2.0_20251204/xtensa-esp-elf/bin/../libexec/gcc/xtensa-esp-elf/15.2.0/cc1 -quiet -v -imultilib esp32 -iprefix /home/student/.espressif/tools/xtensa-esp-elf/esp-15.2.0_20251204/xtensa-esp-elf/bin/../lib/gcc/xtensa-esp-elf/15.2.0/ -isysroot /home/student/.espressif/tools/xtensa-esp-elf/esp-15.2.0_20251204/xtensa-esp-elf/bin/../xtensa-esp-elf /usr/share/cmake-3.22/Modules/CMakeCCompilerABI.c -quiet -dumpdir CMakeFiles/cmTC_a0205.dir/ -dumpbase CMakeCCompilerABI.c.c -dumpbase-ext .c -mdynconfig=xtensa_esp32.so -version -o /tmp/cc3zt7gD.s]
  ignore line: [GNU C23 (crosstool-NG esp-15.2.0_20251204) version 15.2.0 (xtensa-esp-elf)]
  ignore line: [	compiled by GNU C version 6.3.0  GMP version 6.3.0  MPFR version 4.2.1  MPC version 1.3.1  isl version isl-0.26-GMP]
  ignore line: []
  ignore line: [GGC heuristics: --param ggc-min-expand=100 --param ggc-min-heapsize=131072]
  ignore line: [ignoring duplicate directory "/home/student/.espressif/tools/xtensa-esp-elf/esp-15.2.0_20251204/xtensa-esp-elf/bin/../lib/gcc/../../lib/gcc/xtensa-esp-elf/15.2.0/include"]
  ignore line: [ignoring nonexistent directory "/home/student/.espressif/tools/xtensa-esp-elf/esp-15.2.0_20251204/xtensa-esp-elf/bin/../xtensa-esp-elf/builds/idf/crosstool-NG/builds/xtensa-esp-elf/xtensa-esp-elf/include"]
  ignore line: [ignoring duplicate directory "/home/student/.espressif/tools/xtensa-esp-elf/esp-15.2.0_20251204/xtensa-esp-elf/bin/../lib/gcc/../../lib/gcc/xtensa-esp-elf/15.2.0/include-fixed"]
  ignore line: [ignoring duplicate directory "/home/student/.espressif/tools/xtensa-esp-elf/esp-15.2.0_20251204/xtensa-esp-elf/bin/../lib/gcc/../../lib/gcc/xtensa-esp-elf/15.2.0/../../../../xtensa-esp-elf/include"]
  ignore line: [ignoring duplicate directory "/home/student/.espressif/tools/xtensa-esp-elf/esp-15.2.0_20251204/xtensa-esp-elf/bin/../xtensa-esp-elf/include"]
  ignore line: [#include "..." search starts here:]
  ignore line: [#include <...> search starts here:]
  ignore line: [ /home/student/.espressif/tools/xtensa-esp-elf/esp-15.2.0_20251204/xtensa-esp-elf/bin/../lib/gcc/xtensa-esp-elf/15.2.0/include]
  ignore line: [ /home/student/.espressif/tools/xtensa-esp-elf/esp-15.2.0_20251204/xtensa-esp-elf/bin/../lib/gcc/xtensa-esp-elf/15.2.0/include-fixed]
  ignore line: [ /home/student/.espressif/tools/xtensa-esp-elf/esp-15.2.0_20251204/xtensa-esp-elf/bin/../lib/gcc/xtensa-esp-elf/15.2.0/../../../../xtensa-esp-elf/include]
  ignore line: [End of search list.]
  ignore line: [Compiler executable checksum: 023236c824ceaa5629805e8d1b1d2049]
  ignore line: [COLLECT_GCC_OPTIONS='-mdynconfig=xtensa_esp32.so' '-v' '-o' 'CMakeFiles/cmTC_a0205.dir/CMakeCCompilerABI.c.obj' '-c' '-dumpdir' 'CMakeFiles/cmTC_a0205.dir/']
  ignore line: [ /home/student/.espressif/tools/xtensa-esp-elf/esp-15.2.0_20251204/xtensa-esp-elf/bin/../lib/gcc/xtensa-esp-elf/15.2.0/../../../../xtensa-esp-elf/bin/as --traditional-format --dynconfig=xtensa_esp32.so -o CMakeFiles/cmTC_a0205.dir/CMakeCCompilerABI.c.obj /tmp/cc3zt7gD.s]
  ignore line: [COMPILER_PATH=/home/student/.espressif/tools/xtensa-esp-elf/esp-15.2.0_20251204/xtensa-esp-elf/bin/../libexec/gcc/xtensa-esp-elf/15.2.0/:/home/student/.espressif/tools/xtensa-esp-elf/esp-15.2.0_20251204/xtensa-esp-elf/bin/../libexec/gcc/:/home/student/.espressif/tools/xtensa-esp-elf/esp-15.2.0_20251204/xtensa-esp-elf/bin/../lib/gcc/xtensa-esp-elf/15.2.0/../../../../xtensa-esp-elf/bin/]
  ignore line: [LIBRARY_PATH=/home/student/.espressif/tools/xtensa-esp-elf/esp-15.2.0_20251204/xtensa-esp-elf/bin/../lib/gcc/xtensa-esp-elf/15.2.0/esp32/:/home/student/.espressif/tools/xtensa-esp-elf/esp-15.2.0_20251204/xtensa-esp-elf/bin/../lib/gcc/xtensa-esp-elf/15.2.0/../../../../xtensa-esp-elf/lib/esp32/:/home/student/.espressif/tools/xtensa-esp-elf/esp-15.2.0_20251204/xtensa-esp-elf/bin/../xtensa-esp-elf/lib/esp32/:/home/student/.espressif/tools/xtensa-esp-elf/esp-15.2.0_20251204/xtensa-esp-elf/bin/../lib/gcc/xtensa-esp-elf/15.2.0/:/home/student/.espressif/tools/xtensa-esp-elf/esp-15.2.0_20251204/xtensa-esp-elf/bin/../lib/gcc/:/home/student/.espressif/tools/xtensa-esp-elf/esp-15.2.0_20251204/xtensa-esp-elf/bin/../lib/gcc/xtensa-esp-elf/15.2.0/../../../../xtensa-esp-elf/lib/:/home/student/.espressif/tools/xtensa-esp-elf/esp-15.2.0_20251204/xtensa-esp-elf/bin/../xtensa-esp-elf/lib/:/home/student/.espressif/tools/xtensa-esp-elf/esp-15.2.0_20251204/xtensa-esp-elf/bin/../xtensa-esp-elf/usr/lib/]
  ignore line: [COLLECT_GCC_OPTIONS='-mdynconfig=xtensa_esp32.so' '-v' '-o' 'CMakeFiles/cmTC_a0205.dir/CMakeCCompilerABI.c.obj' '-c' '-dumpdir' 'CMakeFiles/cmTC_a0205.dir/CMakeCCompilerABI.c.']
  ignore line: [[2/2] Linking C executable cmTC_a0205]
  ignore line: [Using built-in specs.]
  ignore line: [COLLECT_GCC=/home/student/.espressif/tools/xtensa-esp-elf/esp-15.2.0_20251204/xtensa-esp-elf/bin/xtensa-esp-elf-gcc]
  ignore line: [COLLECT_LTO_WRAPPER=/home/student/.espressif/tools/xtensa-esp-elf/esp-15.2.0_20251204/xtensa-esp-elf/bin/../libexec/gcc/xtensa-esp-elf/15.2.0/lto-wrapper]
  ignore line: [Target: xtensa-esp-elf]
  ignore line: [Configured with: /builds/idf/crosstool-NG/.build/xtensa-esp-elf/src/gcc/configure --build=x86_64-build_pc-linux-gnu --host=x86_64-build_pc-linux-gnu --target=xtensa-esp-elf --prefix=/builds/idf/crosstool-NG/builds/xtensa-esp-elf --exec_prefix=/builds/idf/crosstool-NG/builds/xtensa-esp-elf --with-local-prefix=/builds/idf/crosstool-NG/builds/xtensa-esp-elf/xtensa-esp-elf --with-sysroot=/builds/idf/crosstool-NG/builds/xtensa-esp-elf/xtensa-esp-elf --with-native-system-header-dir=/include --with-headers=/builds/idf/crosstool-NG/builds/xtensa-esp-elf/xtensa-esp-elf/include --with-newlib --enable-threads=no --disable-shared --with-pkgversion='crosstool-NG esp-15.2.0_20251204' --disable-__cxa_atexit --enable-cxx-flags='-ffunction-sections -fdata-sections' --disable-libgomp --disable-libmudflap --disable-libmpx --disable-libssp --disable-libquadmath --disable-libquadmath-support --disable-libstdcxx-verbose --with-gmp=/builds/idf/crosstool-NG/.build/xtensa-esp-elf/buildtools --with-mpfr=/builds/idf/crosstool-NG/.build/xtensa-esp-elf/buildtools --with-mpc=/builds/idf/crosstool-NG/.build/xtensa-esp-elf/buildtools --with-isl=/builds/idf/crosstool-NG/.build/xtensa-esp-elf/buildtools --enable-lto --enable-target-optspace --without-long-double-128 --enable-plugin --disable-nls --enable-multiarch --enable-languages=c c++ --disable-libstdcxx-verbose --enable-threads=posix --enable-libstdcxx-time=yes --disable-win32-utf8-manifest]
  ignore line: [Thread model: posix]
  ignore line: [Supported LTO compression algorithms: zlib zstd]
  ignore line: [gcc version 15.2.0 (crosstool-NG esp-15.2.0_20251204) ]
  ignore line: [COMPILER_PATH=/home/student/.espressif/tools/xtensa-esp-elf/esp-15.2.0_20251204/xtensa-esp-elf/bin/../libexec/gcc/xtensa-esp-elf/15.2.0/:/home/student/.espressif/tools/xtensa-esp-elf/esp-15.2.0_20251204/xtensa-esp-elf/bin/../libexec/gcc/:/home/student/.espressif/tools/xtensa-esp-elf/esp-15.2.0_20251204/xtensa-esp-elf/bin/../lib/gcc/xtensa-esp-elf/15.2.0/../../../../xtensa-esp-elf/bin/]
  ignore line: [LIBRARY_PATH=/home/student/.espressif/tools/xtensa-esp-elf/esp-15.2.0_20251204/xtensa-esp-elf/bin/../lib/gcc/xtensa-esp-elf/15.2.0/esp32/:/home/student/.espressif/tools/xtensa-esp-elf/esp-15.2.0_20251204/xtensa-esp-elf/bin/../lib/gcc/xtensa-esp-elf/15.2.0/../../../../xtensa-esp-elf/lib/esp32/:/home/student/.espressif/tools/xtensa-esp-elf/esp-15.2.0_20251204/xtensa-esp-elf/bin/../xtensa-esp-elf/lib/esp32/:/home/student/.espressif/tools/xtensa-esp-elf/esp-15.2.0_20251204/xtensa-esp-elf/bin/../lib/gcc/xtensa-esp-elf/15.2.0/:/home/student/.espressif/tools/xtensa-esp-elf/esp-15.2.0_20251204/xtensa-esp-elf/bin/../lib/gcc/:/home/student/.espressif/tools/xtensa-esp-elf/esp-15.2.0_20251204/xtensa-esp-elf/bin/../lib/gcc/xtensa-esp-elf/15.2.0/../../../../xtensa-esp-elf/lib/:/home/student/.espressif/tools/xtensa-esp-elf/esp-15.2.0_20251204/xtensa-esp-elf/bin/../xtensa-esp-elf/lib/:/home/student/.espressif/tools/xtensa-esp-elf/esp-15.2.0_20251204/xtensa-esp-elf/bin/../xtensa-esp-elf/usr/lib/]
  ignore line: [COLLECT_GCC_OPTIONS='-mdynconfig=xtensa_esp32.so' '-v' '-o' 'cmTC_a0205' '-dumpdir' 'cmTC_a0205.']
  link line: [ /home/student/.espressif/tools/xtensa-esp-elf/esp-15.2.0_20251204/xtensa-esp-elf/bin/../libexec/gcc/xtensa-esp-elf/15.2.0/collect2 -plugin /home/student/.espressif/tools/xtensa-esp-elf/esp-15.2.0_20251204/xtensa-esp-elf/bin/../libexec/gcc/xtensa-esp-elf/15.2.0/liblto_plugin.so -plugin-opt=/home/student/.espressif/tools/xtensa-esp-elf/esp-15.2.0_20251204/xtensa-esp-elf/bin/../libexec/gcc/xtensa-esp-elf/15.2.0/lto-wrapper -plugin-opt=-fresolution=/tmp/cc6wjpcQ.res -plugin-opt=-pass-through=-lgcc -plugin-opt=-pass-through=-lc -plugin-opt=-pass-through=-lnosys -plugin-opt=-pass-through=-lc -plugin-opt=-pass-through=-lgcc --sysroot=/home/student/.espressif/tools/xtensa-esp-elf/esp-15.2.0_20251204/xtensa-esp-elf/bin/../xtensa-esp-elf --dynconfig=xtensa_esp32.so -o cmTC_a0205 /home/student/.espressif/tools/xtensa-esp-elf/esp-15.2.0_20251204/xtensa-esp-elf/bin/../lib/gcc/xtensa-esp-elf/15.2.0/../../../../xtensa-esp-elf/lib/esp32/crt0.o /home/student/.espressif/tools/xtensa-esp-elf/esp-15.2.0_20251204/xtensa-esp-elf/bin/../lib/gcc/xtensa-esp-elf/15.2.0/esp32/crti.o /home/student/.espressif/tools/xtensa-esp-elf/esp-15.2.0_20251204/xtensa-esp-elf/bin/../lib/gcc/xtensa-esp-elf/15.2.0/esp32/crtbegin.o -L/home/student/.espressif/tools/xtensa-esp-elf/esp-15.2.0_20251204/xtensa-esp-elf/bin/../lib/gcc/xtensa-esp-elf/15.2.0/esp32 -L/home/student/.espressif/tools/xtensa-esp-elf/esp-15.2.0_20251204/xtensa-esp-elf/bin/../lib/gcc/xtensa-esp-elf/15.2.0/../../../../xtensa-esp-elf/lib/esp32 -L/home/student/.espressif/tools/xtensa-esp-elf/esp-15.2.0_20251204/xtensa-esp-elf/bin/../xtensa-esp-elf/lib/esp32 -L/home/student/.espressif/tools/xtensa-esp-elf/esp-15.2.0_20251204/xtensa-esp-elf/bin/../lib/gcc/xtensa-esp-elf/15.2.0 -L/home/student/.espressif/tools/xtensa-esp-elf/esp-15.2.0_20251204/xtensa-esp-elf/bin/../lib/gcc -L/home/student/.espressif/tools/xtensa-esp-elf/esp-15.2.0_20251204/xtensa-esp-elf/bin/../lib/gcc/xtensa-esp-elf/15.2.0/../../../../xtensa-esp-elf/lib -L/home/student/.espressif/tools/xtensa-esp-elf/esp-15.2.0_20251204/xtensa-esp-elf/bin/../xtensa-esp-elf/lib -L/home/student/.espressif/tools/xtensa-esp-elf/esp-15.2.0_20251204/xtensa-esp-elf/bin/../xtensa-esp-elf/usr/lib @/tmp/cctiZpvp -lgcc -lc -lnosys -lc -lgcc /home/student/.espressif/tools/xtensa-esp-elf/esp-15.2.0_20251204/xtensa-esp-elf/bin/../lib/gcc/xtensa-esp-elf/15.2.0/esp32/crtend.o /home/student/.espressif/tools/xtensa-esp-elf/esp-15.2.0_20251204/xtensa-esp-elf/bin/../lib/gcc/xtensa-esp-elf/15.2.0/esp32/crtn.o]
    arg [/home/student/.espressif/tools/xtensa-esp-elf/esp-15.2.0_20251204/xtensa-esp-elf/bin/../libexec/gcc/xtensa-esp-elf/15.2.0/collect2] ==> ignore
    arg [-plugin] ==> ignore
    arg [/home/student/.espressif/tools/xtensa-esp-elf/esp-15.2.0_20251204/xtensa-esp-elf/bin/../libexec/gcc/xtensa-esp-elf/15.2.0/liblto_plugin.so] ==> ignore
    arg [-plugin-opt=/home/student/.espressif/tools/xtensa-esp-elf/esp-15.2.0_20251204/xtensa-esp-elf/bin/../libexec/gcc/xtensa-esp-elf/15.2.0/lto-wrapper] ==> ignore
    arg [-plugin-opt=-fresolution=/tmp/cc6wjpcQ.res] ==> ignore
    arg [-plugin-opt=-pass-through=-lgcc] ==> ignore
    arg [-plugin-opt=-pass-through=-lc] ==> ignore
    arg [-plugin-opt=-pass-through=-lnosys] ==> ignore
    arg [-plugin-opt=-pass-through=-lc] ==> ignore
    arg [-plugin-opt=-pass-through=-lgcc] ==> ignore
    arg [--sysroot=/home/student/.espressif/tools/xtensa-esp-elf/esp-15.2.0_20251204/xtensa-esp-elf/bin/../xtensa-esp-elf] ==> ignore
    arg [--dynconfig=xtensa_esp32.so] ==> ignore
    arg [-o] ==> ignore
    arg [cmTC_a0205] ==> ignore
    arg [/home/student/.espressif/tools/xtensa-esp-elf/esp-15.2.0_20251204/xtensa-esp-elf/bin/../lib/gcc/xtensa-esp-elf/15.2.0/../../../../xtensa-esp-elf/lib/esp32/crt0.o] ==> obj [/home/student/.espressif/tools/xtensa-esp-elf/esp-15.2.0_20251204/xtensa-esp-elf/bin/../lib/gcc/xtensa-esp-elf/15.2.0/../../../../xtensa-esp-elf/lib/esp32/crt0.o]
    arg [/home/student/.espressif/tools/xtensa-esp-elf/esp-15.2.0_20251204/xtensa-esp-elf/bin/../lib/gcc/xtensa-esp-elf/15.2.0/esp32/crti.o] ==> obj [/home/student/.espressif/tools/xtensa-esp-elf/esp-15.2.0_20251204/xtensa-esp-elf/bin/../lib/gcc/xtensa-esp-elf/15.2.0/esp32/crti.o]
    arg [/home/student/.espressif/tools/xtensa-esp-elf/esp-15.2.0_20251204/xtensa-esp-elf/bin/../lib/gcc/xtensa-esp-elf/15.2.0/esp32/crtbegin.o] ==> obj [/home/student/.espressif/tools/xtensa-esp-elf/esp-15.2.0_20251204/xtensa-esp-elf/bin/../lib/gcc/xtensa-esp-elf/15.2.0/esp32/crtbegin.o]
    arg [-L/home/student/.espressif/tools/xtensa-esp-elf/esp-15.2.0_20251204/xtensa-esp-elf/bin/../lib/gcc/xtensa-esp-elf/15.2.0/esp32] ==> dir [/home/student/.espressif/tools/xtensa-esp-elf/esp-15.2.0_20251204/xtensa-esp-elf/bin/../lib/gcc/xtensa-esp-elf/15.2.0/esp32]
    arg [-L/home/student/.espressif/tools/xtensa-esp-elf/esp-15.2.0_20251204/xtensa-esp-elf/bin/../lib/gcc/xtensa-esp-elf/15.2.0/../../../../xtensa-esp-elf/lib/esp32] ==> dir [/home/student/.espressif/tools/xtensa-esp-elf/esp-15.2.0_20251204/xtensa-esp-elf/bin/../lib/gcc/xtensa-esp-elf/15.2.0/../../../../xtensa-esp-elf/lib/esp32]
    arg [-L/home/student/.espressif/tools/xtensa-esp-elf/esp-15.2.0_20251204/xtensa-esp-elf/bin/../xtensa-esp-elf/lib/esp32] ==> dir [/home/student/.espressif/tools/xtensa-esp-elf/esp-15.2.0_20251204/xtensa-esp-elf/bin/../xtensa-esp-elf/lib/esp32]
    arg [-L/home/student/.espressif/tools/xtensa-esp-elf/esp-15.2.0_20251204/xtensa-esp-elf/bin/../lib/gcc/xtensa-esp-elf/15.2.0] ==> dir [/home/student/.espressif/tools/xtensa-esp-elf/esp-15.2.0_20251204/xtensa-esp-elf/bin/../lib/gcc/xtensa-esp-elf/15.2.0]
    arg [-L/home/student/.espressif/tools/xtensa-esp-elf/esp-15.2.0_20251204/xtensa-esp-elf/bin/../lib/gcc] ==> dir [/home/student/.espressif/tools/xtensa-esp-elf/esp-15.2.0_20251204/xtensa-esp-elf/bin/../lib/gcc]
    arg [-L/home/student/.espressif/tools/xtensa-esp-elf/esp-15.2.0_20251204/xtensa-esp-elf/bin/../lib/gcc/xtensa-esp-elf/15.2.0/../../../../xtensa-esp-elf/lib] ==> dir [/home/student/.espressif/tools/xtensa-esp-elf/esp-15.2.0_20251204/xtensa-esp-elf/bin/../lib/gcc/xtensa-esp-elf/15.2.0/../../../../xtensa-esp-elf/lib]
    arg [-L/home/student/.espressif/tools/xtensa-esp-elf/esp-15.2.0_20251204/xtensa-esp-elf/bin/../xtensa-esp-elf/lib] ==> dir [/home/student/.espressif/tools/xtensa-esp-elf/esp-15.2.0_20251204/xtensa-esp-elf/bin/../xtensa-esp-elf/lib]
    arg [-L/home/student/.espressif/tools/xtensa-esp-elf/esp-15.2.0_20251204/xtensa-esp-elf/bin/../xtensa-esp-elf/usr/lib] ==> dir [/home/student/.espressif/tools/xtensa-esp-elf/esp-15.2.0_20251204/xtensa-esp-elf/bin/../xtensa-esp-elf/usr/lib]
    arg [@/tmp/cctiZpvp] ==> ignore
    arg [-lgcc] ==> lib [gcc]
    arg [-lc] ==> lib [c]
    arg [-lnosys] ==> lib [nosys]
    arg [-lc] ==> lib [c]
    arg [-lgcc] ==> lib [gcc]
    arg [/home/student/.espressif/tools/xtensa-esp-elf/esp-15.2.0_20251204/xtensa-esp-elf/bin/../lib/gcc/xtensa-esp-elf/15.2.0/esp32/crtend.o] ==> obj [/home/student/.espressif/tools/xtensa-esp-elf/esp-15.2.0_20251204/xtensa-esp-elf/bin/../lib/gcc/xtensa-esp-elf/15.2.0/esp32/crtend.o]
    arg [/home/student/.espressif/tools/xtensa-esp-elf/esp-15.2.0_20251204/xtensa-esp-elf/bin/../lib/gcc/xtensa-esp-elf/15.2.0/esp32/crtn.o] ==> obj [/home/student/.espressif/tools/xtensa-esp-elf/esp-15.2.0_20251204/xtensa-esp-elf/bin/../lib/gcc/xtensa-esp-elf/15.2.0/esp32/crtn.o]
  collapse obj [/home/student/.espressif/tools/xtensa-esp-elf/esp-15.2.0_20251204/xtensa-esp-elf/bin/../lib/gcc/xtensa-esp-elf/15.2.0/../../../../xtensa-esp-elf/lib/esp32/crt0.o] ==> [/home/student/.espressif/tools/xtensa-esp-elf/esp-15.2.0_20251204/xtensa-esp-elf/xtensa-esp-elf/lib/esp32/crt0.o]
  collapse obj [/home/student/.espressif/tools/xtensa-esp-elf/esp-15.2.0_20251204/xtensa-esp-elf/bin/../lib/gcc/xtensa-esp-elf/15.2.0/esp32/crti.o] ==> [/home/student/.espressif/tools/xtensa-esp-elf/esp-15.2.0_20251204/xtensa-esp-elf/lib/gcc/xtensa-esp-elf/15.2.0/esp32/crti.o]
  collapse obj [/home/student/.espressif/tools/xtensa-esp-elf/esp-15.2.0_20251204/xtensa-esp-elf/bin/../lib/gcc/xtensa-esp-elf/15.2.0/esp32/crtbegin.o] ==> [/home/student/.espressif/tools/xtensa-esp-elf/esp-15.2.0_20251204/xtensa-esp-elf/lib/gcc/xtensa-esp-elf/15.2.0/esp32/crtbegin.o]
  collapse obj [/home/student/.espressif/tools/xtensa-esp-elf/esp-15.2.0_20251204/xtensa-esp-elf/bin/../lib/gcc/xtensa-esp-elf/15.2.0/esp32/crtend.o] ==> [/home/student/.espressif/tools/xtensa-esp-elf/esp-15.2.0_20251204/xtensa-esp-elf/lib/gcc/xtensa-esp-elf/15.2.0/esp32/crtend.o]
  collapse obj [/home/student/.espressif/tools/xtensa-esp-elf/esp-15.2.0_20251204/xtensa-esp-elf/bin/../lib/gcc/xtensa-esp-elf/15.2.0/esp32/crtn.o] ==> [/home/student/.espressif/tools/xtensa-esp-elf/esp-15.2.0_20251204/xtensa-esp-elf/lib/gcc/xtensa-esp-elf/15.2.0/esp32/crtn.o]
  collapse library dir [/home/student/.espressif/tools/xtensa-esp-elf/esp-15.2.0_20251204/xtensa-esp-elf/bin/../lib/gcc/xtensa-esp-elf/15.2.0/esp32] ==> [/home/student/.espressif/tools/xtensa-esp-elf/esp-15.2.0_20251204/xtensa-esp-elf/lib/gcc/xtensa-esp-elf/15.2.0/esp32]
  collapse library dir [/home/student/.espressif/tools/xtensa-esp-elf/esp-15.2.0_20251204/xtensa-esp-elf/bin/../lib/gcc/xtensa-esp-elf/15.2.0/../../../../xtensa-esp-elf/lib/esp32] ==> [/home/student/.espressif/tools/xtensa-esp-elf/esp-15.2.0_20251204/xtensa-esp-elf/xtensa-esp-elf/lib/esp32]
  collapse library dir [/home/student/.espressif/tools/xtensa-esp-elf/esp-15.2.0_20251204/xtensa-esp-elf/bin/../xtensa-esp-elf/lib/esp32] ==> [/home/student/.espressif/tools/xtensa-esp-elf/esp-15.2.0_20251204/xtensa-esp-elf/xtensa-esp-elf/lib/esp32]
  collapse library dir [/home/student/.espressif/tools/xtensa-esp-elf/esp-15.2.0_20251204/xtensa-esp-elf/bin/../lib/gcc/xtensa-esp-elf/15.2.0] ==> [/home/student/.espressif/tools/xtensa-esp-elf/esp-15.2.0_20251204/xtensa-esp-elf/lib/gcc/xtensa-esp-elf/15.2.0]
  collapse library dir [/home/student/.espressif/tools/xtensa-esp-elf/esp-15.2.0_20251204/xtensa-esp-elf/bin/../lib/gcc] ==> [/home/student/.espressif/tools/xtensa-esp-elf/esp-15.2.0_20251204/xtensa-esp-elf/lib/gcc]
  collapse library dir [/home/student/.espressif/tools/xtensa-esp-elf/esp-15.2.0_20251204/xtensa-esp-elf/bin/../lib/gcc/xtensa-esp-elf/15.2.0/../../../../xtensa-esp-elf/lib] ==> [/home/student/.espressif/tools/xtensa-esp-elf/esp-15.2.0_20251204/xtensa-esp-elf/xtensa-esp-elf/lib]
  collapse library dir [/home/student/.espressif/tools/xtensa-esp-elf/esp-15.2.0_20251204/xtensa-esp-elf/bin/../xtensa-esp-elf/lib] ==> [/home/student/.espressif/tools/xtensa-esp-elf/esp-15.2.0_20251204/xtensa-esp-elf/xtensa-esp-elf/lib]
  collapse library dir [/home/student/.espressif/tools/xtensa-esp-elf/esp-15.2.0_20251204/xtensa-esp-elf/bin/../xtensa-esp-elf/usr/lib] ==> [/home/student/.espressif/tools/xtensa-esp-elf/esp-15.2.0_20251204/xtensa-esp-elf/xtensa-esp-elf/usr/lib]
  implicit libs: [gcc;c;nosys;c;gcc]
  implicit objs: [/home/student/.espressif/tools/xtensa-esp-elf/esp-15.2.0_20251204/xtensa-esp-elf/xtensa-esp-elf/lib/esp32/crt0.o;/home/student/.espressif/tools/xtensa-esp-elf/esp-15.2.0_20251204/xtensa-esp-elf/lib/gcc/xtensa-esp-elf/15.2.0/esp32/crti.o;/home/student/.espressif/tools/xtensa-esp-elf/esp-15.2.0_20251204/xtensa-esp-elf/lib/gcc/xtensa-esp-elf/15.2.0/esp32/crtbegin.o;/home/student/.espressif/tools/xtensa-esp-elf/esp-15.2.0_20251204/xtensa-esp-elf/lib/gcc/xtensa-esp-elf/15.2.0/esp32/crtend.o;/home/student/.espressif/tools/xtensa-esp-elf/esp-15.2.0_20251204/xtensa-esp-elf/lib/gcc/xtensa-esp-elf/15.2.0/esp32/crtn.o]
  implicit dirs: [/home/student/.espressif/tools/xtensa-esp-elf/esp-15.2.0_20251204/xtensa-esp-elf/lib/gcc/xtensa-esp-elf/15.2.0/esp32;/home/student/.espressif/tools/xtensa-esp-elf/esp-15.2.0_20251204/xtensa-esp-elf/xtensa-esp-elf/lib/esp32;/home/student/.espressif/tools/xtensa-esp-elf/esp-15.2.0_20251204/xtensa-esp-elf/lib/gcc/xtensa-esp-elf/15.2.0;/home/student/.espressif/tools/xtensa-esp-elf/esp-15.2.0_20251204/xtensa-esp-elf/lib/gcc;/home/student/.espressif/tools/xtensa-esp-elf/esp-15.2.0_20251204/xtensa-esp-elf/xtensa-esp-elf/lib;/home/student/.espressif/tools/xtensa-esp-elf/esp-15.2.0_20251204/xtensa-esp-elf/xtensa-esp-elf/usr/lib]
  implicit fwks: []


Detecting CXX compiler ABI info compiled with the following output:
Change Dir: /home/student/Desktop/ProjekatDisplej/DisplayAudi/build/CMakeFiles/CMakeTmp

Run Build Command(s):/usr/bin/ninja cmTC_fe380 && [1/2] Building CXX object CMakeFiles/cmTC_fe380.dir/CMakeCXXCompilerABI.cpp.obj
Using built-in specs.
COLLECT_GCC=/home/student/.espressif/tools/xtensa-esp-elf/esp-15.2.0_20251204/xtensa-esp-elf/bin/xtensa-esp-elf-g++
Target: xtensa-esp-elf
Configured with: /builds/idf/crosstool-NG/.build/xtensa-esp-elf/src/gcc/configure --build=x86_64-build_pc-linux-gnu --host=x86_64-build_pc-linux-gnu --target=xtensa-esp-elf --prefix=/builds/idf/crosstool-NG/builds/xtensa-esp-elf --exec_prefix=/builds/idf/crosstool-NG/builds/xtensa-esp-elf --with-local-prefix=/builds/idf/crosstool-NG/builds/xtensa-esp-elf/xtensa-esp-elf --with-sysroot=/builds/idf/crosstool-NG/builds/xtensa-esp-elf/xtensa-esp-elf --with-native-system-header-dir=/include --with-headers=/builds/idf/crosstool-NG/builds/xtensa-esp-elf/xtensa-esp-elf/include --with-newlib --enable-threads=no --disable-shared --with-pkgversion='crosstool-NG esp-15.2.0_20251204' --disable-__cxa_atexit --enable-cxx-flags='-ffunction-sections -fdata-sections' --disable-libgomp --disable-libmudflap --disable-libmpx --disable-libssp --disable-libquadmath --disable-libquadmath-support --disable-libstdcxx-verbose --with-gmp=/builds/idf/crosstool-NG/.build/xtensa-esp-elf/buildtools --with-mpfr=/builds/idf/crosstool-NG/.build/xtensa-esp-elf/buildtools --with-mpc=/builds/idf/crosstool-NG/.build/xtensa-esp-elf/buildtools --with-isl=/builds/idf/crosstool-NG/.build/xtensa-esp-elf/buildtools --enable-lto --enable-target-optspace --without-long-double-128 --enable-plugin --disable-nls --enable-multiarch --enable-languages=c,c++ --disable-libstdcxx-verbose --enable-threads=posix --enable-libstdcxx-time=yes --disable-win32-utf8-manifest
Thread model: posix
Supported LTO compression algorithms: zlib zstd
gcc version 15.2.0 (crosstool-NG esp-15.2.0_20251204) 
COLLECT_GCC_OPTIONS='-mdynconfig=xtensa_esp32.so' '-v' '-o' 'CMakeFiles/cmTC_fe380.dir/CMakeCXXCompilerABI.cpp.obj' '-c' '-dumpdir' 'CMakeFiles/cmTC_fe380.dir/'
 /home/student/.espressif/tools/xtensa-esp-elf/esp-15.2.0_20251204/xtensa-esp-elf/bin/../libexec/gcc/xtensa-esp-elf/15.2.0/cc1plus -quiet -v -imultilib esp32 -iprefix /home/student/.espressif/tools/xtensa-esp-elf/esp-15.2.0_20251204/xtensa-esp-elf/bin/../lib/gcc/xtensa-esp-elf/15.2.0/ -isysroot /home/student/.espressif/tools/xtensa-esp-elf/esp-15.2.0_20251204/xtensa-esp-elf/bin/../xtensa-esp-elf /usr/share/cmake-3.22/Modules/CMakeCXXCompilerABI.cpp -quiet -dumpdir CMakeFiles/cmTC_fe380.dir/ -dumpbase CMakeCXXCompilerABI.cpp.cpp -dumpbase-ext .cpp -mdynconfig=xtensa_esp32.so -version -o /tmp/ccGCCFO3.s
GNU C++17 (crosstool-NG esp-15.2.0_20251204) version 15.2.0 (xtensa-esp-elf)
	compiled by GNU C version 6.3.0, GMP version 6.3.0, MPFR version 4.2.1, MPC version 1.3.1, isl version isl-0.26-GMP

GGC heuristics: --param ggc-min-expand=100 --param ggc-min-heapsize=131072
ignoring duplicate directory "/home/student/.espressif/tools/xtensa-esp-elf/esp-15.2.0_20251204/xtensa-esp-elf/bin/../lib/gcc/../../lib/gcc/xtensa-esp-elf/15.2.0/../../../../xtensa-esp-elf/include/c++/15.2.0"
ignoring duplicate directory "/home/student/.espressif/tools/xtensa-esp-elf/esp-15.2.0_20251204/xtensa-esp-elf/bin/../lib/gcc/../../lib/gcc/xtensa-esp-elf/15.2.0/../../../../xtensa-esp-elf/include/c++/15.2.0/xtensa-esp-elf/esp32"
ignoring duplicate directory "/home/student/.espressif/tools/xtensa-esp-elf/esp-15.2.0_20251204/xtensa-esp-elf/bin/../lib/gcc/../../lib/gcc/xtensa-esp-elf/15.2.0/../../../../xtensa-esp-elf/include/c++/15.2.0/backward"
ignoring duplicate directory "/home/student/.espressif/tools/xtensa-esp-elf/esp-15.2.0_20251204/xtensa-esp-elf/bin/../lib/gcc/../../lib/gcc/xtensa-esp-elf/15.2.0/include"
ignoring nonexistent directory "/home/student/.espressif/tools/xtensa-esp-elf/esp-15.2.0_20251204/xtensa-esp-elf/bin/../xtensa-esp-elf/builds/idf/crosstool-NG/builds/xtensa-esp-elf/xtensa-esp-elf/include"
ignoring duplicate directory "/home/student/.espressif/tools/xtensa-esp-elf/esp-15.2.0_20251204/xtensa-esp-elf/bin/../lib/gcc/../../lib/gcc/xtensa-esp-elf/15.2.0/include-fixed"
ignoring duplicate directory "/home/student/.espressif/tools/xtensa-esp-elf/esp-15.2.0_20251204/xtensa-esp-elf/bin/../lib/gcc/../../lib/gcc/xtensa-esp-elf/15.2.0/../../../../xtensa-esp-elf/include"
ignoring duplicate directory "/home/student/.espressif/tools/xtensa-esp-elf/esp-15.2.0_20251204/xtensa-esp-elf/bin/../xtensa-esp-elf/include"
#include "..." search starts here:
#include <...> search starts here:
 /home/student/.espressif/tools/xtensa-esp-elf/esp-15.2.0_20251204/xtensa-esp-elf/bin/../lib/gcc/xtensa-esp-elf/15.2.0/../../../../xtensa-esp-elf/include/c++/15.2.0
 /home/student/.espressif/tools/xtensa-esp-elf/esp-15.2.0_20251204/xtensa-esp-elf/bin/../lib/gcc/xtensa-esp-elf/15.2.0/../../../../xtensa-esp-elf/include/c++/15.2.0/xtensa-esp-elf/esp32
 /home/student/.espressif/tools/xtensa-esp-elf/esp-15.2.0_20251204/xtensa-esp-elf/bin/../lib/gcc/xtensa-esp-elf/15.2.0/../../../../xtensa-esp-elf/include/c++/15.2.0/backward
 /home/student/.espressif/tools/xtensa-esp-elf/esp-15.2.0_20251204/xtensa-esp-elf/bin/../lib/gcc/xtensa-esp-elf/15.2.0/include
 /home/student/.espressif/tools/xtensa-esp-elf/esp-15.2.0_20251204/xtensa-esp-elf/bin/../lib/gcc/xtensa-esp-elf/15.2.0/include-fixed
 /home/student/.espressif/tools/xtensa-esp-elf/esp-15.2.0_20251204/xtensa-esp-elf/bin/../lib/gcc/xtensa-esp-elf/15.2.0/../../../../xtensa-esp-elf/include
End of search list.
Compiler executable checksum: ddaf5163ec1d262ade9e7a5c85eeee1b
COLLECT_GCC_OPTIONS='-mdynconfig=xtensa_esp32.so' '-v' '-o' 'CMakeFiles/cmTC_fe380.dir/CMakeCXXCompilerABI.cpp.obj' '-c' '-dumpdir' 'CMakeFiles/cmTC_fe380.dir/'
 /home/student/.espressif/tools/xtensa-esp-elf/esp-15.2.0_20251204/xtensa-esp-elf/bin/../lib/gcc/xtensa-esp-elf/15.2.0/../../../../xtensa-esp-elf/bin/as --traditional-format --dynconfig=xtensa_esp32.so -o CMakeFiles/cmTC_fe380.dir/CMakeCXXCompilerABI.cpp.obj /tmp/ccGCCFO3.s
COMPILER_PATH=/home/student/.espressif/tools/xtensa-esp-elf/esp-15.2.0_20251204/xtensa-esp-elf/bin/../libexec/gcc/xtensa-esp-elf/15.2.0/:/home/student/.espressif/tools/xtensa-esp-elf/esp-15.2.0_20251204/xtensa-esp-elf/bin/../libexec/gcc/:/home/student/.espressif/tools/xtensa-esp-elf/esp-15.2.0_20251204/xtensa-esp-elf/bin/../lib/gcc/xtensa-esp-elf/15.2.0/../../../../xtensa-esp-elf/bin/
LIBRARY_PATH=/home/student/.espressif/tools/xtensa-esp-elf/esp-15.2.0_20251204/xtensa-esp-elf/bin/../lib/gcc/xtensa-esp-elf/15.2.0/esp32/:/home/student/.espressif/tools/xtensa-esp-elf/esp-15.2.0_20251204/xtensa-esp-elf/bin/../lib/gcc/xtensa-esp-elf/15.2.0/../../../../xtensa-esp-elf/lib/esp32/:/home/student/.espressif/tools/xtensa-esp-elf/esp-15.2.0_20251204/xtensa-esp-elf/bin/../xtensa-esp-elf/lib/esp32/:/home/student/.espressif/tools/xtensa-esp-elf/esp-15.2.0_20251204/xtensa-esp-elf/bin/../lib/gcc/xtensa-esp-elf/15.2.0/:/home/student/.espressif/tools/xtensa-esp-elf/esp-15.2.0_20251204/xtensa-esp-elf/bin/../lib/gcc/:/home/student/.espressif/tools/xtensa-esp-elf/esp-15.2.0_20251204/xtensa-esp-elf/bin/../lib/gcc/xtensa-esp-elf/15.2.0/../../../../xtensa-esp-elf/lib/:/home/student/.espressif/tools/xtensa-esp-elf/esp-15.2.0_20251204/xtensa-esp-elf/bin/../xtensa-esp-elf/lib/:/home/student/.espressif/tools/xtensa-esp-elf/esp-15.2.0_20251204/xtensa-esp-elf/bin/../xtensa-esp-elf/usr/lib/
COLLECT_GCC_OPTIONS='-mdynconfig=xtensa_esp32.so' '-v' '-o' 'CMakeFiles/cmTC_fe380.dir/CMakeCXXCompilerABI.cpp.obj' '-c' '-dumpdir' 'CMakeFiles/cmTC_fe380.dir/CMakeCXXCompilerABI.cpp.'
[2/2] Linking CXX executable cmTC_fe380
Using built-in specs.
COLLECT_GCC=/home/student/.espressif/tools/xtensa-esp-elf/esp-15.2.0_20251204/xtensa-esp-elf/bin/xtensa-esp-elf-g++
COLLECT_LTO_WRAPPER=/home/student/.espressif/tools/xtensa-esp-elf/esp-15.2.0_20251204/xtensa-esp-elf/bin/../libexec/gcc/xtensa-esp-elf/15.2.0/lto-wrapper
Target: xtensa-esp-elf
Configured with: /builds/idf/crosstool-NG/.build/xtensa-esp-elf/src/gcc/configure --build=x86_64-build_pc-linux-gnu --host=x86_64-build_pc-linux-gnu --target=xtensa-esp-elf --prefix=/builds/idf/crosstool-NG/builds/xtensa-esp-elf --exec_prefix=/builds/idf/crosstool-NG/builds/xtensa-esp-elf --with-local-prefix=/builds/idf/crosstool-NG/builds/xtensa-esp-elf/xtensa-esp-elf --with-sysroot=/builds/idf/crosstool-NG/builds/xtensa-esp-elf/xtensa-esp-elf --with-native-system-header-dir=/include --with-headers=/builds/idf/crosstool-NG/builds/xtensa-esp-elf/xtensa-esp-elf/include --with-newlib --enable-threads=no --disable-shared --with-pkgversion='crosstool-NG esp-15.2.0_20251204' --disable-__cxa_atexit --enable-cxx-flags='-ffunction-sections -fdata-sections' --disable-libgomp --disable-libmudflap --disable-libmpx --disable-libssp --disable-libquadmath --disable-libquadmath-support --disable-libstdcxx-verbose --with-gmp=/builds/idf/crosstool-NG/.build/xtensa-esp-elf/buildtools --with-mpfr=/builds/idf/crosstool-NG/.build/xtensa-esp-elf/buildtools --with-mpc=/builds/idf/crosstool-NG/.build/xtensa-esp-elf/buildtools --with-isl=/builds/idf/crosstool-NG/.build/xtensa-esp-elf/buildtools --enable-lto --enable-target-optspace --without-long-double-128 --enable-plugin --disable-nls --enable-multiarch --enable-languages=c,c++ --disable-libstdcxx-verbose --enable-threads=posix --enable-libstdcxx-time=yes --disable-win32-utf8-manifest
Thread model: posix
Supported LTO compression algorithms: zlib zstd
gcc version 15.2.0 (crosstool-NG esp-15.2.0_20251204) 
COMPILER_PATH=/home/student/.espressif/tools/xtensa-esp-elf/esp-15.2.0_20251204/xtensa-esp-elf/bin/../libexec/gcc/xtensa-esp-elf/15.2.0/:/home/student/.espressif/tools/xtensa-esp-elf/esp-15.2.0_20251204/xtensa-esp-elf/bin/../libexec/gcc/:/home/student/.espressif/tools/xtensa-esp-elf/esp-15.2.0_20251204/xtensa-esp-elf/bin/../lib/gcc/xtensa-esp-elf/15.2.0/../../../../xtensa-esp-elf/bin/
LIBRARY_PATH=/home/student/.espressif/tools/xtensa-esp-elf/esp-15.2.0_20251204/xtensa-esp-elf/bin/../lib/gcc/xtensa-esp-elf/15.2.0/esp32/:/home/student/.espressif/tools/xtensa-esp-elf/esp-15.2.0_20251204/xtensa-esp-elf/bin/../lib/gcc/xtensa-esp-elf/15.2.0/../../../../xtensa-esp-elf/lib/esp32/:/home/student/.espressif/tools/xtensa-esp-elf/esp-15.2.0_20251204/xtensa-esp-elf/bin/../xtensa-esp-elf/lib/esp32/:/home/student/.espressif/tools/xtensa-esp-elf/esp-15.2.0_20251204/xtensa-esp-elf/bin/../lib/gcc/xtensa-esp-elf/15.2.0/:/home/student/.espressif/tools/xtensa-esp-elf/esp-15.2.0_20251204/xtensa-esp-elf/bin/../lib/gcc/:/home/student/.espressif/tools/xtensa-esp-elf/esp-15.2.0_20251204/xtensa-esp-elf/bin/../lib/gcc/xtensa-esp-elf/15.2.0/../../../../xtensa-esp-elf/lib/:/home/student/.espressif/tools/xtensa-esp-elf/esp-15.2.0_20251204/xtensa-esp-elf/bin/../xtensa-esp-elf/lib/:/home/student/.espressif/tools/xtensa-esp-elf/esp-15.2.0_20251204/xtensa-esp-elf/bin/../xtensa-esp-elf/usr/lib/
COLLECT_GCC_OPTIONS='-mdynconfig=xtensa_esp32.so' '-v' '-o' 'cmTC_fe380' '-dumpdir' 'cmTC_fe380.'
 /home/student/.espressif/tools/xtensa-esp-elf/esp-15.2.0_20251204/xtensa-esp-elf/bin/../libexec/gcc/xtensa-esp-elf/15.2.0/collect2 -plugin /home/student/.espressif/tools/xtensa-esp-elf/esp-15.2.0_20251204/xtensa-esp-elf/bin/../libexec/gcc/xtensa-esp-elf/15.2.0/liblto_plugin.so -plugin-opt=/home/student/.espressif/tools/xtensa-esp-elf/esp-15.2.0_20251204/xtensa-esp-elf/bin/../libexec/gcc/xtensa-esp-elf/15.2.0/lto-wrapper -plugin-opt=-fresolution=/tmp/ccFSqwwl.res -plugin-opt=-pass-through=-lgcc -plugin-opt=-pass-through=-lc -plugin-opt=-pass-through=-lnosys -plugin-opt=-pass-through=-lc -plugin-opt=-pass-through=-lgcc --sysroot=/home/student/.espressif/tools/xtensa-esp-elf/esp-15.2.0_20251204/xtensa-esp-elf/bin/../xtensa-esp-elf --dynconfig=xtensa_esp32.so -o cmTC_fe380 /home/student/.espressif/tools/xtensa-esp-elf/esp-15.2.0_20251204/xtensa-esp-elf/bin/../lib/gcc/xtensa-esp-elf/15.2.0/../../../../xtensa-esp-elf/lib/esp32/crt0.o /home/student/.espressif/tools/xtensa-esp-elf/esp-15.2.0_20251204/xtensa-esp-elf/bin/../lib/gcc/xtensa-esp-elf/15.2.0/esp32/crti.o /home/student/.espressif/tools/xtensa-esp-elf/esp-15.2.0_20251204/xtensa-esp-elf/bin/../lib/gcc/xtensa-esp-elf/15.2.0/esp32/crtbegin.o -L/home/student/.espressif/tools/xtensa-esp-elf/esp-15.2.0_20251204/xtensa-esp-elf/bin/../lib/gcc/xtensa-esp-elf/15.2.0/esp32 -L/home/student/.espressif/tools/xtensa-esp-elf/esp-15.2.0_20251204/xtensa-esp-elf/bin/../lib/gcc/xtensa-esp-elf/15.2.0/../../../../xtensa-esp-elf/lib/esp32 -L/home/student/.espressif/tools/xtensa-esp-elf/esp-15.2.0_20251204/xtensa-esp-elf/bin/../xtensa-esp-elf/lib/esp32 -L/home/student/.espressif/tools/xtensa-esp-elf/esp-15.2.0_20251204/xtensa-esp-elf/bin/../lib/gcc/xtensa-esp-elf/15.2.0 -L/home/student/.espressif/tools/xtensa-esp-elf/esp-15.2.0_20251204/xtensa-esp-elf/bin/../lib/gcc -L/home/student/.espressif/tools/xtensa-esp-elf/esp-15.2.0_20251204/xtensa-esp-elf/bin/../lib/gcc/xtensa-esp-elf/15.2.0/../../../../xtensa-esp-elf/lib -L/home/student/.espressif/tools/xtensa-esp-elf/esp-15.2.0_20251204/xtensa-esp-elf/bin/../xtensa-esp-elf/lib -L/home/student/.espressif/tools/xtensa-esp-elf/esp-15.2.0_20251204/xtensa-esp-elf/bin/../xtensa-esp-elf/usr/lib @/tmp/ccr9nHVe -lgcc -lc -lnosys -lc -lgcc /home/student/.espressif/tools/xtensa-esp-elf/esp-15.2.0_20251204/xtensa-esp-elf/bin/../lib/gcc/xtensa-esp-elf/15.2.0/esp32/crtend.o /home/student/.espressif/tools/xtensa-esp-elf/esp-15.2.0_20251204/xtensa-esp-elf/bin/../lib/gcc/xtensa-esp-elf/15.2.0/esp32/crtn.o
COLLECT_GCC_OPTIONS='-mdynconfig=xtensa_esp32.so' '-v' '-o' 'cmTC_fe380' '-dumpdir' 'cmTC_fe380.'



Parsed CXX implicit include dir info from above output: rv=done
  found start of include info
  found start of implicit include info
    add: [/home/student/.espressif/tools/xtensa-esp-elf/esp-15.2.0_20251204/xtensa-esp-elf/bin/../lib/gcc/xtensa-esp-elf/15.2.0/../../../../xtensa-esp-elf/include/c++/15.2.0]
    add: [/home/student/.espressif/tools/xtensa-esp-elf/esp-15.2.0_20251204/xtensa-esp-elf/bin/../lib/gcc/xtensa-esp-elf/15.2.0/../../../../xtensa-esp-elf/include/c++/15.2.0/xtensa-esp-elf/esp32]
    add: [/home/student/.espressif/tools/xtensa-esp-elf/esp-15.2.0_20251204/xtensa-esp-elf/bin/../lib/gcc/xtensa-esp-elf/15.2.0/../../../../xtensa-esp-elf/include/c++/15.2.0/backward]
    add: [/home/student/.espressif/tools/xtensa-esp-elf/esp-15.2.0_20251204/xtensa-esp-elf/bin/../lib/gcc/xtensa-esp-elf/15.2.0/include]
    add: [/home/student/.espressif/tools/xtensa-esp-elf/esp-15.2.0_20251204/xtensa-esp-elf/bin/../lib/gcc/xtensa-esp-elf/15.2.0/include-fixed]
    add: [/home/student/.espressif/tools/xtensa-esp-elf/esp-15.2.0_20251204/xtensa-esp-elf/bin/../lib/gcc/xtensa-esp-elf/15.2.0/../../../../xtensa-esp-elf/include]
  end of search list found
  collapse include dir [/home/student/.espressif/tools/xtensa-esp-elf/esp-15.2.0_20251204/xtensa-esp-elf/bin/../lib/gcc/xtensa-esp-elf/15.2.0/../../../../xtensa-esp-elf/include/c++/15.2.0] ==> [/home/student/.espressif/tools/xtensa-esp-elf/esp-15.2.0_20251204/xtensa-esp-elf/xtensa-esp-elf/include/c++/15.2.0]
  collapse include dir [/home/student/.espressif/tools/xtensa-esp-elf/esp-15.2.0_20251204/xtensa-esp-elf/bin/../lib/gcc/xtensa-esp-elf/15.2.0/../../../../xtensa-esp-elf/include/c++/15.2.0/xtensa-esp-elf/esp32] ==> [/home/student/.espressif/tools/xtensa-esp-elf/esp-15.2.0_20251204/xtensa-esp-elf/xtensa-esp-elf/include/c++/15.2.0/xtensa-esp-elf/esp32]
  collapse include dir [/home/student/.espressif/tools/xtensa-esp-elf/esp-15.2.0_20251204/xtensa-esp-elf/bin/../lib/gcc/xtensa-esp-elf/15.2.0/../../../../xtensa-esp-elf/include/c++/15.2.0/backward] ==> [/home/student/.espressif/tools/xtensa-esp-elf/esp-15.2.0_20251204/xtensa-esp-elf/xtensa-esp-elf/include/c++/15.2.0/backward]
  collapse include dir [/home/student/.espressif/tools/xtensa-esp-elf/esp-15.2.0_20251204/xtensa-esp-elf/bin/../lib/gcc/xtensa-esp-elf/15.2.0/include] ==> [/home/student/.espressif/tools/xtensa-esp-elf/esp-15.2.0_20251204/xtensa-esp-elf/lib/gcc/xtensa-esp-elf/15.2.0/include]
  collapse include dir [/home/student/.espressif/tools/xtensa-esp-elf/esp-15.2.0_20251204/xtensa-esp-elf/bin/../lib/gcc/xtensa-esp-elf/15.2.0/include-fixed] ==> [/home/student/.espressif/tools/xtensa-esp-elf/esp-15.2.0_20251204/xtensa-esp-elf/lib/gcc/xtensa-esp-elf/15.2.0/include-fixed]
  collapse include dir [/home/student/.espressif/tools/xtensa-esp-elf/esp-15.2.0_20251204/xtensa-esp-elf/bin/../lib/gcc/xtensa-esp-elf/15.2.0/../../../../xtensa-esp-elf/include] ==> [/home/student/.espressif/tools/xtensa-esp-elf/esp-15.2.0_20251204/xtensa-esp-elf/xtensa-esp-elf/include]
  implicit include dirs: [/home/student/.espressif/tools/xtensa-esp-elf/esp-15.2.0_20251204/xtensa-esp-elf/xtensa-esp-elf/include/c++/15.2.0;/home/student/.espressif/tools/xtensa-esp-elf/esp-15.2.0_20251204/xtensa-esp-elf/xtensa-esp-elf/include/c++/15.2.0/xtensa-esp-elf/esp32;/home/student/.espressif/tools/xtensa-esp-elf/esp-15.2.0_20251204/xtensa-esp-elf/xtensa-esp-elf/include/c++/15.2.0/backward;/home/student/.espressif/tools/xtensa-esp-elf/esp-15.2.0_20251204/xtensa-esp-elf/lib/gcc/xtensa-esp-elf/15.2.0/include;/home/student/.espressif/tools/xtensa-esp-elf/esp-15.2.0_20251204/xtensa-esp-elf/lib/gcc/xtensa-esp-elf/15.2.0/include-fixed;/home/student/.espressif/tools/xtensa-esp-elf/esp-15.2.0_20251204/xtensa-esp-elf/xtensa-esp-elf/include]


Parsed CXX implicit link information from above output:
  link line regex: [^( *|.*[/\])(xtensa-esp32-elf-ld|CMAKE_LINK_STARTFILE-NOTFOUND|([^/\]+-)?ld|collect2)[^/\]*( |$)]
  ignore line: [Change Dir: /home/student/Desktop/ProjekatDisplej/DisplayAudi/build/CMakeFiles/CMakeTmp]
  ignore line: []
  ignore line: [Run Build Command(s):/usr/bin/ninja cmTC_fe380 && [1/2] Building CXX object CMakeFiles/cmTC_fe380.dir/CMakeCXXCompilerABI.cpp.obj]
  ignore line: [Using built-in specs.]
  ignore line: [COLLECT_GCC=/home/student/.espressif/tools/xtensa-esp-elf/esp-15.2.0_20251204/xtensa-esp-elf/bin/xtensa-esp-elf-g++]
  ignore line: [Target: xtensa-esp-elf]
  ignore line: [Configured with: /builds/idf/crosstool-NG/.build/xtensa-esp-elf/src/gcc/configure --build=x86_64-build_pc-linux-gnu --host=x86_64-build_pc-linux-gnu --target=xtensa-esp-elf --prefix=/builds/idf/crosstool-NG/builds/xtensa-esp-elf --exec_prefix=/builds/idf/crosstool-NG/builds/xtensa-esp-elf --with-local-prefix=/builds/idf/crosstool-NG/builds/xtensa-esp-elf/xtensa-esp-elf --with-sysroot=/builds/idf/crosstool-NG/builds/xtensa-esp-elf/xtensa-esp-elf --with-native-system-header-dir=/include --with-headers=/builds/idf/crosstool-NG/builds/xtensa-esp-elf/xtensa-esp-elf/include --with-newlib --enable-threads=no --disable-shared --with-pkgversion='crosstool-NG esp-15.2.0_20251204' --disable-__cxa_atexit --enable-cxx-flags='-ffunction-sections -fdata-sections' --disable-libgomp --disable-libmudflap --disable-libmpx --disable-libssp --disable-libquadmath --disable-libquadmath-support --disable-libstdcxx-verbose --with-gmp=/builds/idf/crosstool-NG/.build/xtensa-esp-elf/buildtools --with-mpfr=/builds/idf/crosstool-NG/.build/xtensa-esp-elf/buildtools --with-mpc=/builds/idf/crosstool-NG/.build/xtensa-esp-elf/buildtools --with-isl=/builds/idf/crosstool-NG/.build/xtensa-esp-elf/buildtools --enable-lto --enable-target-optspace --without-long-double-128 --enable-plugin --disable-nls --enable-multiarch --enable-languages=c c++ --disable-libstdcxx-verbose --enable-threads=posix --enable-libstdcxx-time=yes --disable-win32-utf8-manifest]
  ignore line: [Thread model: posix]
  ignore line: [Supported LTO compression algorithms: zlib zstd]
  ignore line: [gcc version 15.2.0 (crosstool-NG esp-15.2.0_20251204) ]
  ignore line: [COLLECT_GCC_OPTIONS='-mdynconfig=xtensa_esp32.so' '-v' '-o' 'CMakeFiles/cmTC_fe380.dir/CMakeCXXCompilerABI.cpp.obj' '-c' '-dumpdir' 'CMakeFiles/cmTC_fe380.dir/']
  ignore line: [ /home/student/.espressif/tools/xtensa-esp-elf/esp-15.2.0_20251204/xtensa-esp-elf/bin/../libexec/gcc/xtensa-esp-elf/15.2.0/cc1plus -quiet -v -imultilib esp32 -iprefix /home/student/.espressif/tools/xtensa-esp-elf/esp-15.2.0_20251204/xtensa-esp-elf/bin/../lib/gcc/xtensa-esp-elf/15.2.0/ -isysroot /home/student/.espressif/tools/xtensa-esp-elf/esp-15.2.0_20251204/xtensa-esp-elf/bin/../xtensa-esp-elf /usr/share/cmake-3.22/Modules/CMakeCXXCompilerABI.cpp -quiet -dumpdir CMakeFiles/cmTC_fe380.dir/ -dumpbase CMakeCXXCompilerABI.cpp.cpp -dumpbase-ext .cpp -mdynconfig=xtensa_esp32.so -version -o /tmp/ccGCCFO3.s]
  ignore line: [GNU C++17 (crosstool-NG esp-15.2.0_20251204) version 15.2.0 (xtensa-esp-elf)]
  ignore line: [	compiled by GNU C version 6.3.0  GMP version 6.3.0  MPFR version 4.2.1  MPC version 1.3.1  isl version isl-0.26-GMP]
  ignore line: []
  ignore line: [GGC heuristics: --param ggc-min-expand=100 --param ggc-min-heapsize=131072]
  ignore line: [ignoring duplicate directory "/home/student/.espressif/tools/xtensa-esp-elf/esp-15.2.0_20251204/xtensa-esp-elf/bin/../lib/gcc/../../lib/gcc/xtensa-esp-elf/15.2.0/../../../../xtensa-esp-elf/include/c++/15.2.0"]
  ignore line: [ignoring duplicate directory "/home/student/.espressif/tools/xtensa-esp-elf/esp-15.2.0_20251204/xtensa-esp-elf/bin/../lib/gcc/../../lib/gcc/xtensa-esp-elf/15.2.0/../../../../xtensa-esp-elf/include/c++/15.2.0/xtensa-esp-elf/esp32"]
  ignore line: [ignoring duplicate directory "/home/student/.espressif/tools/xtensa-esp-elf/esp-15.2.0_20251204/xtensa-esp-elf/bin/../lib/gcc/../../lib/gcc/xtensa-esp-elf/15.2.0/../../../../xtensa-esp-elf/include/c++/15.2.0/backward"]
  ignore line: [ignoring duplicate directory "/home/student/.espressif/tools/xtensa-esp-elf/esp-15.2.0_20251204/xtensa-esp-elf/bin/../lib/gcc/../../lib/gcc/xtensa-esp-elf/15.2.0/include"]
  ignore line: [ignoring nonexistent directory "/home/student/.espressif/tools/xtensa-esp-elf/esp-15.2.0_20251204/xtensa-esp-elf/bin/../xtensa-esp-elf/builds/idf/crosstool-NG/builds/xtensa-esp-elf/xtensa-esp-elf/include"]
  ignore line: [ignoring duplicate directory "/home/student/.espressif/tools/xtensa-esp-elf/esp-15.2.0_20251204/xtensa-esp-elf/bin/../lib/gcc/../../lib/gcc/xtensa-esp-elf/15.2.0/include-fixed"]
  ignore line: [ignoring duplicate directory "/home/student/.espressif/tools/xtensa-esp-elf/esp-15.2.0_20251204/xtensa-esp-elf/bin/../lib/gcc/../../lib/gcc/xtensa-esp-elf/15.2.0/../../../../xtensa-esp-elf/include"]
  ignore line: [ignoring duplicate directory "/home/student/.espressif/tools/xtensa-esp-elf/esp-15.2.0_20251204/xtensa-esp-elf/bin/../xtensa-esp-elf/include"]
  ignore line: [#include "..." search starts here:]
  ignore line: [#include <...> search starts here:]
  ignore line: [ /home/student/.espressif/tools/xtensa-esp-elf/esp-15.2.0_20251204/xtensa-esp-elf/bin/../lib/gcc/xtensa-esp-elf/15.2.0/../../../../xtensa-esp-elf/include/c++/15.2.0]
  ignore line: [ /home/student/.espressif/tools/xtensa-esp-elf/esp-15.2.0_20251204/xtensa-esp-elf/bin/../lib/gcc/xtensa-esp-elf/15.2.0/../../../../xtensa-esp-elf/include/c++/15.2.0/xtensa-esp-elf/esp32]
  ignore line: [ /home/student/.espressif/tools/xtensa-esp-elf/esp-15.2.0_20251204/xtensa-esp-elf/bin/../lib/gcc/xtensa-esp-elf/15.2.0/../../../../xtensa-esp-elf/include/c++/15.2.0/backward]
  ignore line: [ /home/student/.espressif/tools/xtensa-esp-elf/esp-15.2.0_20251204/xtensa-esp-elf/bin/../lib/gcc/xtensa-esp-elf/15.2.0/include]
  ignore line: [ /home/student/.espressif/tools/xtensa-esp-elf/esp-15.2.0_20251204/xtensa-esp-elf/bin/../lib/gcc/xtensa-esp-elf/15.2.0/include-fixed]
  ignore line: [ /home/student/.espressif/tools/xtensa-esp-elf/esp-15.2.0_20251204/xtensa-esp-elf/bin/../lib/gcc/xtensa-esp-elf/15.2.0/../../../../xtensa-esp-elf/include]
  ignore line: [End of search list.]
  ignore line: [Compiler executable checksum: ddaf5163ec1d262ade9e7a5c85eeee1b]
  ignore line: [COLLECT_GCC_OPTIONS='-mdynconfig=xtensa_esp32.so' '-v' '-o' 'CMakeFiles/cmTC_fe380.dir/CMakeCXXCompilerABI.cpp.obj' '-c' '-dumpdir' 'CMakeFiles/cmTC_fe380.dir/']
  ignore line: [ /home/student/.espressif/tools/xtensa-esp-elf/esp-15.2.0_20251204/xtensa-esp-elf/bin/../lib/gcc/xtensa-esp-elf/15.2.0/../../../../xtensa-esp-elf/bin/as --traditional-format --dynconfig=xtensa_esp32.so -o CMakeFiles/cmTC_fe380.dir/CMakeCXXCompilerABI.cpp.obj /tmp/ccGCCFO3.s]
  ignore line: [COMPILER_PATH=/home/student/.espressif/tools/xtensa-esp-elf/esp-15.2.0_20251204/xtensa-esp-elf/bin/../libexec/gcc/xtensa-esp-elf/15.2.0/:/home/student/.espressif/tools/xtensa-esp-elf/esp-15.2.0_20251204/xtensa-esp-elf/bin/../libexec/gcc/:/home/student/.espressif/tools/xtensa-esp-elf/esp-15.2.0_20251204/xtensa-esp-elf/bin/../lib/gcc/xtensa-esp-elf/15.2.0/../../../../xtensa-esp-elf/bin/]
  ignore line: [LIBRARY_PATH=/home/student/.espressif/tools/xtensa-esp-elf/esp-15.2.0_20251204/xtensa-esp-elf/bin/../lib/gcc/xtensa-esp-elf/15.2.0/esp32/:/home/student/.espressif/tools/xtensa-esp-elf/esp-15.2.0_20251204/xtensa-esp-elf/bin/../lib/gcc/xtensa-esp-elf/15.2.0/../../../../xtensa-esp-elf/lib/esp32/:/home/student/.espressif/tools/xtensa-esp-elf/esp-15.2.0_20251204/xtensa-esp-elf/bin/../xtensa-esp-elf/lib/esp32/:/home/student/.espressif/tools/xtensa-esp-elf/esp-15.2.0_20251204/xtensa-esp-elf/bin/../lib/gcc/xtensa-esp-elf/15.2.0/:/home/student/.espressif/tools/xtensa-esp-elf/esp-15.2.0_20251204/xtensa-esp-elf/bin/../lib/gcc/:/home/student/.espressif/tools/xtensa-esp-elf/esp-15.2.0_20251204/xtensa-esp-elf/bin/../lib/gcc/xtensa-esp-elf/15.2.0/../../../../xtensa-esp-elf/lib/:/home/student/.espressif/tools/xtensa-esp-elf/esp-15.2.0_20251204/xtensa-esp-elf/bin/../xtensa-esp-elf/lib/:/home/student/.espressif/tools/xtensa-esp-elf/esp-15.2.0_20251204/xtensa-esp-elf/bin/../xtensa-esp-elf/usr/lib/]
  ignore line: [COLLECT_GCC_OPTIONS='-mdynconfig=xtensa_esp32.so' '-v' '-o' 'CMakeFiles/cmTC_fe380.dir/CMakeCXXCompilerABI.cpp.obj' '-c' '-dumpdir' 'CMakeFiles/cmTC_fe380.dir/CMakeCXXCompilerABI.cpp.']
  ignore line: [[2/2] Linking CXX executable cmTC_fe380]
  ignore line: [Using built-in specs.]
  ignore line: [COLLECT_GCC=/home/student/.espressif/tools/xtensa-esp-elf/esp-15.2.0_20251204/xtensa-esp-elf/bin/xtensa-esp-elf-g++]
  ignore line: [COLLECT_LTO_WRAPPER=/home/student/.espressif/tools/xtensa-esp-elf/esp-15.2.0_20251204/xtensa-esp-elf/bin/../libexec/gcc/xtensa-esp-elf/15.2.0/lto-wrapper]
  ignore line: [Target: xtensa-esp-elf]
  ignore line: [Configured with: /builds/idf/crosstool-NG/.build/xtensa-esp-elf/src/gcc/configure --build=x86_64-build_pc-linux-gnu --host=x86_64-build_pc-linux-gnu --target=xtensa-esp-elf --prefix=/builds/idf/crosstool-NG/builds/xtensa-esp-elf --exec_prefix=/builds/idf/crosstool-NG/builds/xtensa-esp-elf --with-local-prefix=/builds/idf/crosstool-NG/builds/xtensa-esp-elf/xtensa-esp-elf --with-sysroot=/builds/idf/crosstool-NG/builds/xtensa-esp-elf/xtensa-esp-elf --with-native-system-header-dir=/include --with-headers=/builds/idf/crosstool-NG/builds/xtensa-esp-elf/xtensa-esp-elf/include --with-newlib --enable-threads=no --disable-shared --with-pkgversion='crosstool-NG esp-15.2.0_20251204' --disable-__cxa_atexit --enable-cxx-flags='-ffunction-sections -fdata-sections' --disable-libgomp --disable-libmudflap --disable-libmpx --disable-libssp --disable-libquadmath --disable-libquadmath-support --disable-libstdcxx-verbose --with-gmp=/builds/idf/crosstool-NG/.build/xtensa-esp-elf/buildtools --with-mpfr=/builds/idf/crosstool-NG/.build/xtensa-esp-elf/buildtools --with-mpc=/builds/idf/crosstool-NG/.build/xtensa-esp-elf/buildtools --with-isl=/builds/idf/crosstool-NG/.build/xtensa-esp-elf/buildtools --enable-lto --enable-target-optspace --without-long-double-128 --enable-plugin --disable-nls --enable-multiarch --enable-languages=c c++ --disable-libstdcxx-verbose --enable-threads=posix --enable-libstdcxx-time=yes --disable-win32-utf8-manifest]
  ignore line: [Thread model: posix]
  ignore line: [Supported LTO compression algorithms: zlib zstd]
  ignore line: [gcc version 15.2.0 (crosstool-NG esp-15.2.0_20251204) ]
  ignore line: [COMPILER_PATH=/home/student/.espressif/tools/xtensa-esp-elf/esp-15.2.0_20251204/xtensa-esp-elf/bin/../libexec/gcc/xtensa-esp-elf/15.2.0/:/home/student/.espressif/tools/xtensa-esp-elf/esp-15.2.0_20251204/xtensa-esp-elf/bin/../libexec/gcc/:/home/student/.espressif/tools/xtensa-esp-elf/esp-15.2.0_20251204/xtensa-esp-elf/bin/../lib/gcc/xtensa-esp-elf/15.2.0/../../../../xtensa-esp-elf/bin/]
  ignore line: [LIBRARY_PATH=/home/student/.espressif/tools/xtensa-esp-elf/esp-15.2.0_20251204/xtensa-esp-elf/bin/../lib/gcc/xtensa-esp-elf/15.2.0/esp32/:/home/student/.espressif/tools/xtensa-esp-elf/esp-15.2.0_20251204/xtensa-esp-elf/bin/../lib/gcc/xtensa-esp-elf/15.2.0/../../../../xtensa-esp-elf/lib/esp32/:/home/student/.espressif/tools/xtensa-esp-elf/esp-15.2.0_20251204/xtensa-esp-elf/bin/../xtensa-esp-elf/lib/esp32/:/home/student/.espressif/tools/xtensa-esp-elf/esp-15.2.0_20251204/xtensa-esp-elf/bin/../lib/gcc/xtensa-esp-elf/15.2.0/:/home/student/.espressif/tools/xtensa-esp-elf/esp-15.2.0_20251204/xtensa-esp-elf/bin/../lib/gcc/:/home/student/.espressif/tools/xtensa-esp-elf/esp-15.2.0_20251204/xtensa-esp-elf/bin/../lib/gcc/xtensa-esp-elf/15.2.0/../../../../xtensa-esp-elf/lib/:/home/student/.espressif/tools/xtensa-esp-elf/esp-15.2.0_20251204/xtensa-esp-elf/bin/../xtensa-esp-elf/lib/:/home/student/.espressif/tools/xtensa-esp-elf/esp-15.2.0_20251204/xtensa-esp-elf/bin/../xtensa-esp-elf/usr/lib/]
  ignore line: [COLLECT_GCC_OPTIONS='-mdynconfig=xtensa_esp32.so' '-v' '-o' 'cmTC_fe380' '-dumpdir' 'cmTC_fe380.']
  link line: [ /home/student/.espressif/tools/xtensa-esp-elf/esp-15.2.0_20251204/xtensa-esp-elf/bin/../libexec/gcc/xtensa-esp-elf/15.2.0/collect2 -plugin /home/student/.espressif/tools/xtensa-esp-elf/esp-15.2.0_20251204/xtensa-esp-elf/bin/../libexec/gcc/xtensa-esp-elf/15.2.0/liblto_plugin.so -plugin-opt=/home/student/.espressif/tools/xtensa-esp-elf/esp-15.2.0_20251204/xtensa-esp-elf/bin/../libexec/gcc/xtensa-esp-elf/15.2.0/lto-wrapper -plugin-opt=-fresolution=/tmp/ccFSqwwl.res -plugin-opt=-pass-through=-lgcc -plugin-opt=-pass-through=-lc -plugin-opt=-pass-through=-lnosys -plugin-opt=-pass-through=-lc -plugin-opt=-pass-through=-lgcc --sysroot=/home/student/.espressif/tools/xtensa-esp-elf/esp-15.2.0_20251204/xtensa-esp-elf/bin/../xtensa-esp-elf --dynconfig=xtensa_esp32.so -o cmTC_fe380 /home/student/.espressif/tools/xtensa-esp-elf/esp-15.2.0_20251204/xtensa-esp-elf/bin/../lib/gcc/xtensa-esp-elf/15.2.0/../../../../xtensa-esp-elf/lib/esp32/crt0.o /home/student/.espressif/tools/xtensa-esp-elf/esp-15.2.0_20251204/xtensa-esp-elf/bin/../lib/gcc/xtensa-esp-elf/15.2.0/esp32/crti.o /home/student/.espressif/tools/xtensa-esp-elf/esp-15.2.0_20251204/xtensa-esp-elf/bin/../lib/gcc/xtensa-esp-elf/15.2.0/esp32/crtbegin.o -L/home/student/.espressif/tools/xtensa-esp-elf/esp-15.2.0_20251204/xtensa-esp-elf/bin/../lib/gcc/xtensa-esp-elf/15.2.0/esp32 -L/home/student/.espressif/tools/xtensa-esp-elf/esp-15.2.0_20251204/xtensa-esp-elf/bin/../lib/gcc/xtensa-esp-elf/15.2.0/../../../../xtensa-esp-elf/lib/esp32 -L/home/student/.espressif/tools/xtensa-esp-elf/esp-15.2.0_20251204/xtensa-esp-elf/bin/../xtensa-esp-elf/lib/esp32 -L/home/student/.espressif/tools/xtensa-esp-elf/esp-15.2.0_20251204/xtensa-esp-elf/bin/../lib/gcc/xtensa-esp-elf/15.2.0 -L/home/student/.espressif/tools/xtensa-esp-elf/esp-15.2.0_20251204/xtensa-esp-elf/bin/../lib/gcc -L/home/student/.espressif/tools/xtensa-esp-elf/esp-15.2.0_20251204/xtensa-esp-elf/bin/../lib/gcc/xtensa-esp-elf/15.2.0/../../../../xtensa-esp-elf/lib -L/home/student/.espressif/tools/xtensa-esp-elf/esp-15.2.0_20251204/xtensa-esp-elf/bin/../xtensa-esp-elf/lib -L/home/student/.espressif/tools/xtensa-esp-elf/esp-15.2.0_20251204/xtensa-esp-elf/bin/../xtensa-esp-elf/usr/lib @/tmp/ccr9nHVe -lgcc -lc -lnosys -lc -lgcc /home/student/.espressif/tools/xtensa-esp-elf/esp-15.2.0_20251204/xtensa-esp-elf/bin/../lib/gcc/xtensa-esp-elf/15.2.0/esp32/crtend.o /home/student/.espressif/tools/xtensa-esp-elf/esp-15.2.0_20251204/xtensa-esp-elf/bin/../lib/gcc/xtensa-esp-elf/15.2.0/esp32/crtn.o]
    arg [/home/student/.espressif/tools/xtensa-esp-elf/esp-15.2.0_20251204/xtensa-esp-elf/bin/../libexec/gcc/xtensa-esp-elf/15.2.0/collect2] ==> ignore
    arg [-plugin] ==> ignore
    arg [/home/student/.espressif/tools/xtensa-esp-elf/esp-15.2.0_20251204/xtensa-esp-elf/bin/../libexec/gcc/xtensa-esp-elf/15.2.0/liblto_plugin.so] ==> ignore
    arg [-plugin-opt=/home/student/.espressif/tools/xtensa-esp-elf/esp-15.2.0_20251204/xtensa-esp-elf/bin/../libexec/gcc/xtensa-esp-elf/15.2.0/lto-wrapper] ==> ignore
    arg [-plugin-opt=-fresolution=/tmp/ccFSqwwl.res] ==> ignore
    arg [-plugin-opt=-pass-through=-lgcc] ==> ignore
    arg [-plugin-opt=-pass-through=-lc] ==> ignore
    arg [-plugin-opt=-pass-through=-lnosys] ==> ignore
    arg [-plugin-opt=-pass-through=-lc] ==> ignore
    arg [-plugin-opt=-pass-through=-lgcc] ==> ignore
    arg [--sysroot=/home/student/.espressif/tools/xtensa-esp-elf/esp-15.2.0_20251204/xtensa-esp-elf/bin/../xtensa-esp-elf] ==> ignore
    arg [--dynconfig=xtensa_esp32.so] ==> ignore
    arg [-o] ==> ignore
    arg [cmTC_fe380] ==> ignore
    arg [/home/student/.espressif/tools/xtensa-esp-elf/esp-15.2.0_20251204/xtensa-esp-elf/bin/../lib/gcc/xtensa-esp-elf/15.2.0/../../../../xtensa-esp-elf/lib/esp32/crt0.o] ==> obj [/home/student/.espressif/tools/xtensa-esp-elf/esp-15.2.0_20251204/xtensa-esp-elf/bin/../lib/gcc/xtensa-esp-elf/15.2.0/../../../../xtensa-esp-elf/lib/esp32/crt0.o]
    arg [/home/student/.espressif/tools/xtensa-esp-elf/esp-15.2.0_20251204/xtensa-esp-elf/bin/../lib/gcc/xtensa-esp-elf/15.2.0/esp32/crti.o] ==> obj [/home/student/.espressif/tools/xtensa-esp-elf/esp-15.2.0_20251204/xtensa-esp-elf/bin/../lib/gcc/xtensa-esp-elf/15.2.0/esp32/crti.o]
    arg [/home/student/.espressif/tools/xtensa-esp-elf/esp-15.2.0_20251204/xtensa-esp-elf/bin/../lib/gcc/xtensa-esp-elf/15.2.0/esp32/crtbegin.o] ==> obj [/home/student/.espressif/tools/xtensa-esp-elf/esp-15.2.0_20251204/xtensa-esp-elf/bin/../lib/gcc/xtensa-esp-elf/15.2.0/esp32/crtbegin.o]
    arg [-L/home/student/.espressif/tools/xtensa-esp-elf/esp-15.2.0_20251204/xtensa-esp-elf/bin/../lib/gcc/xtensa-esp-elf/15.2.0/esp32] ==> dir [/home/student/.espressif/tools/xtensa-esp-elf/esp-15.2.0_20251204/xtensa-esp-elf/bin/../lib/gcc/xtensa-esp-elf/15.2.0/esp32]
    arg [-L/home/student/.espressif/tools/xtensa-esp-elf/esp-15.2.0_20251204/xtensa-esp-elf/bin/../lib/gcc/xtensa-esp-elf/15.2.0/../../../../xtensa-esp-elf/lib/esp32] ==> dir [/home/student/.espressif/tools/xtensa-esp-elf/esp-15.2.0_20251204/xtensa-esp-elf/bin/../lib/gcc/xtensa-esp-elf/15.2.0/../../../../xtensa-esp-elf/lib/esp32]
    arg [-L/home/student/.espressif/tools/xtensa-esp-elf/esp-15.2.0_20251204/xtensa-esp-elf/bin/../xtensa-esp-elf/lib/esp32] ==> dir [/home/student/.espressif/tools/xtensa-esp-elf/esp-15.2.0_20251204/xtensa-esp-elf/bin/../xtensa-esp-elf/lib/esp32]
    arg [-L/home/student/.espressif/tools/xtensa-esp-elf/esp-15.2.0_20251204/xtensa-esp-elf/bin/../lib/gcc/xtensa-esp-elf/15.2.0] ==> dir [/home/student/.espressif/tools/xtensa-esp-elf/esp-15.2.0_20251204/xtensa-esp-elf/bin/../lib/gcc/xtensa-esp-elf/15.2.0]
    arg [-L/home/student/.espressif/tools/xtensa-esp-elf/esp-15.2.0_20251204/xtensa-esp-elf/bin/../lib/gcc] ==> dir [/home/student/.espressif/tools/xtensa-esp-elf/esp-15.2.0_20251204/xtensa-esp-elf/bin/../lib/gcc]
    arg [-L/home/student/.espressif/tools/xtensa-esp-elf/esp-15.2.0_20251204/xtensa-esp-elf/bin/../lib/gcc/xtensa-esp-elf/15.2.0/../../../../xtensa-esp-elf/lib] ==> dir [/home/student/.espressif/tools/xtensa-esp-elf/esp-15.2.0_20251204/xtensa-esp-elf/bin/../lib/gcc/xtensa-esp-elf/15.2.0/../../../../xtensa-esp-elf/lib]
    arg [-L/home/student/.espressif/tools/xtensa-esp-elf/esp-15.2.0_20251204/xtensa-esp-elf/bin/../xtensa-esp-elf/lib] ==> dir [/home/student/.espressif/tools/xtensa-esp-elf/esp-15.2.0_20251204/xtensa-esp-elf/bin/../xtensa-esp-elf/lib]
    arg [-L/home/student/.espressif/tools/xtensa-esp-elf/esp-15.2.0_20251204/xtensa-esp-elf/bin/../xtensa-esp-elf/usr/lib] ==> dir [/home/student/.espressif/tools/xtensa-esp-elf/esp-15.2.0_20251204/xtensa-esp-elf/bin/../xtensa-esp-elf/usr/lib]
    arg [@/tmp/ccr9nHVe] ==> ignore
    arg [-lgcc] ==> lib [gcc]
    arg [-lc] ==> lib [c]
    arg [-lnosys] ==> lib [nosys]
    arg [-lc] ==> lib [c]
    arg [-lgcc] ==> lib [gcc]
    arg [/home/student/.espressif/tools/xtensa-esp-elf/esp-15.2.0_20251204/xtensa-esp-elf/bin/../lib/gcc/xtensa-esp-elf/15.2.0/esp32/crtend.o] ==> obj [/home/student/.espressif/tools/xtensa-esp-elf/esp-15.2.0_20251204/xtensa-esp-elf/bin/../lib/gcc/xtensa-esp-elf/15.2.0/esp32/crtend.o]
    arg [/home/student/.espressif/tools/xtensa-esp-elf/esp-15.2.0_20251204/xtensa-esp-elf/bin/../lib/gcc/xtensa-esp-elf/15.2.0/esp32/crtn.o] ==> obj [/home/student/.espressif/tools/xtensa-esp-elf/esp-15.2.0_20251204/xtensa-esp-elf/bin/../lib/gcc/xtensa-esp-elf/15.2.0/esp32/crtn.o]
  collapse obj [/home/student/.espressif/tools/xtensa-esp-elf/esp-15.2.0_20251204/xtensa-esp-elf/bin/../lib/gcc/xtensa-esp-elf/15.2.0/../../../../xtensa-esp-elf/lib/esp32/crt0.o] ==> [/home/student/.espressif/tools/xtensa-esp-elf/esp-15.2.0_20251204/xtensa-esp-elf/xtensa-esp-elf/lib/esp32/crt0.o]
  collapse obj [/home/student/.espressif/tools/xtensa-esp-elf/esp-15.2.0_20251204/xtensa-esp-elf/bin/../lib/gcc/xtensa-esp-elf/15.2.0/esp32/crti.o] ==> [/home/student/.espressif/tools/xtensa-esp-elf/esp-15.2.0_20251204/xtensa-esp-elf/lib/gcc/xtensa-esp-elf/15.2.0/esp32/crti.o]
  collapse obj [/home/student/.espressif/tools/xtensa-esp-elf/esp-15.2.0_20251204/xtensa-esp-elf/bin/../lib/gcc/xtensa-esp-elf/15.2.0/esp32/crtbegin.o] ==> [/home/student/.espressif/tools/xtensa-esp-elf/esp-15.2.0_20251204/xtensa-esp-elf/lib/gcc/xtensa-esp-elf/15.2.0/esp32/crtbegin.o]
  collapse obj [/home/student/.espressif/tools/xtensa-esp-elf/esp-15.2.0_20251204/xtensa-esp-elf/bin/../lib/gcc/xtensa-esp-elf/15.2.0/esp32/crtend.o] ==> [/home/student/.espressif/tools/xtensa-esp-elf/esp-15.2.0_20251204/xtensa-esp-elf/lib/gcc/xtensa-esp-elf/15.2.0/esp32/crtend.o]
  collapse obj [/home/student/.espressif/tools/xtensa-esp-elf/esp-15.2.0_20251204/xtensa-esp-elf/bin/../lib/gcc/xtensa-esp-elf/15.2.0/esp32/crtn.o] ==> [/home/student/.espressif/tools/xtensa-esp-elf/esp-15.2.0_20251204/xtensa-esp-elf/lib/gcc/xtensa-esp-elf/15.2.0/esp32/crtn.o]
  collapse library dir [/home/student/.espressif/tools/xtensa-esp-elf/esp-15.2.0_20251204/xtensa-esp-elf/bin/../lib/gcc/xtensa-esp-elf/15.2.0/esp32] ==> [/home/student/.espressif/tools/xtensa-esp-elf/esp-15.2.0_20251204/xtensa-esp-elf/lib/gcc/xtensa-esp-elf/15.2.0/esp32]
  collapse library dir [/home/student/.espressif/tools/xtensa-esp-elf/esp-15.2.0_20251204/xtensa-esp-elf/bin/../lib/gcc/xtensa-esp-elf/15.2.0/../../../../xtensa-esp-elf/lib/esp32] ==> [/home/student/.espressif/tools/xtensa-esp-elf/esp-15.2.0_20251204/xtensa-esp-elf/xtensa-esp-elf/lib/esp32]
  collapse library dir [/home/student/.espressif/tools/xtensa-esp-elf/esp-15.2.0_20251204/xtensa-esp-elf/bin/../xtensa-esp-elf/lib/esp32] ==> [/home/student/.espressif/tools/xtensa-esp-elf/esp-15.2.0_20251204/xtensa-esp-elf/xtensa-esp-elf/lib/esp32]
  collapse library dir [/home/student/.espressif/tools/xtensa-esp-elf/esp-15.2.0_20251204/xtensa-esp-elf/bin/../lib/gcc/xtensa-esp-elf/15.2.0] ==> [/home/student/.espressif/tools/xtensa-esp-elf/esp-15.2.0_20251204/xtensa-esp-elf/lib/gcc/xtensa-esp-elf/15.2.0]
  collapse library dir [/home/student/.espressif/tools/xtensa-esp-elf/esp-15.2.0_20251204/xtensa-esp-elf/bin/../lib/gcc] ==> [/home/student/.espressif/tools/xtensa-esp-elf/esp-15.2.0_20251204/xtensa-esp-elf/lib/gcc]
  collapse library dir [/home/student/.espressif/tools/xtensa-esp-elf/esp-15.2.0_20251204/xtensa-esp-elf/bin/../lib/gcc/xtensa-esp-elf/15.2.0/../../../../xtensa-esp-elf/lib] ==> [/home/student/.espressif/tools/xtensa-esp-elf/esp-15.2.0_20251204/xtensa-esp-elf/xtensa-esp-elf/lib]
  collapse library dir [/home/student/.espressif/tools/xtensa-esp-elf/esp-15.2.0_20251204/xtensa-esp-elf/bin/../xtensa-esp-elf/lib] ==> [/home/student/.espressif/tools/xtensa-esp-elf/esp-15.2.0_20251204/xtensa-esp-elf/xtensa-esp-elf/lib]
  collapse library dir [/home/student/.espressif/tools/xtensa-esp-elf/esp-15.2.0_20251204/xtensa-esp-elf/bin/../xtensa-esp-elf/usr/lib] ==> [/home/student/.espressif/tools/xtensa-esp-elf/esp-15.2.0_20251204/xtensa-esp-elf/xtensa-esp-elf/usr/lib]
  implicit libs: [gcc;c;nosys;c;gcc]
  implicit objs: [/home/student/.espressif/tools/xtensa-esp-elf/esp-15.2.0_20251204/xtensa-esp-elf/xtensa-esp-elf/lib/esp32/crt0.o;/home/student/.espressif/tools/xtensa-esp-elf/esp-15.2.0_20251204/xtensa-esp-elf/lib/gcc/xtensa-esp-elf/15.2.0/esp32/crti.o;/home/student/.espressif/tools/xtensa-esp-elf/esp-15.2.0_20251204/xtensa-esp-elf/lib/gcc/xtensa-esp-elf/15.2.0/esp32/crtbegin.o;/home/student/.espressif/tools/xtensa-esp-elf/esp-15.2.0_20251204/xtensa-esp-elf/lib/gcc/xtensa-esp-elf/15.2.0/esp32/crtend.o;/home/student/.espressif/tools/xtensa-esp-elf/esp-15.2.0_20251204/xtensa-esp-elf/lib/gcc/xtensa-esp-elf/15.2.0/esp32/crtn.o]
  implicit dirs: [/home/student/.espressif/tools/xtensa-esp-elf/esp-15.2.0_20251204/xtensa-esp-elf/lib/gcc/xtensa-esp-elf/15.2.0/esp32;/home/student/.espressif/tools/xtensa-esp-elf/esp-15.2.0_20251204/xtensa-esp-elf/xtensa-esp-elf/lib/esp32;/home/student/.espressif/tools/xtensa-esp-elf/esp-15.2.0_20251204/xtensa-esp-elf/lib/gcc/xtensa-esp-elf/15.2.0;/home/student/.espressif/tools/xtensa-esp-elf/esp-15.2.0_20251204/xtensa-esp-elf/lib/gcc;/home/student/.espressif/tools/xtensa-esp-elf/esp-15.2.0_20251204/xtensa-esp-elf/xtensa-esp-elf/lib;/home/student/.espressif/tools/xtensa-esp-elf/esp-15.2.0_20251204/xtensa-esp-elf/xtensa-esp-elf/usr/lib]
  implicit fwks: []


Detecting C compiler ABI info compiled with the following output:
Change Dir: /home/student/Desktop/ProjekatDisplej/DisplayAudi/build/CMakeFiles/CMakeTmp

Run Build Command(s):/usr/bin/ninja cmTC_ee453 && [1/2] Building C object CMakeFiles/cmTC_ee453.dir/CMakeCCompilerABI.c.obj
Using built-in specs.
Reading specs from /home/student/Desktop/ProjekatDisplej/DisplayAudi/build/specs/picolibc.specs
rename spec link to picolibc_link
rename spec link_libgcc to picolibc_link_libgcc
rename spec cpp to picolibc_cpp
rename spec cc1 to picolibc_cc1
rename spec cc1plus to picolibc_cc1plus
COLLECT_GCC=/home/student/.espressif/tools/xtensa-esp-elf/esp-15.2.0_20251204/xtensa-esp-elf/bin/xtensa-esp-elf-gcc
Target: xtensa-esp-elf
Configured with: /builds/idf/crosstool-NG/.build/xtensa-esp-elf/src/gcc/configure --build=x86_64-build_pc-linux-gnu --host=x86_64-build_pc-linux-gnu --target=xtensa-esp-elf --prefix=/builds/idf/crosstool-NG/builds/xtensa-esp-elf --exec_prefix=/builds/idf/crosstool-NG/builds/xtensa-esp-elf --with-local-prefix=/builds/idf/crosstool-NG/builds/xtensa-esp-elf/xtensa-esp-elf --with-sysroot=/builds/idf/crosstool-NG/builds/xtensa-esp-elf/xtensa-esp-elf --with-native-system-header-dir=/include --with-headers=/builds/idf/crosstool-NG/builds/xtensa-esp-elf/xtensa-esp-elf/include --with-newlib --enable-threads=no --disable-shared --with-pkgversion='crosstool-NG esp-15.2.0_20251204' --disable-__cxa_atexit --enable-cxx-flags='-ffunction-sections -fdata-sections' --disable-libgomp --disable-libmudflap --disable-libmpx --disable-libssp --disable-libquadmath --disable-libquadmath-support --disable-libstdcxx-verbose --with-gmp=/builds/idf/crosstool-NG/.build/xtensa-esp-elf/buildtools --with-mpfr=/builds/idf/crosstool-NG/.build/xtensa-esp-elf/buildtools --with-mpc=/builds/idf/crosstool-NG/.build/xtensa-esp-elf/buildtools --with-isl=/builds/idf/crosstool-NG/.build/xtensa-esp-elf/buildtools --enable-lto --enable-target-optspace --without-long-double-128 --enable-plugin --disable-nls --enable-multiarch --enable-languages=c,c++ --disable-libstdcxx-verbose --enable-threads=posix --enable-libstdcxx-time=yes --disable-win32-utf8-manifest
Thread model: posix
Supported LTO compression algorithms: zlib zstd
gcc version 15.2.0 (crosstool-NG esp-15.2.0_20251204) 
COLLECT_GCC_OPTIONS='-mdynconfig=xtensa_esp32.so' '-Wno-frame-address' '-mlongcalls' '-fno-builtin-memcpy' '-fno-builtin-memset' '-fno-builtin-bzero' '-specs=/home/student/Desktop/ProjekatDisplej/DisplayAudi/build/specs/picolibc.specs' '-v' '-o' 'CMakeFiles/cmTC_ee453.dir/CMakeCCompilerABI.c.obj' '-c' '-dumpdir' 'CMakeFiles/cmTC_ee453.dir/'
 /home/student/.espressif/tools/xtensa-esp-elf/esp-15.2.0_20251204/xtensa-esp-elf/bin/../libexec/gcc/xtensa-esp-elf/15.2.0/cc1 -quiet -v -imultilib esp32 -iprefix /home/student/.espressif/tools/xtensa-esp-elf/esp-15.2.0_20251204/xtensa-esp-elf/bin/../lib/gcc/xtensa-esp-elf/15.2.0/ -isysroot /home/student/.espressif/tools/xtensa-esp-elf/esp-15.2.0_20251204/xtensa-esp-elf/bin/../xtensa-esp-elf -isystem /home/student/.espressif/tools/xtensa-esp-elf/esp-15.2.0_20251204/xtensa-esp-elf/bin/../xtensa-esp-elf/../picolibc/include -isystem /home/student/.espressif/tools/xtensa-esp-elf/esp-15.2.0_20251204/xtensa-esp-elf/bin/../xtensa-esp-elf/../picolibc/include/../xtensa-esp-elf/include/c++/15.2.0/xtensa-esp-elf/esp32 /usr/share/cmake-3.22/Modules/CMakeCCompilerABI.c -ftls-model=local-exec -quiet -dumpdir CMakeFiles/cmTC_ee453.dir/ -dumpbase CMakeCCompilerABI.c.c -dumpbase-ext .c -mdynconfig=xtensa_esp32.so -mlongcalls -Wno-frame-address -version -fno-builtin-memcpy -fno-builtin-memset -fno-builtin-bzero -o /tmp/cc3vQdEe.s
GNU C23 (crosstool-NG esp-15.2.0_20251204) version 15.2.0 (xtensa-esp-elf)
	compiled by GNU C version 6.3.0, GMP version 6.3.0, MPFR version 4.2.1, MPC version 1.3.1, isl version isl-0.26-GMP

GGC heuristics: --param ggc-min-expand=100 --param ggc-min-heapsize=131072
ignoring duplicate directory "/home/student/.espressif/tools/xtensa-esp-elf/esp-15.2.0_20251204/xtensa-esp-elf/bin/../lib/gcc/../../lib/gcc/xtensa-esp-elf/15.2.0/include"
ignoring nonexistent directory "/home/student/.espressif/tools/xtensa-esp-elf/esp-15.2.0_20251204/xtensa-esp-elf/bin/../xtensa-esp-elf/builds/idf/crosstool-NG/builds/xtensa-esp-elf/xtensa-esp-elf/include"
ignoring duplicate directory "/home/student/.espressif/tools/xtensa-esp-elf/esp-15.2.0_20251204/xtensa-esp-elf/bin/../lib/gcc/../../lib/gcc/xtensa-esp-elf/15.2.0/include-fixed"
ignoring duplicate directory "/home/student/.espressif/tools/xtensa-esp-elf/esp-15.2.0_20251204/xtensa-esp-elf/bin/../lib/gcc/../../lib/gcc/xtensa-esp-elf/15.2.0/../../../../xtensa-esp-elf/include"
ignoring duplicate directory "/home/student/.espressif/tools/xtensa-esp-elf/esp-15.2.0_20251204/xtensa-esp-elf/bin/../xtensa-esp-elf/include"
#include "..." search starts here:
#include <...> search starts here:
 /home/student/.espressif/tools/xtensa-esp-elf/esp-15.2.0_20251204/xtensa-esp-elf/bin/../xtensa-esp-elf/../picolibc/include
 /home/student/.espressif/tools/xtensa-esp-elf/esp-15.2.0_20251204/xtensa-esp-elf/bin/../xtensa-esp-elf/../picolibc/include/../xtensa-esp-elf/include/c++/15.2.0/xtensa-esp-elf/esp32
 /home/student/.espressif/tools/xtensa-esp-elf/esp-15.2.0_20251204/xtensa-esp-elf/bin/../lib/gcc/xtensa-esp-elf/15.2.0/include
 /home/student/.espressif/tools/xtensa-esp-elf/esp-15.2.0_20251204/xtensa-esp-elf/bin/../lib/gcc/xtensa-esp-elf/15.2.0/include-fixed
 /home/student/.espressif/tools/xtensa-esp-elf/esp-15.2.0_20251204/xtensa-esp-elf/bin/../lib/gcc/xtensa-esp-elf/15.2.0/../../../../xtensa-esp-elf/include
End of search list.
Compiler executable checksum: 023236c824ceaa5629805e8d1b1d2049
COLLECT_GCC_OPTIONS='-mdynconfig=xtensa_esp32.so' '-Wno-frame-address' '-mlongcalls' '-fno-builtin-memcpy' '-fno-builtin-memset' '-fno-builtin-bzero' '-specs=/home/student/Desktop/ProjekatDisplej/DisplayAudi/build/specs/picolibc.specs' '-v' '-o' 'CMakeFiles/cmTC_ee453.dir/CMakeCCompilerABI.c.obj' '-c' '-dumpdir' 'CMakeFiles/cmTC_ee453.dir/'
 /home/student/.espressif/tools/xtensa-esp-elf/esp-15.2.0_20251204/xtensa-esp-elf/bin/../lib/gcc/xtensa-esp-elf/15.2.0/../../../../xtensa-esp-elf/bin/as --traditional-format --longcalls --dynconfig=xtensa_esp32.so -o CMakeFiles/cmTC_ee453.dir/CMakeCCompilerABI.c.obj /tmp/cc3vQdEe.s
COMPILER_PATH=/home/student/.espressif/tools/xtensa-esp-elf/esp-15.2.0_20251204/xtensa-esp-elf/bin/../libexec/gcc/xtensa-esp-elf/15.2.0/:/home/student/.espressif/tools/xtensa-esp-elf/esp-15.2.0_20251204/xtensa-esp-elf/bin/../libexec/gcc/:/home/student/.espressif/tools/xtensa-esp-elf/esp-15.2.0_20251204/xtensa-esp-elf/bin/../lib/gcc/xtensa-esp-elf/15.2.0/../../../../xtensa-esp-elf/bin/
LIBRARY_PATH=/home/student/.espressif/tools/xtensa-esp-elf/esp-15.2.0_20251204/xtensa-esp-elf/bin/../lib/gcc/xtensa-esp-elf/15.2.0/esp32/:/home/student/.espressif/tools/xtensa-esp-elf/esp-15.2.0_20251204/xtensa-esp-elf/bin/../lib/gcc/xtensa-esp-elf/15.2.0/../../../../xtensa-esp-elf/lib/esp32/:/home/student/.espressif/tools/xtensa-esp-elf/esp-15.2.0_20251204/xtensa-esp-elf/bin/../xtensa-esp-elf/lib/esp32/:/home/student/.espressif/tools/xtensa-esp-elf/esp-15.2.0_20251204/xtensa-esp-elf/bin/../lib/gcc/xtensa-esp-elf/15.2.0/:/home/student/.espressif/tools/xtensa-esp-elf/esp-15.2.0_20251204/xtensa-esp-elf/bin/../lib/gcc/:/home/student/.espressif/tools/xtensa-esp-elf/esp-15.2.0_20251204/xtensa-esp-elf/bin/../lib/gcc/xtensa-esp-elf/15.2.0/../../../../xtensa-esp-elf/lib/:/home/student/.espressif/tools/xtensa-esp-elf/esp-15.2.0_20251204/xtensa-esp-elf/bin/../xtensa-esp-elf/lib/:/home/student/.espressif/tools/xtensa-esp-elf/esp-15.2.0_20251204/xtensa-esp-elf/bin/../xtensa-esp-elf/usr/lib/
COLLECT_GCC_OPTIONS='-mdynconfig=xtensa_esp32.so' '-Wno-frame-address' '-mlongcalls' '-fno-builtin-memcpy' '-fno-builtin-memset' '-fno-builtin-bzero' '-specs=/home/student/Desktop/ProjekatDisplej/DisplayAudi/build/specs/picolibc.specs' '-v' '-o' 'CMakeFiles/cmTC_ee453.dir/CMakeCCompilerABI.c.obj' '-c' '-dumpdir' 'CMakeFiles/cmTC_ee453.dir/CMakeCCompilerABI.c.'
[2/2] Linking C executable cmTC_ee453
Using built-in specs.
Reading specs from /home/student/Desktop/ProjekatDisplej/DisplayAudi/build/specs/picolibc.specs
rename spec link to picolibc_link
rename spec link_libgcc to picolibc_link_libgcc
rename spec cpp to picolibc_cpp
rename spec cc1 to picolibc_cc1
rename spec cc1plus to picolibc_cc1plus
COLLECT_GCC=/home/student/.espressif/tools/xtensa-esp-elf/esp-15.2.0_20251204/xtensa-esp-elf/bin/xtensa-esp-elf-gcc
COLLECT_LTO_WRAPPER=/home/student/.espressif/tools/xtensa-esp-elf/esp-15.2.0_20251204/xtensa-esp-elf/bin/../libexec/gcc/xtensa-esp-elf/15.2.0/lto-wrapper
Target: xtensa-esp-elf
Configured with: /builds/idf/crosstool-NG/.build/xtensa-esp-elf/src/gcc/configure --build=x86_64-build_pc-linux-gnu --host=x86_64-build_pc-linux-gnu --target=xtensa-esp-elf --prefix=/builds/idf/crosstool-NG/builds/xtensa-esp-elf --exec_prefix=/builds/idf/crosstool-NG/builds/xtensa-esp-elf --with-local-prefix=/builds/idf/crosstool-NG/builds/xtensa-esp-elf/xtensa-esp-elf --with-sysroot=/builds/idf/crosstool-NG/builds/xtensa-esp-elf/xtensa-esp-elf --with-native-system-header-dir=/include --with-headers=/builds/idf/crosstool-NG/builds/xtensa-esp-elf/xtensa-esp-elf/include --with-newlib --enable-threads=no --disable-shared --with-pkgversion='crosstool-NG esp-15.2.0_20251204' --disable-__cxa_atexit --enable-cxx-flags='-ffunction-sections -fdata-sections' --disable-libgomp --disable-libmudflap --disable-libmpx --disable-libssp --disable-libquadmath --disable-libquadmath-support --disable-libstdcxx-verbose --with-gmp=/builds/idf/crosstool-NG/.build/xtensa-esp-elf/buildtools --with-mpfr=/builds/idf/crosstool-NG/.build/xtensa-esp-elf/buildtools --with-mpc=/builds/idf/crosstool-NG/.build/xtensa-esp-elf/buildtools --with-isl=/builds/idf/crosstool-NG/.build/xtensa-esp-elf/buildtools --enable-lto --enable-target-optspace --without-long-double-128 --enable-plugin --disable-nls --enable-multiarch --enable-languages=c,c++ --disable-libstdcxx-verbose --enable-threads=posix --enable-libstdcxx-time=yes --disable-win32-utf8-manifest
Thread model: posix
Supported LTO compression algorithms: zlib zstd
gcc version 15.2.0 (crosstool-NG esp-15.2.0_20251204) 
COMPILER_PATH=/home/student/.espressif/tools/xtensa-esp-elf/esp-15.2.0_20251204/xtensa-esp-elf/bin/../libexec/gcc/xtensa-esp-elf/15.2.0/:/home/student/.espressif/tools/xtensa-esp-elf/esp-15.2.0_20251204/xtensa-esp-elf/bin/../libexec/gcc/:/home/student/.espressif/tools/xtensa-esp-elf/esp-15.2.0_20251204/xtensa-esp-elf/bin/../lib/gcc/xtensa-esp-elf/15.2.0/../../../../xtensa-esp-elf/bin/
LIBRARY_PATH=/home/student/.espressif/tools/xtensa-esp-elf/esp-15.2.0_20251204/xtensa-esp-elf/bin/../lib/gcc/xtensa-esp-elf/15.2.0/esp32/:/home/student/.espressif/tools/xtensa-esp-elf/esp-15.2.0_20251204/xtensa-esp-elf/bin/../lib/gcc/xtensa-esp-elf/15.2.0/../../../../xtensa-esp-elf/lib/esp32/:/home/student/.espressif/tools/xtensa-esp-elf/esp-15.2.0_20251204/xtensa-esp-elf/bin/../xtensa-esp-elf/lib/esp32/:/home/student/.espressif/tools/xtensa-esp-elf/esp-15.2.0_20251204/xtensa-esp-elf/bin/../lib/gcc/xtensa-esp-elf/15.2.0/:/home/student/.espressif/tools/xtensa-esp-elf/esp-15.2.0_20251204/xtensa-esp-elf/bin/../lib/gcc/:/home/student/.espressif/tools/xtensa-esp-elf/esp-15.2.0_20251204/xtensa-esp-elf/bin/../lib/gcc/xtensa-esp-elf/15.2.0/../../../../xtensa-esp-elf/lib/:/home/student/.espressif/tools/xtensa-esp-elf/esp-15.2.0_20251204/xtensa-esp-elf/bin/../xtensa-esp-elf/lib/:/home/student/.espressif/tools/xtensa-esp-elf/esp-15.2.0_20251204/xtensa-esp-elf/bin/../xtensa-esp-elf/usr/lib/
COLLECT_GCC_OPTIONS='-mdynconfig=xtensa_esp32.so' '-Wno-frame-address' '-mlongcalls' '-fno-builtin-memcpy' '-fno-builtin-memset' '-fno-builtin-bzero' '-specs=/home/student/Desktop/ProjekatDisplej/DisplayAudi/build/specs/picolibc.specs' '-nostartfiles' '-v' '-o' 'cmTC_ee453' '-dumpdir' 'cmTC_ee453.'
 /home/student/.espressif/tools/xtensa-esp-elf/esp-15.2.0_20251204/xtensa-esp-elf/bin/../libexec/gcc/xtensa-esp-elf/15.2.0/collect2 -plugin /home/student/.espressif/tools/xtensa-esp-elf/esp-15.2.0_20251204/xtensa-esp-elf/bin/../libexec/gcc/xtensa-esp-elf/15.2.0/liblto_plugin.so -plugin-opt=/home/student/.espressif/tools/xtensa-esp-elf/esp-15.2.0_20251204/xtensa-esp-elf/bin/../libexec/gcc/xtensa-esp-elf/15.2.0/lto-wrapper -plugin-opt=-fresolution=/tmp/ccj9I6Fc.res -plugin-opt=-pass-through=-lgcc -plugin-opt=-pass-through=-lgcc -plugin-opt=-pass-through=-lc -plugin-opt=-pass-through=-lgcc -L/home/student/.espressif/tools/xtensa-esp-elf/esp-15.2.0_20251204/xtensa-esp-elf/bin/../xtensa-esp-elf/../picolibc/xtensa-esp-elf/lib/esp32 -L/home/student/.espressif/tools/xtensa-esp-elf/esp-15.2.0_20251204/xtensa-esp-elf/bin/../xtensa-esp-elf/../picolibc/xtensa-esp-elf/lib -Tpicolibc.ld --sysroot=/home/student/.espressif/tools/xtensa-esp-elf/esp-15.2.0_20251204/xtensa-esp-elf/bin/../xtensa-esp-elf --dynconfig=xtensa_esp32.so -o cmTC_ee453 -L/home/student/.espressif/tools/xtensa-esp-elf/esp-15.2.0_20251204/xtensa-esp-elf/bin/../xtensa-esp-elf/../picolibc/lib/gcc/xtensa-esp-elf/15.2.0/esp32 -L/home/student/.espressif/tools/xtensa-esp-elf/esp-15.2.0_20251204/xtensa-esp-elf/bin/../xtensa-esp-elf/../picolibc/lib/gcc/xtensa-esp-elf/15.2.0 -L/home/student/.espressif/tools/xtensa-esp-elf/esp-15.2.0_20251204/xtensa-esp-elf/bin/../lib/gcc/xtensa-esp-elf/15.2.0/esp32 -L/home/student/.espressif/tools/xtensa-esp-elf/esp-15.2.0_20251204/xtensa-esp-elf/bin/../lib/gcc/xtensa-esp-elf/15.2.0/../../../../xtensa-esp-elf/lib/esp32 -L/home/student/.espressif/tools/xtensa-esp-elf/esp-15.2.0_20251204/xtensa-esp-elf/bin/../xtensa-esp-elf/lib/esp32 -L/home/student/.espressif/tools/xtensa-esp-elf/esp-15.2.0_20251204/xtensa-esp-elf/bin/../lib/gcc/xtensa-esp-elf/15.2.0 -L/home/student/.espressif/tools/xtensa-esp-elf/esp-15.2.0_20251204/xtensa-esp-elf/bin/../lib/gcc -L/home/student/.espressif/tools/xtensa-esp-elf/esp-15.2.0_20251204/xtensa-esp-elf/bin/../lib/gcc/xtensa-esp-elf/15.2.0/../../../../xtensa-esp-elf/lib -L/home/student/.espressif/tools/xtensa-esp-elf/esp-15.2.0_20251204/xtensa-esp-elf/bin/../xtensa-esp-elf/lib -L/home/student/.espressif/tools/xtensa-esp-elf/esp-15.2.0_20251204/xtensa-esp-elf/bin/../xtensa-esp-elf/usr/lib @/tmp/ccxjH7Ge -lgcc --start-group -lgcc -lc --end-group -lgcc
/home/student/.espressif/tools/xtensa-esp-elf/esp-15.2.0_20251204/xtensa-esp-elf/bin/../lib/gcc/xtensa-esp-elf/15.2.0/../../../../xtensa-esp-elf/bin/ld: warning: cannot find entry symbol _start; defaulting to 10000000
COLLECT_GCC_OPTIONS='-mdynconfig=xtensa_esp32.so' '-Wno-frame-address' '-mlongcalls' '-fno-builtin-memcpy' '-fno-builtin-memset' '-fno-builtin-bzero' '-specs=/home/student/Desktop/ProjekatDisplej/DisplayAudi/build/specs/picolibc.specs' '-nostartfiles' '-v' '-o' 'cmTC_ee453' '-dumpdir' 'cmTC_ee453.'



Parsed C implicit include dir info from above output: rv=done
  found start of include info
  found start of implicit include info
    add: [/home/student/.espressif/tools/xtensa-esp-elf/esp-15.2.0_20251204/xtensa-esp-elf/bin/../xtensa-esp-elf/../picolibc/include]
    add: [/home/student/.espressif/tools/xtensa-esp-elf/esp-15.2.0_20251204/xtensa-esp-elf/bin/../xtensa-esp-elf/../picolibc/include/../xtensa-esp-elf/include/c++/15.2.0/xtensa-esp-elf/esp32]
    add: [/home/student/.espressif/tools/xtensa-esp-elf/esp-15.2.0_20251204/xtensa-esp-elf/bin/../lib/gcc/xtensa-esp-elf/15.2.0/include]
    add: [/home/student/.espressif/tools/xtensa-esp-elf/esp-15.2.0_20251204/xtensa-esp-elf/bin/../lib/gcc/xtensa-esp-elf/15.2.0/include-fixed]
    add: [/home/student/.espressif/tools/xtensa-esp-elf/esp-15.2.0_20251204/xtensa-esp-elf/bin/../lib/gcc/xtensa-esp-elf/15.2.0/../../../../xtensa-esp-elf/include]
  end of search list found
  collapse include dir [/home/student/.espressif/tools/xtensa-esp-elf/esp-15.2.0_20251204/xtensa-esp-elf/bin/../xtensa-esp-elf/../picolibc/include] ==> [/home/student/.espressif/tools/xtensa-esp-elf/esp-15.2.0_20251204/xtensa-esp-elf/picolibc/include]
  collapse include dir [/home/student/.espressif/tools/xtensa-esp-elf/esp-15.2.0_20251204/xtensa-esp-elf/bin/../xtensa-esp-elf/../picolibc/include/../xtensa-esp-elf/include/c++/15.2.0/xtensa-esp-elf/esp32] ==> [/home/student/.espressif/tools/xtensa-esp-elf/esp-15.2.0_20251204/xtensa-esp-elf/picolibc/xtensa-esp-elf/include/c++/15.2.0/xtensa-esp-elf/esp32]
  collapse include dir [/home/student/.espressif/tools/xtensa-esp-elf/esp-15.2.0_20251204/xtensa-esp-elf/bin/../lib/gcc/xtensa-esp-elf/15.2.0/include] ==> [/home/student/.espressif/tools/xtensa-esp-elf/esp-15.2.0_20251204/xtensa-esp-elf/lib/gcc/xtensa-esp-elf/15.2.0/include]
  collapse include dir [/home/student/.espressif/tools/xtensa-esp-elf/esp-15.2.0_20251204/xtensa-esp-elf/bin/../lib/gcc/xtensa-esp-elf/15.2.0/include-fixed] ==> [/home/student/.espressif/tools/xtensa-esp-elf/esp-15.2.0_20251204/xtensa-esp-elf/lib/gcc/xtensa-esp-elf/15.2.0/include-fixed]
  collapse include dir [/home/student/.espressif/tools/xtensa-esp-elf/esp-15.2.0_20251204/xtensa-esp-elf/bin/../lib/gcc/xtensa-esp-elf/15.2.0/../../../../xtensa-esp-elf/include] ==> [/home/student/.espressif/tools/xtensa-esp-elf/esp-15.2.0_20251204/xtensa-esp-elf/xtensa-esp-elf/include]
  implicit include dirs: [/home/student/.espressif/tools/xtensa-esp-elf/esp-15.2.0_20251204/xtensa-esp-elf/picolibc/include;/home/student/.espressif/tools/xtensa-esp-elf/esp-15.2.0_20251204/xtensa-esp-elf/picolibc/xtensa-esp-elf/include/c++/15.2.0/xtensa-esp-elf/esp32;/home/student/.espressif/tools/xtensa-esp-elf/esp-15.2.0_20251204/xtensa-esp-elf/lib/gcc/xtensa-esp-elf/15.2.0/include;/home/student/.espressif/tools/xtensa-esp-elf/esp-15.2.0_20251204/xtensa-esp-elf/lib/gcc/xtensa-esp-elf/15.2.0/include-fixed;/home/student/.espressif/tools/xtensa-esp-elf/esp-15.2.0_20251204/xtensa-esp-elf/xtensa-esp-elf/include]


Parsed C implicit link information from above output:
  link line regex: [^( *|.*[/\])(xtensa-esp32-elf-ld|CMAKE_LINK_STARTFILE-NOTFOUND|([^/\]+-)?ld|collect2)[^/\]*( |$)]
  ignore line: [Change Dir: /home/student/Desktop/ProjekatDisplej/DisplayAudi/build/CMakeFiles/CMakeTmp]
  ignore line: []
  ignore line: [Run Build Command(s):/usr/bin/ninja cmTC_ee453 && [1/2] Building C object CMakeFiles/cmTC_ee453.dir/CMakeCCompilerABI.c.obj]
  ignore line: [Using built-in specs.]
  ignore line: [Reading specs from /home/student/Desktop/ProjekatDisplej/DisplayAudi/build/specs/picolibc.specs]
  ignore line: [rename spec link to picolibc_link]
  ignore line: [rename spec link_libgcc to picolibc_link_libgcc]
  ignore line: [rename spec cpp to picolibc_cpp]
  ignore line: [rename spec cc1 to picolibc_cc1]
  ignore line: [rename spec cc1plus to picolibc_cc1plus]
  ignore line: [COLLECT_GCC=/home/student/.espressif/tools/xtensa-esp-elf/esp-15.2.0_20251204/xtensa-esp-elf/bin/xtensa-esp-elf-gcc]
  ignore line: [Target: xtensa-esp-elf]
  ignore line: [Configured with: /builds/idf/crosstool-NG/.build/xtensa-esp-elf/src/gcc/configure --build=x86_64-build_pc-linux-gnu --host=x86_64-build_pc-linux-gnu --target=xtensa-esp-elf --prefix=/builds/idf/crosstool-NG/builds/xtensa-esp-elf --exec_prefix=/builds/idf/crosstool-NG/builds/xtensa-esp-elf --with-local-prefix=/builds/idf/crosstool-NG/builds/xtensa-esp-elf/xtensa-esp-elf --with-sysroot=/builds/idf/crosstool-NG/builds/xtensa-esp-elf/xtensa-esp-elf --with-native-system-header-dir=/include --with-headers=/builds/idf/crosstool-NG/builds/xtensa-esp-elf/xtensa-esp-elf/include --with-newlib --enable-threads=no --disable-shared --with-pkgversion='crosstool-NG esp-15.2.0_20251204' --disable-__cxa_atexit --enable-cxx-flags='-ffunction-sections -fdata-sections' --disable-libgomp --disable-libmudflap --disable-libmpx --disable-libssp --disable-libquadmath --disable-libquadmath-support --disable-libstdcxx-verbose --with-gmp=/builds/idf/crosstool-NG/.build/xtensa-esp-elf/buildtools --with-mpfr=/builds/idf/crosstool-NG/.build/xtensa-esp-elf/buildtools --with-mpc=/builds/idf/crosstool-NG/.build/xtensa-esp-elf/buildtools --with-isl=/builds/idf/crosstool-NG/.build/xtensa-esp-elf/buildtools --enable-lto --enable-target-optspace --without-long-double-128 --enable-plugin --disable-nls --enable-multiarch --enable-languages=c c++ --disable-libstdcxx-verbose --enable-threads=posix --enable-libstdcxx-time=yes --disable-win32-utf8-manifest]
  ignore line: [Thread model: posix]
  ignore line: [Supported LTO compression algorithms: zlib zstd]
  ignore line: [gcc version 15.2.0 (crosstool-NG esp-15.2.0_20251204) ]
  ignore line: [COLLECT_GCC_OPTIONS='-mdynconfig=xtensa_esp32.so' '-Wno-frame-address' '-mlongcalls' '-fno-builtin-memcpy' '-fno-builtin-memset' '-fno-builtin-bzero' '-specs=/home/student/Desktop/ProjekatDisplej/DisplayAudi/build/specs/picolibc.specs' '-v' '-o' 'CMakeFiles/cmTC_ee453.dir/CMakeCCompilerABI.c.obj' '-c' '-dumpdir' 'CMakeFiles/cmTC_ee453.dir/']
  ignore line: [ /home/student/.espressif/tools/xtensa-esp-elf/esp-15.2.0_20251204/xtensa-esp-elf/bin/../libexec/gcc/xtensa-esp-elf/15.2.0/cc1 -quiet -v -imultilib esp32 -iprefix /home/student/.espressif/tools/xtensa-esp-elf/esp-15.2.0_20251204/xtensa-esp-elf/bin/../lib/gcc/xtensa-esp-elf/15.2.0/ -isysroot /home/student/.espressif/tools/xtensa-esp-elf/esp-15.2.0_20251204/xtensa-esp-elf/bin/../xtensa-esp-elf -isystem /home/student/.espressif/tools/xtensa-esp-elf/esp-15.2.0_20251204/xtensa-esp-elf/bin/../xtensa-esp-elf/../picolibc/include -isystem /home/student/.espressif/tools/xtensa-esp-elf/esp-15.2.0_20251204/xtensa-esp-elf/bin/../xtensa-esp-elf/../picolibc/include/../xtensa-esp-elf/include/c++/15.2.0/xtensa-esp-elf/esp32 /usr/share/cmake-3.22/Modules/CMakeCCompilerABI.c -ftls-model=local-exec -quiet -dumpdir CMakeFiles/cmTC_ee453.dir/ -dumpbase CMakeCCompilerABI.c.c -dumpbase-ext .c -mdynconfig=xtensa_esp32.so -mlongcalls -Wno-frame-address -version -fno-builtin-memcpy -fno-builtin-memset -fno-builtin-bzero -o /tmp/cc3vQdEe.s]
  ignore line: [GNU C23 (crosstool-NG esp-15.2.0_20251204) version 15.2.0 (xtensa-esp-elf)]
  ignore line: [	compiled by GNU C version 6.3.0  GMP version 6.3.0  MPFR version 4.2.1  MPC version 1.3.1  isl version isl-0.26-GMP]
  ignore line: []
  ignore line: [GGC heuristics: --param ggc-min-expand=100 --param ggc-min-heapsize=131072]
  ignore line: [ignoring duplicate directory "/home/student/.espressif/tools/xtensa-esp-elf/esp-15.2.0_20251204/xtensa-esp-elf/bin/../lib/gcc/../../lib/gcc/xtensa-esp-elf/15.2.0/include"]
  ignore line: [ignoring nonexistent directory "/home/student/.espressif/tools/xtensa-esp-elf/esp-15.2.0_20251204/xtensa-esp-elf/bin/../xtensa-esp-elf/builds/idf/crosstool-NG/builds/xtensa-esp-elf/xtensa-esp-elf/include"]
  ignore line: [ignoring duplicate directory "/home/student/.espressif/tools/xtensa-esp-elf/esp-15.2.0_20251204/xtensa-esp-elf/bin/../lib/gcc/../../lib/gcc/xtensa-esp-elf/15.2.0/include-fixed"]
  ignore line: [ignoring duplicate directory "/home/student/.espressif/tools/xtensa-esp-elf/esp-15.2.0_20251204/xtensa-esp-elf/bin/../lib/gcc/../../lib/gcc/xtensa-esp-elf/15.2.0/../../../../xtensa-esp-elf/include"]
  ignore line: [ignoring duplicate directory "/home/student/.espressif/tools/xtensa-esp-elf/esp-15.2.0_20251204/xtensa-esp-elf/bin/../xtensa-esp-elf/include"]
  ignore line: [#include "..." search starts here:]
  ignore line: [#include <...> search starts here:]
  ignore line: [ /home/student/.espressif/tools/xtensa-esp-elf/esp-15.2.0_20251204/xtensa-esp-elf/bin/../xtensa-esp-elf/../picolibc/include]
  ignore line: [ /home/student/.espressif/tools/xtensa-esp-elf/esp-15.2.0_20251204/xtensa-esp-elf/bin/../xtensa-esp-elf/../picolibc/include/../xtensa-esp-elf/include/c++/15.2.0/xtensa-esp-elf/esp32]
  ignore line: [ /home/student/.espressif/tools/xtensa-esp-elf/esp-15.2.0_20251204/xtensa-esp-elf/bin/../lib/gcc/xtensa-esp-elf/15.2.0/include]
  ignore line: [ /home/student/.espressif/tools/xtensa-esp-elf/esp-15.2.0_20251204/xtensa-esp-elf/bin/../lib/gcc/xtensa-esp-elf/15.2.0/include-fixed]
  ignore line: [ /home/student/.espressif/tools/xtensa-esp-elf/esp-15.2.0_20251204/xtensa-esp-elf/bin/../lib/gcc/xtensa-esp-elf/15.2.0/../../../../xtensa-esp-elf/include]
  ignore line: [End of search list.]
  ignore line: [Compiler executable checksum: 023236c824ceaa5629805e8d1b1d2049]
  ignore line: [COLLECT_GCC_OPTIONS='-mdynconfig=xtensa_esp32.so' '-Wno-frame-address' '-mlongcalls' '-fno-builtin-memcpy' '-fno-builtin-memset' '-fno-builtin-bzero' '-specs=/home/student/Desktop/ProjekatDisplej/DisplayAudi/build/specs/picolibc.specs' '-v' '-o' 'CMakeFiles/cmTC_ee453.dir/CMakeCCompilerABI.c.obj' '-c' '-dumpdir' 'CMakeFiles/cmTC_ee453.dir/']
  ignore line: [ /home/student/.espressif/tools/xtensa-esp-elf/esp-15.2.0_20251204/xtensa-esp-elf/bin/../lib/gcc/xtensa-esp-elf/15.2.0/../../../../xtensa-esp-elf/bin/as --traditional-format --longcalls --dynconfig=xtensa_esp32.so -o CMakeFiles/cmTC_ee453.dir/CMakeCCompilerABI.c.obj /tmp/cc3vQdEe.s]
  ignore line: [COMPILER_PATH=/home/student/.espressif/tools/xtensa-esp-elf/esp-15.2.0_20251204/xtensa-esp-elf/bin/../libexec/gcc/xtensa-esp-elf/15.2.0/:/home/student/.espressif/tools/xtensa-esp-elf/esp-15.2.0_20251204/xtensa-esp-elf/bin/../libexec/gcc/:/home/student/.espressif/tools/xtensa-esp-elf/esp-15.2.0_20251204/xtensa-esp-elf/bin/../lib/gcc/xtensa-esp-elf/15.2.0/../../../../xtensa-esp-elf/bin/]
  ignore line: [LIBRARY_PATH=/home/student/.espressif/tools/xtensa-esp-elf/esp-15.2.0_20251204/xtensa-esp-elf/bin/../lib/gcc/xtensa-esp-elf/15.2.0/esp32/:/home/student/.espressif/tools/xtensa-esp-elf/esp-15.2.0_20251204/xtensa-esp-elf/bin/../lib/gcc/xtensa-esp-elf/15.2.0/../../../../xtensa-esp-elf/lib/esp32/:/home/student/.espressif/tools/xtensa-esp-elf/esp-15.2.0_20251204/xtensa-esp-elf/bin/../xtensa-esp-elf/lib/esp32/:/home/student/.espressif/tools/xtensa-esp-elf/esp-15.2.0_20251204/xtensa-esp-elf/bin/../lib/gcc/xtensa-esp-elf/15.2.0/:/home/student/.espressif/tools/xtensa-esp-elf/esp-15.2.0_20251204/xtensa-esp-elf/bin/../lib/gcc/:/home/student/.espressif/tools/xtensa-esp-elf/esp-15.2.0_20251204/xtensa-esp-elf/bin/../lib/gcc/xtensa-esp-elf/15.2.0/../../../../xtensa-esp-elf/lib/:/home/student/.espressif/tools/xtensa-esp-elf/esp-15.2.0_20251204/xtensa-esp-elf/bin/../xtensa-esp-elf/lib/:/home/student/.espressif/tools/xtensa-esp-elf/esp-15.2.0_20251204/xtensa-esp-elf/bin/../xtensa-esp-elf/usr/lib/]
  ignore line: [COLLECT_GCC_OPTIONS='-mdynconfig=xtensa_esp32.so' '-Wno-frame-address' '-mlongcalls' '-fno-builtin-memcpy' '-fno-builtin-memset' '-fno-builtin-bzero' '-specs=/home/student/Desktop/ProjekatDisplej/DisplayAudi/build/specs/picolibc.specs' '-v' '-o' 'CMakeFiles/cmTC_ee453.dir/CMakeCCompilerABI.c.obj' '-c' '-dumpdir' 'CMakeFiles/cmTC_ee453.dir/CMakeCCompilerABI.c.']
  ignore line: [[2/2] Linking C executable cmTC_ee453]
  ignore line: [Using built-in specs.]
  ignore line: [Reading specs from /home/student/Desktop/ProjekatDisplej/DisplayAudi/build/specs/picolibc.specs]
  ignore line: [rename spec link to picolibc_link]
  ignore line: [rename spec link_libgcc to picolibc_link_libgcc]
  ignore line: [rename spec cpp to picolibc_cpp]
  ignore line: [rename spec cc1 to picolibc_cc1]
  ignore line: [rename spec cc1plus to picolibc_cc1plus]
  ignore line: [COLLECT_GCC=/home/student/.espressif/tools/xtensa-esp-elf/esp-15.2.0_20251204/xtensa-esp-elf/bin/xtensa-esp-elf-gcc]
  ignore line: [COLLECT_LTO_WRAPPER=/home/student/.espressif/tools/xtensa-esp-elf/esp-15.2.0_20251204/xtensa-esp-elf/bin/../libexec/gcc/xtensa-esp-elf/15.2.0/lto-wrapper]
  ignore line: [Target: xtensa-esp-elf]
  ignore line: [Configured with: /builds/idf/crosstool-NG/.build/xtensa-esp-elf/src/gcc/configure --build=x86_64-build_pc-linux-gnu --host=x86_64-build_pc-linux-gnu --target=xtensa-esp-elf --prefix=/builds/idf/crosstool-NG/builds/xtensa-esp-elf --exec_prefix=/builds/idf/crosstool-NG/builds/xtensa-esp-elf --with-local-prefix=/builds/idf/crosstool-NG/builds/xtensa-esp-elf/xtensa-esp-elf --with-sysroot=/builds/idf/crosstool-NG/builds/xtensa-esp-elf/xtensa-esp-elf --with-native-system-header-dir=/include --with-headers=/builds/idf/crosstool-NG/builds/xtensa-esp-elf/xtensa-esp-elf/include --with-newlib --enable-threads=no --disable-shared --with-pkgversion='crosstool-NG esp-15.2.0_20251204' --disable-__cxa_atexit --enable-cxx-flags='-ffunction-sections -fdata-sections' --disable-libgomp --disable-libmudflap --disable-libmpx --disable-libssp --disable-libquadmath --disable-libquadmath-support --disable-libstdcxx-verbose --with-gmp=/builds/idf/crosstool-NG/.build/xtensa-esp-elf/buildtools --with-mpfr=/builds/idf/crosstool-NG/.build/xtensa-esp-elf/buildtools --with-mpc=/builds/idf/crosstool-NG/.build/xtensa-esp-elf/buildtools --with-isl=/builds/idf/crosstool-NG/.build/xtensa-esp-elf/buildtools --enable-lto --enable-target-optspace --without-long-double-128 --enable-plugin --disable-nls --enable-multiarch --enable-languages=c c++ --disable-libstdcxx-verbose --enable-threads=posix --enable-libstdcxx-time=yes --disable-win32-utf8-manifest]
  ignore line: [Thread model: posix]
  ignore line: [Supported LTO compression algorithms: zlib zstd]
  ignore line: [gcc version 15.2.0 (crosstool-NG esp-15.2.0_20251204) ]
  ignore line: [COMPILER_PATH=/home/student/.espressif/tools/xtensa-esp-elf/esp-15.2.0_20251204/xtensa-esp-elf/bin/../libexec/gcc/xtensa-esp-elf/15.2.0/:/home/student/.espressif/tools/xtensa-esp-elf/esp-15.2.0_20251204/xtensa-esp-elf/bin/../libexec/gcc/:/home/student/.espressif/tools/xtensa-esp-elf/esp-15.2.0_20251204/xtensa-esp-elf/bin/../lib/gcc/xtensa-esp-elf/15.2.0/../../../../xtensa-esp-elf/bin/]
  ignore line: [LIBRARY_PATH=/home/student/.espressif/tools/xtensa-esp-elf/esp-15.2.0_20251204/xtensa-esp-elf/bin/../lib/gcc/xtensa-esp-elf/15.2.0/esp32/:/home/student/.espressif/tools/xtensa-esp-elf/esp-15.2.0_20251204/xtensa-esp-elf/bin/../lib/gcc/xtensa-esp-elf/15.2.0/../../../../xtensa-esp-elf/lib/esp32/:/home/student/.espressif/tools/xtensa-esp-elf/esp-15.2.0_20251204/xtensa-esp-elf/bin/../xtensa-esp-elf/lib/esp32/:/home/student/.espressif/tools/xtensa-esp-elf/esp-15.2.0_20251204/xtensa-esp-elf/bin/../lib/gcc/xtensa-esp-elf/15.2.0/:/home/student/.espressif/tools/xtensa-esp-elf/esp-15.2.0_20251204/xtensa-esp-elf/bin/../lib/gcc/:/home/student/.espressif/tools/xtensa-esp-elf/esp-15.2.0_20251204/xtensa-esp-elf/bin/../lib/gcc/xtensa-esp-elf/15.2.0/../../../../xtensa-esp-elf/lib/:/home/student/.espressif/tools/xtensa-esp-elf/esp-15.2.0_20251204/xtensa-esp-elf/bin/../xtensa-esp-elf/lib/:/home/student/.espressif/tools/xtensa-esp-elf/esp-15.2.0_20251204/xtensa-esp-elf/bin/../xtensa-esp-elf/usr/lib/]
  ignore line: [COLLECT_GCC_OPTIONS='-mdynconfig=xtensa_esp32.so' '-Wno-frame-address' '-mlongcalls' '-fno-builtin-memcpy' '-fno-builtin-memset' '-fno-builtin-bzero' '-specs=/home/student/Desktop/ProjekatDisplej/DisplayAudi/build/specs/picolibc.specs' '-nostartfiles' '-v' '-o' 'cmTC_ee453' '-dumpdir' 'cmTC_ee453.']
  link line: [ /home/student/.espressif/tools/xtensa-esp-elf/esp-15.2.0_20251204/xtensa-esp-elf/bin/../libexec/gcc/xtensa-esp-elf/15.2.0/collect2 -plugin /home/student/.espressif/tools/xtensa-esp-elf/esp-15.2.0_20251204/xtensa-esp-elf/bin/../libexec/gcc/xtensa-esp-elf/15.2.0/liblto_plugin.so -plugin-opt=/home/student/.espressif/tools/xtensa-esp-elf/esp-15.2.0_20251204/xtensa-esp-elf/bin/../libexec/gcc/xtensa-esp-elf/15.2.0/lto-wrapper -plugin-opt=-fresolution=/tmp/ccj9I6Fc.res -plugin-opt=-pass-through=-lgcc -plugin-opt=-pass-through=-lgcc -plugin-opt=-pass-through=-lc -plugin-opt=-pass-through=-lgcc -L/home/student/.espressif/tools/xtensa-esp-elf/esp-15.2.0_20251204/xtensa-esp-elf/bin/../xtensa-esp-elf/../picolibc/xtensa-esp-elf/lib/esp32 -L/home/student/.espressif/tools/xtensa-esp-elf/esp-15.2.0_20251204/xtensa-esp-elf/bin/../xtensa-esp-elf/../picolibc/xtensa-esp-elf/lib -Tpicolibc.ld --sysroot=/home/student/.espressif/tools/xtensa-esp-elf/esp-15.2.0_20251204/xtensa-esp-elf/bin/../xtensa-esp-elf --dynconfig=xtensa_esp32.so -o cmTC_ee453 -L/home/student/.espressif/tools/xtensa-esp-elf/esp-15.2.0_20251204/xtensa-esp-elf/bin/../xtensa-esp-elf/../picolibc/lib/gcc/xtensa-esp-elf/15.2.0/esp32 -L/home/student/.espressif/tools/xtensa-esp-elf/esp-15.2.0_20251204/xtensa-esp-elf/bin/../xtensa-esp-elf/../picolibc/lib/gcc/xtensa-esp-elf/15.2.0 -L/home/student/.espressif/tools/xtensa-esp-elf/esp-15.2.0_20251204/xtensa-esp-elf/bin/../lib/gcc/xtensa-esp-elf/15.2.0/esp32 -L/home/student/.espressif/tools/xtensa-esp-elf/esp-15.2.0_20251204/xtensa-esp-elf/bin/../lib/gcc/xtensa-esp-elf/15.2.0/../../../../xtensa-esp-elf/lib/esp32 -L/home/student/.espressif/tools/xtensa-esp-elf/esp-15.2.0_20251204/xtensa-esp-elf/bin/../xtensa-esp-elf/lib/esp32 -L/home/student/.espressif/tools/xtensa-esp-elf/esp-15.2.0_20251204/xtensa-esp-elf/bin/../lib/gcc/xtensa-esp-elf/15.2.0 -L/home/student/.espressif/tools/xtensa-esp-elf/esp-15.2.0_20251204/xtensa-esp-elf/bin/../lib/gcc -L/home/student/.espressif/tools/xtensa-esp-elf/esp-15.2.0_20251204/xtensa-esp-elf/bin/../lib/gcc/xtensa-esp-elf/15.2.0/../../../../xtensa-esp-elf/lib -L/home/student/.espressif/tools/xtensa-esp-elf/esp-15.2.0_20251204/xtensa-esp-elf/bin/../xtensa-esp-elf/lib -L/home/student/.espressif/tools/xtensa-esp-elf/esp-15.2.0_20251204/xtensa-esp-elf/bin/../xtensa-esp-elf/usr/lib @/tmp/ccxjH7Ge -lgcc --start-group -lgcc -lc --end-group -lgcc]
    arg [/home/student/.espressif/tools/xtensa-esp-elf/esp-15.2.0_20251204/xtensa-esp-elf/bin/../libexec/gcc/xtensa-esp-elf/15.2.0/collect2] ==> ignore
    arg [-plugin] ==> ignore
    arg [/home/student/.espressif/tools/xtensa-esp-elf/esp-15.2.0_20251204/xtensa-esp-elf/bin/../libexec/gcc/xtensa-esp-elf/15.2.0/liblto_plugin.so] ==> ignore
    arg [-plugin-opt=/home/student/.espressif/tools/xtensa-esp-elf/esp-15.2.0_20251204/xtensa-esp-elf/bin/../libexec/gcc/xtensa-esp-elf/15.2.0/lto-wrapper] ==> ignore
    arg [-plugin-opt=-fresolution=/tmp/ccj9I6Fc.res] ==> ignore
    arg [-plugin-opt=-pass-through=-lgcc] ==> ignore
    arg [-plugin-opt=-pass-through=-lgcc] ==> ignore
    arg [-plugin-opt=-pass-through=-lc] ==> ignore
    arg [-plugin-opt=-pass-through=-lgcc] ==> ignore
    arg [-L/home/student/.espressif/tools/xtensa-esp-elf/esp-15.2.0_20251204/xtensa-esp-elf/bin/../xtensa-esp-elf/../picolibc/xtensa-esp-elf/lib/esp32] ==> dir [/home/student/.espressif/tools/xtensa-esp-elf/esp-15.2.0_20251204/xtensa-esp-elf/bin/../xtensa-esp-elf/../picolibc/xtensa-esp-elf/lib/esp32]
    arg [-L/home/student/.espressif/tools/xtensa-esp-elf/esp-15.2.0_20251204/xtensa-esp-elf/bin/../xtensa-esp-elf/../picolibc/xtensa-esp-elf/lib] ==> dir [/home/student/.espressif/tools/xtensa-esp-elf/esp-15.2.0_20251204/xtensa-esp-elf/bin/../xtensa-esp-elf/../picolibc/xtensa-esp-elf/lib]
    arg [-Tpicolibc.ld] ==> ignore
    arg [--sysroot=/home/student/.espressif/tools/xtensa-esp-elf/esp-15.2.0_20251204/xtensa-esp-elf/bin/../xtensa-esp-elf] ==> ignore
    arg [--dynconfig=xtensa_esp32.so] ==> ignore
    arg [-o] ==> ignore
    arg [cmTC_ee453] ==> ignore
    arg [-L/home/student/.espressif/tools/xtensa-esp-elf/esp-15.2.0_20251204/xtensa-esp-elf/bin/../xtensa-esp-elf/../picolibc/lib/gcc/xtensa-esp-elf/15.2.0/esp32] ==> dir [/home/student/.espressif/tools/xtensa-esp-elf/esp-15.2.0_20251204/xtensa-esp-elf/bin/../xtensa-esp-elf/../picolibc/lib/gcc/xtensa-esp-elf/15.2.0/esp32]
    arg [-L/home/student/.espressif/tools/xtensa-esp-elf/esp-15.2.0_20251204/xtensa-esp-elf/bin/../xtensa-esp-elf/../picolibc/lib/gcc/xtensa-esp-elf/15.2.0] ==> dir [/home/student/.espressif/tools/xtensa-esp-elf/esp-15.2.0_20251204/xtensa-esp-elf/bin/../xtensa-esp-elf/../picolibc/lib/gcc/xtensa-esp-elf/15.2.0]
    arg [-L/home/student/.espressif/tools/xtensa-esp-elf/esp-15.2.0_20251204/xtensa-esp-elf/bin/../lib/gcc/xtensa-esp-elf/15.2.0/esp32] ==> dir [/home/student/.espressif/tools/xtensa-esp-elf/esp-15.2.0_20251204/xtensa-esp-elf/bin/../lib/gcc/xtensa-esp-elf/15.2.0/esp32]
    arg [-L/home/student/.espressif/tools/xtensa-esp-elf/esp-15.2.0_20251204/xtensa-esp-elf/bin/../lib/gcc/xtensa-esp-elf/15.2.0/../../../../xtensa-esp-elf/lib/esp32] ==> dir [/home/student/.espressif/tools/xtensa-esp-elf/esp-15.2.0_20251204/xtensa-esp-elf/bin/../lib/gcc/xtensa-esp-elf/15.2.0/../../../../xtensa-esp-elf/lib/esp32]
    arg [-L/home/student/.espressif/tools/xtensa-esp-elf/esp-15.2.0_20251204/xtensa-esp-elf/bin/../xtensa-esp-elf/lib/esp32] ==> dir [/home/student/.espressif/tools/xtensa-esp-elf/esp-15.2.0_20251204/xtensa-esp-elf/bin/../xtensa-esp-elf/lib/esp32]
    arg [-L/home/student/.espressif/tools/xtensa-esp-elf/esp-15.2.0_20251204/xtensa-esp-elf/bin/../lib/gcc/xtensa-esp-elf/15.2.0] ==> dir [/home/student/.espressif/tools/xtensa-esp-elf/esp-15.2.0_20251204/xtensa-esp-elf/bin/../lib/gcc/xtensa-esp-elf/15.2.0]
    arg [-L/home/student/.espressif/tools/xtensa-esp-elf/esp-15.2.0_20251204/xtensa-esp-elf/bin/../lib/gcc] ==> dir [/home/student/.espressif/tools/xtensa-esp-elf/esp-15.2.0_20251204/xtensa-esp-elf/bin/../lib/gcc]
    arg [-L/home/student/.espressif/tools/xtensa-esp-elf/esp-15.2.0_20251204/xtensa-esp-elf/bin/../lib/gcc/xtensa-esp-elf/15.2.0/../../../../xtensa-esp-elf/lib] ==> dir [/home/student/.espressif/tools/xtensa-esp-elf/esp-15.2.0_20251204/xtensa-esp-elf/bin/../lib/gcc/xtensa-esp-elf/15.2.0/../../../../xtensa-esp-elf/lib]
    arg [-L/home/student/.espressif/tools/xtensa-esp-elf/esp-15.2.0_20251204/xtensa-esp-elf/bin/../xtensa-esp-elf/lib] ==> dir [/home/student/.espressif/tools/xtensa-esp-elf/esp-15.2.0_20251204/xtensa-esp-elf/bin/../xtensa-esp-elf/lib]
    arg [-L/home/student/.espressif/tools/xtensa-esp-elf/esp-15.2.0_20251204/xtensa-esp-elf/bin/../xtensa-esp-elf/usr/lib] ==> dir [/home/student/.espressif/tools/xtensa-esp-elf/esp-15.2.0_20251204/xtensa-esp-elf/bin/../xtensa-esp-elf/usr/lib]
    arg [@/tmp/ccxjH7Ge] ==> ignore
    arg [-lgcc] ==> lib [gcc]
    arg [--start-group] ==> ignore
    arg [-lgcc] ==> lib [gcc]
    arg [-lc] ==> lib [c]
    arg [--end-group] ==> ignore
    arg [-lgcc] ==> lib [gcc]
  collapse library dir [/home/student/.espressif/tools/xtensa-esp-elf/esp-15.2.0_20251204/xtensa-esp-elf/bin/../xtensa-esp-elf/../picolibc/xtensa-esp-elf/lib/esp32] ==> [/home/student/.espressif/tools/xtensa-esp-elf/esp-15.2.0_20251204/xtensa-esp-elf/picolibc/xtensa-esp-elf/lib/esp32]
  collapse library dir [/home/student/.espressif/tools/xtensa-esp-elf/esp-15.2.0_20251204/xtensa-esp-elf/bin/../xtensa-esp-elf/../picolibc/xtensa-esp-elf/lib] ==> [/home/student/.espressif/tools/xtensa-esp-elf/esp-15.2.0_20251204/xtensa-esp-elf/picolibc/xtensa-esp-elf/lib]
  collapse library dir [/home/student/.espressif/tools/xtensa-esp-elf/esp-15.2.0_20251204/xtensa-esp-elf/bin/../xtensa-esp-elf/../picolibc/lib/gcc/xtensa-esp-elf/15.2.0/esp32] ==> [/home/student/.espressif/tools/xtensa-esp-elf/esp-15.2.0_20251204/xtensa-esp-elf/picolibc/lib/gcc/xtensa-esp-elf/15.2.0/esp32]
  collapse library dir [/home/student/.espressif/tools/xtensa-esp-elf/esp-15.2.0_20251204/xtensa-esp-elf/bin/../xtensa-esp-elf/../picolibc/lib/gcc/xtensa-esp-elf/15.2.0] ==> [/home/student/.espressif/tools/xtensa-esp-elf/esp-15.2.0_20251204/xtensa-esp-elf/picolibc/lib/gcc/xtensa-esp-elf/15.2.0]
  collapse library dir [/home/student/.espressif/tools/xtensa-esp-elf/esp-15.2.0_20251204/xtensa-esp-elf/bin/../lib/gcc/xtensa-esp-elf/15.2.0/esp32] ==> [/home/student/.espressif/tools/xtensa-esp-elf/esp-15.2.0_20251204/xtensa-esp-elf/lib/gcc/xtensa-esp-elf/15.2.0/esp32]
  collapse library dir [/home/student/.espressif/tools/xtensa-esp-elf/esp-15.2.0_20251204/xtensa-esp-elf/bin/../lib/gcc/xtensa-esp-elf/15.2.0/../../../../xtensa-esp-elf/lib/esp32] ==> [/home/student/.espressif/tools/xtensa-esp-elf/esp-15.2.0_20251204/xtensa-esp-elf/xtensa-esp-elf/lib/esp32]
  collapse library dir [/home/student/.espressif/tools/xtensa-esp-elf/esp-15.2.0_20251204/xtensa-esp-elf/bin/../xtensa-esp-elf/lib/esp32] ==> [/home/student/.espressif/tools/xtensa-esp-elf/esp-15.2.0_20251204/xtensa-esp-elf/xtensa-esp-elf/lib/esp32]
  collapse library dir [/home/student/.espressif/tools/xtensa-esp-elf/esp-15.2.0_20251204/xtensa-esp-elf/bin/../lib/gcc/xtensa-esp-elf/15.2.0] ==> [/home/student/.espressif/tools/xtensa-esp-elf/esp-15.2.0_20251204/xtensa-esp-elf/lib/gcc/xtensa-esp-elf/15.2.0]
  collapse library dir [/home/student/.espressif/tools/xtensa-esp-elf/esp-15.2.0_20251204/xtensa-esp-elf/bin/../lib/gcc] ==> [/home/student/.espressif/tools/xtensa-esp-elf/esp-15.2.0_20251204/xtensa-esp-elf/lib/gcc]
  collapse library dir [/home/student/.espressif/tools/xtensa-esp-elf/esp-15.2.0_20251204/xtensa-esp-elf/bin/../lib/gcc/xtensa-esp-elf/15.2.0/../../../../xtensa-esp-elf/lib] ==> [/home/student/.espressif/tools/xtensa-esp-elf/esp-15.2.0_20251204/xtensa-esp-elf/xtensa-esp-elf/lib]
  collapse library dir [/home/student/.espressif/tools/xtensa-esp-elf/esp-15.2.0_20251204/xtensa-esp-elf/bin/../xtensa-esp-elf/lib] ==> [/home/student/.espressif/tools/xtensa-esp-elf/esp-15.2.0_20251204/xtensa-esp-elf/xtensa-esp-elf/lib]
  collapse library dir [/home/student/.espressif/tools/xtensa-esp-elf/esp-15.2.0_20251204/xtensa-esp-elf/bin/../xtensa-esp-elf/usr/lib] ==> [/home/student/.espressif/tools/xtensa-esp-elf/esp-15.2.0_20251204/xtensa-esp-elf/xtensa-esp-elf/usr/lib]
  implicit libs: [gcc;gcc;c;gcc]
  implicit objs: []
  implicit dirs: [/home/student/.espressif/tools/xtensa-esp-elf/esp-15.2.0_20251204/xtensa-esp-elf/picolibc/xtensa-esp-elf/lib/esp32;/home/student/.espressif/tools/xtensa-esp-elf/esp-15.2.0_20251204/xtensa-esp-elf/picolibc/xtensa-esp-elf/lib;/home/student/.espressif/tools/xtensa-esp-elf/esp-15.2.0_20251204/xtensa-esp-elf/picolibc/lib/gcc/xtensa-esp-elf/15.2.0/esp32;/home/student/.espressif/tools/xtensa-esp-elf/esp-15.2.0_20251204/xtensa-esp-elf/picolibc/lib/gcc/xtensa-esp-elf/15.2.0;/home/student/.espressif/tools/xtensa-esp-elf/esp-15.2.0_20251204/xtensa-esp-elf/lib/gcc/xtensa-esp-elf/15.2.0/esp32;/home/student/.espressif/tools/xtensa-esp-elf/esp-15.2.0_20251204/xtensa-esp-elf/xtensa-esp-elf/lib/esp32;/home/student/.espressif/tools/xtensa-esp-elf/esp-15.2.0_20251204/xtensa-esp-elf/lib/gcc/xtensa-esp-elf/15.2.0;/home/student/.espressif/tools/xtensa-esp-elf/esp-15.2.0_20251204/xtensa-esp-elf/lib/gcc;/home/student/.espressif/tools/xtensa-esp-elf/esp-15.2.0_20251204/xtensa-esp-elf/xtensa-esp-elf/lib;/home/student/.espressif/tools/xtensa-esp-elf/esp-15.2.0_20251204/xtensa-esp-elf/xtensa-esp-elf/usr/lib]
  implicit fwks: []


Detecting CXX compiler ABI info compiled with the following output:
Change Dir: /home/student/Desktop/ProjekatDisplej/DisplayAudi/build/CMakeFiles/CMakeTmp

Run Build Command(s):/usr/bin/ninja cmTC_ae7a7 && [1/2] Building CXX object CMakeFiles/cmTC_ae7a7.dir/CMakeCXXCompilerABI.cpp.obj
Using built-in specs.
Reading specs from /home/student/Desktop/ProjekatDisplej/DisplayAudi/build/specs/picolibc.specs
rename spec link to picolibc_link
rename spec link_libgcc to picolibc_link_libgcc
rename spec cpp to picolibc_cpp
rename spec cc1 to picolibc_cc1
rename spec cc1plus to picolibc_cc1plus
COLLECT_GCC=/home/student/.espressif/tools/xtensa-esp-elf/esp-15.2.0_20251204/xtensa-esp-elf/bin/xtensa-esp-elf-g++
Target: xtensa-esp-elf
Configured with: /builds/idf/crosstool-NG/.build/xtensa-esp-elf/src/gcc/configure --build=x86_64-build_pc-linux-gnu --host=x86_64-build_pc-linux-gnu --target=xtensa-esp-elf --prefix=/builds/idf/crosstool-NG/builds/xtensa-esp-elf --exec_prefix=/builds/idf/crosstool-NG/builds/xtensa-esp-elf --with-local-prefix=/builds/idf/crosstool-NG/builds/xtensa-esp-elf/xtensa-esp-elf --with-sysroot=/builds/idf/crosstool-NG/builds/xtensa-esp-elf/xtensa-esp-elf --with-native-system-header-dir=/include --with-headers=/builds/idf/crosstool-NG/builds/xtensa-esp-elf/xtensa-esp-elf/include --with-newlib --enable-threads=no --disable-shared --with-pkgversion='crosstool-NG esp-15.2.0_20251204' --disable-__cxa_atexit --enable-cxx-flags='-ffunction-sections -fdata-sections' --disable-libgomp --disable-libmudflap --disable-libmpx --disable-libssp --disable-libquadmath --disable-libquadmath-support --disable-libstdcxx-verbose --with-gmp=/builds/idf/crosstool-NG/.build/xtensa-esp-elf/buildtools --with-mpfr=/builds/idf/crosstool-NG/.build/xtensa-esp-elf/buildtools --with-mpc=/builds/idf/crosstool-NG/.build/xtensa-esp-elf/buildtools --with-isl=/builds/idf/crosstool-NG/.build/xtensa-esp-elf/buildtools --enable-lto --enable-target-optspace --without-long-double-128 --enable-plugin --disable-nls --enable-multiarch --enable-languages=c,c++ --disable-libstdcxx-verbose --enable-threads=posix --enable-libstdcxx-time=yes --disable-win32-utf8-manifest
Thread model: posix
Supported LTO compression algorithms: zlib zstd
gcc version 15.2.0 (crosstool-NG esp-15.2.0_20251204) 
COLLECT_GCC_OPTIONS='-mdynconfig=xtensa_esp32.so' '-Wno-frame-address' '-mlongcalls' '-fno-builtin-memcpy' '-fno-builtin-memset' '-fno-builtin-bzero' '-specs=/home/student/Desktop/ProjekatDisplej/DisplayAudi/build/specs/picolibc.specs' '-v' '-o' 'CMakeFiles/cmTC_ae7a7.dir/CMakeCXXCompilerABI.cpp.obj' '-c' '-dumpdir' 'CMakeFiles/cmTC_ae7a7.dir/'
 /home/student/.espressif/tools/xtensa-esp-elf/esp-15.2.0_20251204/xtensa-esp-elf/bin/../libexec/gcc/xtensa-esp-elf/15.2.0/cc1plus -quiet -v -imultilib esp32 -iprefix /home/student/.espressif/tools/xtensa-esp-elf/esp-15.2.0_20251204/xtensa-esp-elf/bin/../lib/gcc/xtensa-esp-elf/15.2.0/ -isysroot /home/student/.espressif/tools/xtensa-esp-elf/esp-15.2.0_20251204/xtensa-esp-elf/bin/../xtensa-esp-elf /usr/share/cmake-3.22/Modules/CMakeCXXCompilerABI.cpp -ftls-model=local-exec -quiet -dumpdir CMakeFiles/cmTC_ae7a7.dir/ -dumpbase CMakeCXXCompilerABI.cpp.cpp -dumpbase-ext .cpp -mdynconfig=xtensa_esp32.so -mlongcalls -Wno-frame-address -version -fno-builtin-memcpy -fno-builtin-memset -fno-builtin-bzero -isystem /home/student/.espressif/tools/xtensa-esp-elf/esp-15.2.0_20251204/xtensa-esp-elf/bin/../xtensa-esp-elf/../picolibc/include -isystem /home/student/.espressif/tools/xtensa-esp-elf/esp-15.2.0_20251204/xtensa-esp-elf/bin/../xtensa-esp-elf/../picolibc/include/../xtensa-esp-elf/include/c++/15.2.0/xtensa-esp-elf/esp32 -ftls-model=local-exec -o /tmp/ccWU2CHS.s
GNU C++17 (crosstool-NG esp-15.2.0_20251204) version 15.2.0 (xtensa-esp-elf)
	compiled by GNU C version 6.3.0, GMP version 6.3.0, MPFR version 4.2.1, MPC version 1.3.1, isl version isl-0.26-GMP

GGC heuristics: --param ggc-min-expand=100 --param ggc-min-heapsize=131072
ignoring duplicate directory "/home/student/.espressif/tools/xtensa-esp-elf/esp-15.2.0_20251204/xtensa-esp-elf/bin/../lib/gcc/../../lib/gcc/xtensa-esp-elf/15.2.0/../../../../xtensa-esp-elf/include/c++/15.2.0"
ignoring duplicate directory "/home/student/.espressif/tools/xtensa-esp-elf/esp-15.2.0_20251204/xtensa-esp-elf/bin/../lib/gcc/../../lib/gcc/xtensa-esp-elf/15.2.0/../../../../xtensa-esp-elf/include/c++/15.2.0/xtensa-esp-elf/esp32"
ignoring duplicate directory "/home/student/.espressif/tools/xtensa-esp-elf/esp-15.2.0_20251204/xtensa-esp-elf/bin/../lib/gcc/../../lib/gcc/xtensa-esp-elf/15.2.0/../../../../xtensa-esp-elf/include/c++/15.2.0/backward"
ignoring duplicate directory "/home/student/.espressif/tools/xtensa-esp-elf/esp-15.2.0_20251204/xtensa-esp-elf/bin/../lib/gcc/../../lib/gcc/xtensa-esp-elf/15.2.0/include"
ignoring nonexistent directory "/home/student/.espressif/tools/xtensa-esp-elf/esp-15.2.0_20251204/xtensa-esp-elf/bin/../xtensa-esp-elf/builds/idf/crosstool-NG/builds/xtensa-esp-elf/xtensa-esp-elf/include"
ignoring duplicate directory "/home/student/.espressif/tools/xtensa-esp-elf/esp-15.2.0_20251204/xtensa-esp-elf/bin/../lib/gcc/../../lib/gcc/xtensa-esp-elf/15.2.0/include-fixed"
ignoring duplicate directory "/home/student/.espressif/tools/xtensa-esp-elf/esp-15.2.0_20251204/xtensa-esp-elf/bin/../lib/gcc/../../lib/gcc/xtensa-esp-elf/15.2.0/../../../../xtensa-esp-elf/include"
ignoring duplicate directory "/home/student/.espressif/tools/xtensa-esp-elf/esp-15.2.0_20251204/xtensa-esp-elf/bin/../xtensa-esp-elf/include"
#include "..." search starts here:
#include <...> search starts here:
 /home/student/.espressif/tools/xtensa-esp-elf/esp-15.2.0_20251204/xtensa-esp-elf/bin/../xtensa-esp-elf/../picolibc/include
 /home/student/.espressif/tools/xtensa-esp-elf/esp-15.2.0_20251204/xtensa-esp-elf/bin/../xtensa-esp-elf/../picolibc/include/../xtensa-esp-elf/include/c++/15.2.0/xtensa-esp-elf/esp32
 /home/student/.espressif/tools/xtensa-esp-elf/esp-15.2.0_20251204/xtensa-esp-elf/bin/../lib/gcc/xtensa-esp-elf/15.2.0/../../../../xtensa-esp-elf/include/c++/15.2.0
 /home/student/.espressif/tools/xtensa-esp-elf/esp-15.2.0_20251204/xtensa-esp-elf/bin/../lib/gcc/xtensa-esp-elf/15.2.0/../../../../xtensa-esp-elf/include/c++/15.2.0/xtensa-esp-elf/esp32
 /home/student/.espressif/tools/xtensa-esp-elf/esp-15.2.0_20251204/xtensa-esp-elf/bin/../lib/gcc/xtensa-esp-elf/15.2.0/../../../../xtensa-esp-elf/include/c++/15.2.0/backward
 /home/student/.espressif/tools/xtensa-esp-elf/esp-15.2.0_20251204/xtensa-esp-elf/bin/../lib/gcc/xtensa-esp-elf/15.2.0/include
 /home/student/.espressif/tools/xtensa-esp-elf/esp-15.2.0_20251204/xtensa-esp-elf/bin/../lib/gcc/xtensa-esp-elf/15.2.0/include-fixed
 /home/student/.espressif/tools/xtensa-esp-elf/esp-15.2.0_20251204/xtensa-esp-elf/bin/../lib/gcc/xtensa-esp-elf/15.2.0/../../../../xtensa-esp-elf/include
End of search list.
Compiler executable checksum: ddaf5163ec1d262ade9e7a5c85eeee1b
COLLECT_GCC_OPTIONS='-mdynconfig=xtensa_esp32.so' '-Wno-frame-address' '-mlongcalls' '-fno-builtin-memcpy' '-fno-builtin-memset' '-fno-builtin-bzero' '-specs=/home/student/Desktop/ProjekatDisplej/DisplayAudi/build/specs/picolibc.specs' '-v' '-o' 'CMakeFiles/cmTC_ae7a7.dir/CMakeCXXCompilerABI.cpp.obj' '-c' '-dumpdir' 'CMakeFiles/cmTC_ae7a7.dir/'
 /home/student/.espressif/tools/xtensa-esp-elf/esp-15.2.0_20251204/xtensa-esp-elf/bin/../lib/gcc/xtensa-esp-elf/15.2.0/../../../../xtensa-esp-elf/bin/as --traditional-format --longcalls --dynconfig=xtensa_esp32.so -o CMakeFiles/cmTC_ae7a7.dir/CMakeCXXCompilerABI.cpp.obj /tmp/ccWU2CHS.s
COMPILER_PATH=/home/student/.espressif/tools/xtensa-esp-elf/esp-15.2.0_20251204/xtensa-esp-elf/bin/../libexec/gcc/xtensa-esp-elf/15.2.0/:/home/student/.espressif/tools/xtensa-esp-elf/esp-15.2.0_20251204/xtensa-esp-elf/bin/../libexec/gcc/:/home/student/.espressif/tools/xtensa-esp-elf/esp-15.2.0_20251204/xtensa-esp-elf/bin/../lib/gcc/xtensa-esp-elf/15.2.0/../../../../xtensa-esp-elf/bin/
LIBRARY_PATH=/home/student/.espressif/tools/xtensa-esp-elf/esp-15.2.0_20251204/xtensa-esp-elf/bin/../lib/gcc/xtensa-esp-elf/15.2.0/esp32/:/home/student/.espressif/tools/xtensa-esp-elf/esp-15.2.0_20251204/xtensa-esp-elf/bin/../lib/gcc/xtensa-esp-elf/15.2.0/../../../../xtensa-esp-elf/lib/esp32/:/home/student/.espressif/tools/xtensa-esp-elf/esp-15.2.0_20251204/xtensa-esp-elf/bin/../xtensa-esp-elf/lib/esp32/:/home/student/.espressif/tools/xtensa-esp-elf/esp-15.2.0_20251204/xtensa-esp-elf/bin/../lib/gcc/xtensa-esp-elf/15.2.0/:/home/student/.espressif/tools/xtensa-esp-elf/esp-15.2.0_20251204/xtensa-esp-elf/bin/../lib/gcc/:/home/student/.espressif/tools/xtensa-esp-elf/esp-15.2.0_20251204/xtensa-esp-elf/bin/../lib/gcc/xtensa-esp-elf/15.2.0/../../../../xtensa-esp-elf/lib/:/home/student/.espressif/tools/xtensa-esp-elf/esp-15.2.0_20251204/xtensa-esp-elf/bin/../xtensa-esp-elf/lib/:/home/student/.espressif/tools/xtensa-esp-elf/esp-15.2.0_20251204/xtensa-esp-elf/bin/../xtensa-esp-elf/usr/lib/
COLLECT_GCC_OPTIONS='-mdynconfig=xtensa_esp32.so' '-Wno-frame-address' '-mlongcalls' '-fno-builtin-memcpy' '-fno-builtin-memset' '-fno-builtin-bzero' '-specs=/home/student/Desktop/ProjekatDisplej/DisplayAudi/build/specs/picolibc.specs' '-v' '-o' 'CMakeFiles/cmTC_ae7a7.dir/CMakeCXXCompilerABI.cpp.obj' '-c' '-dumpdir' 'CMakeFiles/cmTC_ae7a7.dir/CMakeCXXCompilerABI.cpp.'
[2/2] Linking CXX executable cmTC_ae7a7
Using built-in specs.
Reading specs from /home/student/Desktop/ProjekatDisplej/DisplayAudi/build/specs/picolibc.specs
rename spec link to picolibc_link
rename spec link_libgcc to picolibc_link_libgcc
rename spec cpp to picolibc_cpp
rename spec cc1 to picolibc_cc1
rename spec cc1plus to picolibc_cc1plus
COLLECT_GCC=/home/student/.espressif/tools/xtensa-esp-elf/esp-15.2.0_20251204/xtensa-esp-elf/bin/xtensa-esp-elf-g++
COLLECT_LTO_WRAPPER=/home/student/.espressif/tools/xtensa-esp-elf/esp-15.2.0_20251204/xtensa-esp-elf/bin/../libexec/gcc/xtensa-esp-elf/15.2.0/lto-wrapper
Target: xtensa-esp-elf
Configured with: /builds/idf/crosstool-NG/.build/xtensa-esp-elf/src/gcc/configure --build=x86_64-build_pc-linux-gnu --host=x86_64-build_pc-linux-gnu --target=xtensa-esp-elf --prefix=/builds/idf/crosstool-NG/builds/xtensa-esp-elf --exec_prefix=/builds/idf/crosstool-NG/builds/xtensa-esp-elf --with-local-prefix=/builds/idf/crosstool-NG/builds/xtensa-esp-elf/xtensa-esp-elf --with-sysroot=/builds/idf/crosstool-NG/builds/xtensa-esp-elf/xtensa-esp-elf --with-native-system-header-dir=/include --with-headers=/builds/idf/crosstool-NG/builds/xtensa-esp-elf/xtensa-esp-elf/include --with-newlib --enable-threads=no --disable-shared --with-pkgversion='crosstool-NG esp-15.2.0_20251204' --disable-__cxa_atexit --enable-cxx-flags='-ffunction-sections -fdata-sections' --disable-libgomp --disable-libmudflap --disable-libmpx --disable-libssp --disable-libquadmath --disable-libquadmath-support --disable-libstdcxx-verbose --with-gmp=/builds/idf/crosstool-NG/.build/xtensa-esp-elf/buildtools --with-mpfr=/builds/idf/crosstool-NG/.build/xtensa-esp-elf/buildtools --with-mpc=/builds/idf/crosstool-NG/.build/xtensa-esp-elf/buildtools --with-isl=/builds/idf/crosstool-NG/.build/xtensa-esp-elf/buildtools --enable-lto --enable-target-optspace --without-long-double-128 --enable-plugin --disable-nls --enable-multiarch --enable-languages=c,c++ --disable-libstdcxx-verbose --enable-threads=posix --enable-libstdcxx-time=yes --disable-win32-utf8-manifest
Thread model: posix
Supported LTO compression algorithms: zlib zstd
gcc version 15.2.0 (crosstool-NG esp-15.2.0_20251204) 
COMPILER_PATH=/home/student/.espressif/tools/xtensa-esp-elf/esp-15.2.0_20251204/xtensa-esp-elf/bin/../libexec/gcc/xtensa-esp-elf/15.2.0/:/home/student/.espressif/tools/xtensa-esp-elf/esp-15.2.0_20251204/xtensa-esp-elf/bin/../libexec/gcc/:/home/student/.espressif/tools/xtensa-esp-elf/esp-15.2.0_20251204/xtensa-esp-elf/bin/../lib/gcc/xtensa-esp-elf/15.2.0/../../../../xtensa-esp-elf/bin/
LIBRARY_PATH=/home/student/.espressif/tools/xtensa-esp-elf/esp-15.2.0_20251204/xtensa-esp-elf/bin/../lib/gcc/xtensa-esp-elf/15.2.0/esp32/:/home/student/.espressif/tools/xtensa-esp-elf/esp-15.2.0_20251204/xtensa-esp-elf/bin/../lib/gcc/xtensa-esp-elf/15.2.0/../../../../xtensa-esp-elf/lib/esp32/:/home/student/.espressif/tools/xtensa-esp-elf/esp-15.2.0_20251204/xtensa-esp-elf/bin/../xtensa-esp-elf/lib/esp32/:/home/student/.espressif/tools/xtensa-esp-elf/esp-15.2.0_20251204/xtensa-esp-elf/bin/../lib/gcc/xtensa-esp-elf/15.2.0/:/home/student/.espressif/tools/xtensa-esp-elf/esp-15.2.0_20251204/xtensa-esp-elf/bin/../lib/gcc/:/home/student/.espressif/tools/xtensa-esp-elf/esp-15.2.0_20251204/xtensa-esp-elf/bin/../lib/gcc/xtensa-esp-elf/15.2.0/../../../../xtensa-esp-elf/lib/:/home/student/.espressif/tools/xtensa-esp-elf/esp-15.2.0_20251204/xtensa-esp-elf/bin/../xtensa-esp-elf/lib/:/home/student/.espressif/tools/xtensa-esp-elf/esp-15.2.0_20251204/xtensa-esp-elf/bin/../xtensa-esp-elf/usr/lib/
COLLECT_GCC_OPTIONS='-mdynconfig=xtensa_esp32.so' '-Wno-frame-address' '-mlongcalls' '-fno-builtin-memcpy' '-fno-builtin-memset' '-fno-builtin-bzero' '-specs=/home/student/Desktop/ProjekatDisplej/DisplayAudi/build/specs/picolibc.specs' '-nostartfiles' '-v' '-o' 'cmTC_ae7a7' '-dumpdir' 'cmTC_ae7a7.'
 /home/student/.espressif/tools/xtensa-esp-elf/esp-15.2.0_20251204/xtensa-esp-elf/bin/../libexec/gcc/xtensa-esp-elf/15.2.0/collect2 -plugin /home/student/.espressif/tools/xtensa-esp-elf/esp-15.2.0_20251204/xtensa-esp-elf/bin/../libexec/gcc/xtensa-esp-elf/15.2.0/liblto_plugin.so -plugin-opt=/home/student/.espressif/tools/xtensa-esp-elf/esp-15.2.0_20251204/xtensa-esp-elf/bin/../libexec/gcc/xtensa-esp-elf/15.2.0/lto-wrapper -plugin-opt=-fresolution=/tmp/ccHF3MmZ.res -plugin-opt=-pass-through=-lgcc -plugin-opt=-pass-through=-lgcc -plugin-opt=-pass-through=-lc -plugin-opt=-pass-through=-lgcc -L/home/student/.espressif/tools/xtensa-esp-elf/esp-15.2.0_20251204/xtensa-esp-elf/bin/../xtensa-esp-elf/../picolibc/xtensa-esp-elf/lib/esp32 -L/home/student/.espressif/tools/xtensa-esp-elf/esp-15.2.0_20251204/xtensa-esp-elf/bin/../xtensa-esp-elf/../picolibc/xtensa-esp-elf/lib -Tpicolibc.ld --sysroot=/home/student/.espressif/tools/xtensa-esp-elf/esp-15.2.0_20251204/xtensa-esp-elf/bin/../xtensa-esp-elf --dynconfig=xtensa_esp32.so -o cmTC_ae7a7 -L/home/student/.espressif/tools/xtensa-esp-elf/esp-15.2.0_20251204/xtensa-esp-elf/bin/../xtensa-esp-elf/../picolibc/lib/gcc/xtensa-esp-elf/15.2.0/esp32 -L/home/student/.espressif/tools/xtensa-esp-elf/esp-15.2.0_20251204/xtensa-esp-elf/bin/../xtensa-esp-elf/../picolibc/lib/gcc/xtensa-esp-elf/15.2.0 -L/home/student/.espressif/tools/xtensa-esp-elf/esp-15.2.0_20251204/xtensa-esp-elf/bin/../lib/gcc/xtensa-esp-elf/15.2.0/esp32 -L/home/student/.espressif/tools/xtensa-esp-elf/esp-15.2.0_20251204/xtensa-esp-elf/bin/../lib/gcc/xtensa-esp-elf/15.2.0/../../../../xtensa-esp-elf/lib/esp32 -L/home/student/.espressif/tools/xtensa-esp-elf/esp-15.2.0_20251204/xtensa-esp-elf/bin/../xtensa-esp-elf/lib/esp32 -L/home/student/.espressif/tools/xtensa-esp-elf/esp-15.2.0_20251204/xtensa-esp-elf/bin/../lib/gcc/xtensa-esp-elf/15.2.0 -L/home/student/.espressif/tools/xtensa-esp-elf/esp-15.2.0_20251204/xtensa-esp-elf/bin/../lib/gcc -L/home/student/.espressif/tools/xtensa-esp-elf/esp-15.2.0_20251204/xtensa-esp-elf/bin/../lib/gcc/xtensa-esp-elf/15.2.0/../../../../xtensa-esp-elf/lib -L/home/student/.espressif/tools/xtensa-esp-elf/esp-15.2.0_20251204/xtensa-esp-elf/bin/../xtensa-esp-elf/lib -L/home/student/.espressif/tools/xtensa-esp-elf/esp-15.2.0_20251204/xtensa-esp-elf/bin/../xtensa-esp-elf/usr/lib @/tmp/cc1ICj6L -lgcc --start-group -lgcc -lc --end-group -lgcc
/home/student/.espressif/tools/xtensa-esp-elf/esp-15.2.0_20251204/xtensa-esp-elf/bin/../lib/gcc/xtensa-esp-elf/15.2.0/../../../../xtensa-esp-elf/bin/ld: warning: cannot find entry symbol _start; defaulting to 10000000
COLLECT_GCC_OPTIONS='-mdynconfig=xtensa_esp32.so' '-Wno-frame-address' '-mlongcalls' '-fno-builtin-memcpy' '-fno-builtin-memset' '-fno-builtin-bzero' '-specs=/home/student/Desktop/ProjekatDisplej/DisplayAudi/build/specs/picolibc.specs' '-nostartfiles' '-v' '-o' 'cmTC_ae7a7' '-dumpdir' 'cmTC_ae7a7.'



Parsed CXX implicit include dir info from above output: rv=done
  found start of include info
  found start of implicit include info
    add: [/home/student/.espressif/tools/xtensa-esp-elf/esp-15.2.0_20251204/xtensa-esp-elf/bin/../xtensa-esp-elf/../picolibc/include]
    add: [/home/student/.espressif/tools/xtensa-esp-elf/esp-15.2.0_20251204/xtensa-esp-elf/bin/../xtensa-esp-elf/../picolibc/include/../xtensa-esp-elf/include/c++/15.2.0/xtensa-esp-elf/esp32]
    add: [/home/student/.espressif/tools/xtensa-esp-elf/esp-15.2.0_20251204/xtensa-esp-elf/bin/../lib/gcc/xtensa-esp-elf/15.2.0/../../../../xtensa-esp-elf/include/c++/15.2.0]
    add: [/home/student/.espressif/tools/xtensa-esp-elf/esp-15.2.0_20251204/xtensa-esp-elf/bin/../lib/gcc/xtensa-esp-elf/15.2.0/../../../../xtensa-esp-elf/include/c++/15.2.0/xtensa-esp-elf/esp32]
    add: [/home/student/.espressif/tools/xtensa-esp-elf/esp-15.2.0_20251204/xtensa-esp-elf/bin/../lib/gcc/xtensa-esp-elf/15.2.0/../../../../xtensa-esp-elf/include/c++/15.2.0/backward]
    add: [/home/student/.espressif/tools/xtensa-esp-elf/esp-15.2.0_20251204/xtensa-esp-elf/bin/../lib/gcc/xtensa-esp-elf/15.2.0/include]
    add: [/home/student/.espressif/tools/xtensa-esp-elf/esp-15.2.0_20251204/xtensa-esp-elf/bin/../lib/gcc/xtensa-esp-elf/15.2.0/include-fixed]
    add: [/home/student/.espressif/tools/xtensa-esp-elf/esp-15.2.0_20251204/xtensa-esp-elf/bin/../lib/gcc/xtensa-esp-elf/15.2.0/../../../../xtensa-esp-elf/include]
  end of search list found
  collapse include dir [/home/student/.espressif/tools/xtensa-esp-elf/esp-15.2.0_20251204/xtensa-esp-elf/bin/../xtensa-esp-elf/../picolibc/include] ==> [/home/student/.espressif/tools/xtensa-esp-elf/esp-15.2.0_20251204/xtensa-esp-elf/picolibc/include]
  collapse include dir [/home/student/.espressif/tools/xtensa-esp-elf/esp-15.2.0_20251204/xtensa-esp-elf/bin/../xtensa-esp-elf/../picolibc/include/../xtensa-esp-elf/include/c++/15.2.0/xtensa-esp-elf/esp32] ==> [/home/student/.espressif/tools/xtensa-esp-elf/esp-15.2.0_20251204/xtensa-esp-elf/picolibc/xtensa-esp-elf/include/c++/15.2.0/xtensa-esp-elf/esp32]
  collapse include dir [/home/student/.espressif/tools/xtensa-esp-elf/esp-15.2.0_20251204/xtensa-esp-elf/bin/../lib/gcc/xtensa-esp-elf/15.2.0/../../../../xtensa-esp-elf/include/c++/15.2.0] ==> [/home/student/.espressif/tools/xtensa-esp-elf/esp-15.2.0_20251204/xtensa-esp-elf/xtensa-esp-elf/include/c++/15.2.0]
  collapse include dir [/home/student/.espressif/tools/xtensa-esp-elf/esp-15.2.0_20251204/xtensa-esp-elf/bin/../lib/gcc/xtensa-esp-elf/15.2.0/../../../../xtensa-esp-elf/include/c++/15.2.0/xtensa-esp-elf/esp32] ==> [/home/student/.espressif/tools/xtensa-esp-elf/esp-15.2.0_20251204/xtensa-esp-elf/xtensa-esp-elf/include/c++/15.2.0/xtensa-esp-elf/esp32]
  collapse include dir [/home/student/.espressif/tools/xtensa-esp-elf/esp-15.2.0_20251204/xtensa-esp-elf/bin/../lib/gcc/xtensa-esp-elf/15.2.0/../../../../xtensa-esp-elf/include/c++/15.2.0/backward] ==> [/home/student/.espressif/tools/xtensa-esp-elf/esp-15.2.0_20251204/xtensa-esp-elf/xtensa-esp-elf/include/c++/15.2.0/backward]
  collapse include dir [/home/student/.espressif/tools/xtensa-esp-elf/esp-15.2.0_20251204/xtensa-esp-elf/bin/../lib/gcc/xtensa-esp-elf/15.2.0/include] ==> [/home/student/.espressif/tools/xtensa-esp-elf/esp-15.2.0_20251204/xtensa-esp-elf/lib/gcc/xtensa-esp-elf/15.2.0/include]
  collapse include dir [/home/student/.espressif/tools/xtensa-esp-elf/esp-15.2.0_20251204/xtensa-esp-elf/bin/../lib/gcc/xtensa-esp-elf/15.2.0/include-fixed] ==> [/home/student/.espressif/tools/xtensa-esp-elf/esp-15.2.0_20251204/xtensa-esp-elf/lib/gcc/xtensa-esp-elf/15.2.0/include-fixed]
  collapse include dir [/home/student/.espressif/tools/xtensa-esp-elf/esp-15.2.0_20251204/xtensa-esp-elf/bin/../lib/gcc/xtensa-esp-elf/15.2.0/../../../../xtensa-esp-elf/include] ==> [/home/student/.espressif/tools/xtensa-esp-elf/esp-15.2.0_20251204/xtensa-esp-elf/xtensa-esp-elf/include]
  implicit include dirs: [/home/student/.espressif/tools/xtensa-esp-elf/esp-15.2.0_20251204/xtensa-esp-elf/picolibc/include;/home/student/.espressif/tools/xtensa-esp-elf/esp-15.2.0_20251204/xtensa-esp-elf/picolibc/xtensa-esp-elf/include/c++/15.2.0/xtensa-esp-elf/esp32;/home/student/.espressif/tools/xtensa-esp-elf/esp-15.2.0_20251204/xtensa-esp-elf/xtensa-esp-elf/include/c++/15.2.0;/home/student/.espressif/tools/xtensa-esp-elf/esp-15.2.0_20251204/xtensa-esp-elf/xtensa-esp-elf/include/c++/15.2.0/xtensa-esp-elf/esp32;/home/student/.espressif/tools/xtensa-esp-elf/esp-15.2.0_20251204/xtensa-esp-elf/xtensa-esp-elf/include/c++/15.2.0/backward;/home/student/.espressif/tools/xtensa-esp-elf/esp-15.2.0_20251204/xtensa-esp-elf/lib/gcc/xtensa-esp-elf/15.2.0/include;/home/student/.espressif/tools/xtensa-esp-elf/esp-15.2.0_20251204/xtensa-esp-elf/lib/gcc/xtensa-esp-elf/15.2.0/include-fixed;/home/student/.espressif/tools/xtensa-esp-elf/esp-15.2.0_20251204/xtensa-esp-elf/xtensa-esp-elf/include]


Parsed CXX implicit link information from above output:
  link line regex: [^( *|.*[/\])(xtensa-esp32-elf-ld|CMAKE_LINK_STARTFILE-NOTFOUND|([^/\]+-)?ld|collect2)[^/\]*( |$)]
  ignore line: [Change Dir: /home/student/Desktop/ProjekatDisplej/DisplayAudi/build/CMakeFiles/CMakeTmp]
  ignore line: []
  ignore line: [Run Build Command(s):/usr/bin/ninja cmTC_ae7a7 && [1/2] Building CXX object CMakeFiles/cmTC_ae7a7.dir/CMakeCXXCompilerABI.cpp.obj]
  ignore line: [Using built-in specs.]
  ignore line: [Reading specs from /home/student/Desktop/ProjekatDisplej/DisplayAudi/build/specs/picolibc.specs]
  ignore line: [rename spec link to picolibc_link]
  ignore line: [rename spec link_libgcc to picolibc_link_libgcc]
  ignore line: [rename spec cpp to picolibc_cpp]
  ignore line: [rename spec cc1 to picolibc_cc1]
  ignore line: [rename spec cc1plus to picolibc_cc1plus]
  ignore line: [COLLECT_GCC=/home/student/.espressif/tools/xtensa-esp-elf/esp-15.2.0_20251204/xtensa-esp-elf/bin/xtensa-esp-elf-g++]
  ignore line: [Target: xtensa-esp-elf]
  ignore line: [Configured with: /builds/idf/crosstool-NG/.build/xtensa-esp-elf/src/gcc/configure --build=x86_64-build_pc-linux-gnu --host=x86_64-build_pc-linux-gnu --target=xtensa-esp-elf --prefix=/builds/idf/crosstool-NG/builds/xtensa-esp-elf --exec_prefix=/builds/idf/crosstool-NG/builds/xtensa-esp-elf --with-local-prefix=/builds/idf/crosstool-NG/builds/xtensa-esp-elf/xtensa-esp-elf --with-sysroot=/builds/idf/crosstool-NG/builds/xtensa-esp-elf/xtensa-esp-elf --with-native-system-header-dir=/include --with-headers=/builds/idf/crosstool-NG/builds/xtensa-esp-elf/xtensa-esp-elf/include --with-newlib --enable-threads=no --disable-shared --with-pkgversion='crosstool-NG esp-15.2.0_20251204' --disable-__cxa_atexit --enable-cxx-flags='-ffunction-sections -fdata-sections' --disable-libgomp --disable-libmudflap --disable-libmpx --disable-libssp --disable-libquadmath --disable-libquadmath-support --disable-libstdcxx-verbose --with-gmp=/builds/idf/crosstool-NG/.build/xtensa-esp-elf/buildtools --with-mpfr=/builds/idf/crosstool-NG/.build/xtensa-esp-elf/buildtools --with-mpc=/builds/idf/crosstool-NG/.build/xtensa-esp-elf/buildtools --with-isl=/builds/idf/crosstool-NG/.build/xtensa-esp-elf/buildtools --enable-lto --enable-target-optspace --without-long-double-128 --enable-plugin --disable-nls --enable-multiarch --enable-languages=c c++ --disable-libstdcxx-verbose --enable-threads=posix --enable-libstdcxx-time=yes --disable-win32-utf8-manifest]
  ignore line: [Thread model: posix]
  ignore line: [Supported LTO compression algorithms: zlib zstd]
  ignore line: [gcc version 15.2.0 (crosstool-NG esp-15.2.0_20251204) ]
  ignore line: [COLLECT_GCC_OPTIONS='-mdynconfig=xtensa_esp32.so' '-Wno-frame-address' '-mlongcalls' '-fno-builtin-memcpy' '-fno-builtin-memset' '-fno-builtin-bzero' '-specs=/home/student/Desktop/ProjekatDisplej/DisplayAudi/build/specs/picolibc.specs' '-v' '-o' 'CMakeFiles/cmTC_ae7a7.dir/CMakeCXXCompilerABI.cpp.obj' '-c' '-dumpdir' 'CMakeFiles/cmTC_ae7a7.dir/']
  ignore line: [ /home/student/.espressif/tools/xtensa-esp-elf/esp-15.2.0_20251204/xtensa-esp-elf/bin/../libexec/gcc/xtensa-esp-elf/15.2.0/cc1plus -quiet -v -imultilib esp32 -iprefix /home/student/.espressif/tools/xtensa-esp-elf/esp-15.2.0_20251204/xtensa-esp-elf/bin/../lib/gcc/xtensa-esp-elf/15.2.0/ -isysroot /home/student/.espressif/tools/xtensa-esp-elf/esp-15.2.0_20251204/xtensa-esp-elf/bin/../xtensa-esp-elf /usr/share/cmake-3.22/Modules/CMakeCXXCompilerABI.cpp -ftls-model=local-exec -quiet -dumpdir CMakeFiles/cmTC_ae7a7.dir/ -dumpbase CMakeCXXCompilerABI.cpp.cpp -dumpbase-ext .cpp -mdynconfig=xtensa_esp32.so -mlongcalls -Wno-frame-address -version -fno-builtin-memcpy -fno-builtin-memset -fno-builtin-bzero -isystem /home/student/.espressif/tools/xtensa-esp-elf/esp-15.2.0_20251204/xtensa-esp-elf/bin/../xtensa-esp-elf/../picolibc/include -isystem /home/student/.espressif/tools/xtensa-esp-elf/esp-15.2.0_20251204/xtensa-esp-elf/bin/../xtensa-esp-elf/../picolibc/include/../xtensa-esp-elf/include/c++/15.2.0/xtensa-esp-elf/esp32 -ftls-model=local-exec -o /tmp/ccWU2CHS.s]
  ignore line: [GNU C++17 (crosstool-NG esp-15.2.0_20251204) version 15.2.0 (xtensa-esp-elf)]
  ignore line: [	compiled by GNU C version 6.3.0  GMP version 6.3.0  MPFR version 4.2.1  MPC version 1.3.1  isl version isl-0.26-GMP]
  ignore line: []
  ignore line: [GGC heuristics: --param ggc-min-expand=100 --param ggc-min-heapsize=131072]
  ignore line: [ignoring duplicate directory "/home/student/.espressif/tools/xtensa-esp-elf/esp-15.2.0_20251204/xtensa-esp-elf/bin/../lib/gcc/../../lib/gcc/xtensa-esp-elf/15.2.0/../../../../xtensa-esp-elf/include/c++/15.2.0"]
  ignore line: [ignoring duplicate directory "/home/student/.espressif/tools/xtensa-esp-elf/esp-15.2.0_20251204/xtensa-esp-elf/bin/../lib/gcc/../../lib/gcc/xtensa-esp-elf/15.2.0/../../../../xtensa-esp-elf/include/c++/15.2.0/xtensa-esp-elf/esp32"]
  ignore line: [ignoring duplicate directory "/home/student/.espressif/tools/xtensa-esp-elf/esp-15.2.0_20251204/xtensa-esp-elf/bin/../lib/gcc/../../lib/gcc/xtensa-esp-elf/15.2.0/../../../../xtensa-esp-elf/include/c++/15.2.0/backward"]
  ignore line: [ignoring duplicate directory "/home/student/.espressif/tools/xtensa-esp-elf/esp-15.2.0_20251204/xtensa-esp-elf/bin/../lib/gcc/../../lib/gcc/xtensa-esp-elf/15.2.0/include"]
  ignore line: [ignoring nonexistent directory "/home/student/.espressif/tools/xtensa-esp-elf/esp-15.2.0_20251204/xtensa-esp-elf/bin/../xtensa-esp-elf/builds/idf/crosstool-NG/builds/xtensa-esp-elf/xtensa-esp-elf/include"]
  ignore line: [ignoring duplicate directory "/home/student/.espressif/tools/xtensa-esp-elf/esp-15.2.0_20251204/xtensa-esp-elf/bin/../lib/gcc/../../lib/gcc/xtensa-esp-elf/15.2.0/include-fixed"]
  ignore line: [ignoring duplicate directory "/home/student/.espressif/tools/xtensa-esp-elf/esp-15.2.0_20251204/xtensa-esp-elf/bin/../lib/gcc/../../lib/gcc/xtensa-esp-elf/15.2.0/../../../../xtensa-esp-elf/include"]
  ignore line: [ignoring duplicate directory "/home/student/.espressif/tools/xtensa-esp-elf/esp-15.2.0_20251204/xtensa-esp-elf/bin/../xtensa-esp-elf/include"]
  ignore line: [#include "..." search starts here:]
  ignore line: [#include <...> search starts here:]
  ignore line: [ /home/student/.espressif/tools/xtensa-esp-elf/esp-15.2.0_20251204/xtensa-esp-elf/bin/../xtensa-esp-elf/../picolibc/include]
  ignore line: [ /home/student/.espressif/tools/xtensa-esp-elf/esp-15.2.0_20251204/xtensa-esp-elf/bin/../xtensa-esp-elf/../picolibc/include/../xtensa-esp-elf/include/c++/15.2.0/xtensa-esp-elf/esp32]
  ignore line: [ /home/student/.espressif/tools/xtensa-esp-elf/esp-15.2.0_20251204/xtensa-esp-elf/bin/../lib/gcc/xtensa-esp-elf/15.2.0/../../../../xtensa-esp-elf/include/c++/15.2.0]
  ignore line: [ /home/student/.espressif/tools/xtensa-esp-elf/esp-15.2.0_20251204/xtensa-esp-elf/bin/../lib/gcc/xtensa-esp-elf/15.2.0/../../../../xtensa-esp-elf/include/c++/15.2.0/xtensa-esp-elf/esp32]
  ignore line: [ /home/student/.espressif/tools/xtensa-esp-elf/esp-15.2.0_20251204/xtensa-esp-elf/bin/../lib/gcc/xtensa-esp-elf/15.2.0/../../../../xtensa-esp-elf/include/c++/15.2.0/backward]
  ignore line: [ /home/student/.espressif/tools/xtensa-esp-elf/esp-15.2.0_20251204/xtensa-esp-elf/bin/../lib/gcc/xtensa-esp-elf/15.2.0/include]
  ignore line: [ /home/student/.espressif/tools/xtensa-esp-elf/esp-15.2.0_20251204/xtensa-esp-elf/bin/../lib/gcc/xtensa-esp-elf/15.2.0/include-fixed]
  ignore line: [ /home/student/.espressif/tools/xtensa-esp-elf/esp-15.2.0_20251204/xtensa-esp-elf/bin/../lib/gcc/xtensa-esp-elf/15.2.0/../../../../xtensa-esp-elf/include]
  ignore line: [End of search list.]
  ignore line: [Compiler executable checksum: ddaf5163ec1d262ade9e7a5c85eeee1b]
  ignore line: [COLLECT_GCC_OPTIONS='-mdynconfig=xtensa_esp32.so' '-Wno-frame-address' '-mlongcalls' '-fno-builtin-memcpy' '-fno-builtin-memset' '-fno-builtin-bzero' '-specs=/home/student/Desktop/ProjekatDisplej/DisplayAudi/build/specs/picolibc.specs' '-v' '-o' 'CMakeFiles/cmTC_ae7a7.dir/CMakeCXXCompilerABI.cpp.obj' '-c' '-dumpdir' 'CMakeFiles/cmTC_ae7a7.dir/']
  ignore line: [ /home/student/.espressif/tools/xtensa-esp-elf/esp-15.2.0_20251204/xtensa-esp-elf/bin/../lib/gcc/xtensa-esp-elf/15.2.0/../../../../xtensa-esp-elf/bin/as --traditional-format --longcalls --dynconfig=xtensa_esp32.so -o CMakeFiles/cmTC_ae7a7.dir/CMakeCXXCompilerABI.cpp.obj /tmp/ccWU2CHS.s]
  ignore line: [COMPILER_PATH=/home/student/.espressif/tools/xtensa-esp-elf/esp-15.2.0_20251204/xtensa-esp-elf/bin/../libexec/gcc/xtensa-esp-elf/15.2.0/:/home/student/.espressif/tools/xtensa-esp-elf/esp-15.2.0_20251204/xtensa-esp-elf/bin/../libexec/gcc/:/home/student/.espressif/tools/xtensa-esp-elf/esp-15.2.0_20251204/xtensa-esp-elf/bin/../lib/gcc/xtensa-esp-elf/15.2.0/../../../../xtensa-esp-elf/bin/]
  ignore line: [LIBRARY_PATH=/home/student/.espressif/tools/xtensa-esp-elf/esp-15.2.0_20251204/xtensa-esp-elf/bin/../lib/gcc/xtensa-esp-elf/15.2.0/esp32/:/home/student/.espressif/tools/xtensa-esp-elf/esp-15.2.0_20251204/xtensa-esp-elf/bin/../lib/gcc/xtensa-esp-elf/15.2.0/../../../../xtensa-esp-elf/lib/esp32/:/home/student/.espressif/tools/xtensa-esp-elf/esp-15.2.0_20251204/xtensa-esp-elf/bin/../xtensa-esp-elf/lib/esp32/:/home/student/.espressif/tools/xtensa-esp-elf/esp-15.2.0_20251204/xtensa-esp-elf/bin/../lib/gcc/xtensa-esp-elf/15.2.0/:/home/student/.espressif/tools/xtensa-esp-elf/esp-15.2.0_20251204/xtensa-esp-elf/bin/../lib/gcc/:/home/student/.espressif/tools/xtensa-esp-elf/esp-15.2.0_20251204/xtensa-esp-elf/bin/../lib/gcc/xtensa-esp-elf/15.2.0/../../../../xtensa-esp-elf/lib/:/home/student/.espressif/tools/xtensa-esp-elf/esp-15.2.0_20251204/xtensa-esp-elf/bin/../xtensa-esp-elf/lib/:/home/student/.espressif/tools/xtensa-esp-elf/esp-15.2.0_20251204/xtensa-esp-elf/bin/../xtensa-esp-elf/usr/lib/]
  ignore line: [COLLECT_GCC_OPTIONS='-mdynconfig=xtensa_esp32.so' '-Wno-frame-address' '-mlongcalls' '-fno-builtin-memcpy' '-fno-builtin-memset' '-fno-builtin-bzero' '-specs=/home/student/Desktop/ProjekatDisplej/DisplayAudi/build/specs/picolibc.specs' '-v' '-o' 'CMakeFiles/cmTC_ae7a7.dir/CMakeCXXCompilerABI.cpp.obj' '-c' '-dumpdir' 'CMakeFiles/cmTC_ae7a7.dir/CMakeCXXCompilerABI.cpp.']
  ignore line: [[2/2] Linking CXX executable cmTC_ae7a7]
  ignore line: [Using built-in specs.]
  ignore line: [Reading specs from /home/student/Desktop/ProjekatDisplej/DisplayAudi/build/specs/picolibc.specs]
  ignore line: [rename spec link to picolibc_link]
  ignore line: [rename spec link_libgcc to picolibc_link_libgcc]
  ignore line: [rename spec cpp to picolibc_cpp]
  ignore line: [rename spec cc1 to picolibc_cc1]
  ignore line: [rename spec cc1plus to picolibc_cc1plus]
  ignore line: [COLLECT_GCC=/home/student/.espressif/tools/xtensa-esp-elf/esp-15.2.0_20251204/xtensa-esp-elf/bin/xtensa-esp-elf-g++]
  ignore line: [COLLECT_LTO_WRAPPER=/home/student/.espressif/tools/xtensa-esp-elf/esp-15.2.0_20251204/xtensa-esp-elf/bin/../libexec/gcc/xtensa-esp-elf/15.2.0/lto-wrapper]
  ignore line: [Target: xtensa-esp-elf]
  ignore line: [Configured with: /builds/idf/crosstool-NG/.build/xtensa-esp-elf/src/gcc/configure --build=x86_64-build_pc-linux-gnu --host=x86_64-build_pc-linux-gnu --target=xtensa-esp-elf --prefix=/builds/idf/crosstool-NG/builds/xtensa-esp-elf --exec_prefix=/builds/idf/crosstool-NG/builds/xtensa-esp-elf --with-local-prefix=/builds/idf/crosstool-NG/builds/xtensa-esp-elf/xtensa-esp-elf --with-sysroot=/builds/idf/crosstool-NG/builds/xtensa-esp-elf/xtensa-esp-elf --with-native-system-header-dir=/include --with-headers=/builds/idf/crosstool-NG/builds/xtensa-esp-elf/xtensa-esp-elf/include --with-newlib --enable-threads=no --disable-shared --with-pkgversion='crosstool-NG esp-15.2.0_20251204' --disable-__cxa_atexit --enable-cxx-flags='-ffunction-sections -fdata-sections' --disable-libgomp --disable-libmudflap --disable-libmpx --disable-libssp --disable-libquadmath --disable-libquadmath-support --disable-libstdcxx-verbose --with-gmp=/builds/idf/crosstool-NG/.build/xtensa-esp-elf/buildtools --with-mpfr=/builds/idf/crosstool-NG/.build/xtensa-esp-elf/buildtools --with-mpc=/builds/idf/crosstool-NG/.build/xtensa-esp-elf/buildtools --with-isl=/builds/idf/crosstool-NG/.build/xtensa-esp-elf/buildtools --enable-lto --enable-target-optspace --without-long-double-128 --enable-plugin --disable-nls --enable-multiarch --enable-languages=c c++ --disable-libstdcxx-verbose --enable-threads=posix --enable-libstdcxx-time=yes --disable-win32-utf8-manifest]
  ignore line: [Thread model: posix]
  ignore line: [Supported LTO compression algorithms: zlib zstd]
  ignore line: [gcc version 15.2.0 (crosstool-NG esp-15.2.0_20251204) ]
  ignore line: [COMPILER_PATH=/home/student/.espressif/tools/xtensa-esp-elf/esp-15.2.0_20251204/xtensa-esp-elf/bin/../libexec/gcc/xtensa-esp-elf/15.2.0/:/home/student/.espressif/tools/xtensa-esp-elf/esp-15.2.0_20251204/xtensa-esp-elf/bin/../libexec/gcc/:/home/student/.espressif/tools/xtensa-esp-elf/esp-15.2.0_20251204/xtensa-esp-elf/bin/../lib/gcc/xtensa-esp-elf/15.2.0/../../../../xtensa-esp-elf/bin/]
  ignore line: [LIBRARY_PATH=/home/student/.espressif/tools/xtensa-esp-elf/esp-15.2.0_20251204/xtensa-esp-elf/bin/../lib/gcc/xtensa-esp-elf/15.2.0/esp32/:/home/student/.espressif/tools/xtensa-esp-elf/esp-15.2.0_20251204/xtensa-esp-elf/bin/../lib/gcc/xtensa-esp-elf/15.2.0/../../../../xtensa-esp-elf/lib/esp32/:/home/student/.espressif/tools/xtensa-esp-elf/esp-15.2.0_20251204/xtensa-esp-elf/bin/../xtensa-esp-elf/lib/esp32/:/home/student/.espressif/tools/xtensa-esp-elf/esp-15.2.0_20251204/xtensa-esp-elf/bin/../lib/gcc/xtensa-esp-elf/15.2.0/:/home/student/.espressif/tools/xtensa-esp-elf/esp-15.2.0_20251204/xtensa-esp-elf/bin/../lib/gcc/:/home/student/.espressif/tools/xtensa-esp-elf/esp-15.2.0_20251204/xtensa-esp-elf/bin/../lib/gcc/xtensa-esp-elf/15.2.0/../../../../xtensa-esp-elf/lib/:/home/student/.espressif/tools/xtensa-esp-elf/esp-15.2.0_20251204/xtensa-esp-elf/bin/../xtensa-esp-elf/lib/:/home/student/.espressif/tools/xtensa-esp-elf/esp-15.2.0_20251204/xtensa-esp-elf/bin/../xtensa-esp-elf/usr/lib/]
  ignore line: [COLLECT_GCC_OPTIONS='-mdynconfig=xtensa_esp32.so' '-Wno-frame-address' '-mlongcalls' '-fno-builtin-memcpy' '-fno-builtin-memset' '-fno-builtin-bzero' '-specs=/home/student/Desktop/ProjekatDisplej/DisplayAudi/build/specs/picolibc.specs' '-nostartfiles' '-v' '-o' 'cmTC_ae7a7' '-dumpdir' 'cmTC_ae7a7.']
  link line: [ /home/student/.espressif/tools/xtensa-esp-elf/esp-15.2.0_20251204/xtensa-esp-elf/bin/../libexec/gcc/xtensa-esp-elf/15.2.0/collect2 -plugin /home/student/.espressif/tools/xtensa-esp-elf/esp-15.2.0_20251204/xtensa-esp-elf/bin/../libexec/gcc/xtensa-esp-elf/15.2.0/liblto_plugin.so -plugin-opt=/home/student/.espressif/tools/xtensa-esp-elf/esp-15.2.0_20251204/xtensa-esp-elf/bin/../libexec/gcc/xtensa-esp-elf/15.2.0/lto-wrapper -plugin-opt=-fresolution=/tmp/ccHF3MmZ.res -plugin-opt=-pass-through=-lgcc -plugin-opt=-pass-through=-lgcc -plugin-opt=-pass-through=-lc -plugin-opt=-pass-through=-lgcc -L/home/student/.espressif/tools/xtensa-esp-elf/esp-15.2.0_20251204/xtensa-esp-elf/bin/../xtensa-esp-elf/../picolibc/xtensa-esp-elf/lib/esp32 -L/home/student/.espressif/tools/xtensa-esp-elf/esp-15.2.0_20251204/xtensa-esp-elf/bin/../xtensa-esp-elf/../picolibc/xtensa-esp-elf/lib -Tpicolibc.ld --sysroot=/home/student/.espressif/tools/xtensa-esp-elf/esp-15.2.0_20251204/xtensa-esp-elf/bin/../xtensa-esp-elf --dynconfig=xtensa_esp32.so -o cmTC_ae7a7 -L/home/student/.espressif/tools/xtensa-esp-elf/esp-15.2.0_20251204/xtensa-esp-elf/bin/../xtensa-esp-elf/../picolibc/lib/gcc/xtensa-esp-elf/15.2.0/esp32 -L/home/student/.espressif/tools/xtensa-esp-elf/esp-15.2.0_20251204/xtensa-esp-elf/bin/../xtensa-esp-elf/../picolibc/lib/gcc/xtensa-esp-elf/15.2.0 -L/home/student/.espressif/tools/xtensa-esp-elf/esp-15.2.0_20251204/xtensa-esp-elf/bin/../lib/gcc/xtensa-esp-elf/15.2.0/esp32 -L/home/student/.espressif/tools/xtensa-esp-elf/esp-15.2.0_20251204/xtensa-esp-elf/bin/../lib/gcc/xtensa-esp-elf/15.2.0/../../../../xtensa-esp-elf/lib/esp32 -L/home/student/.espressif/tools/xtensa-esp-elf/esp-15.2.0_20251204/xtensa-esp-elf/bin/../xtensa-esp-elf/lib/esp32 -L/home/student/.espressif/tools/xtensa-esp-elf/esp-15.2.0_20251204/xtensa-esp-elf/bin/../lib/gcc/xtensa-esp-elf/15.2.0 -L/home/student/.espressif/tools/xtensa-esp-elf/esp-15.2.0_20251204/xtensa-esp-elf/bin/../lib/gcc -L/home/student/.espressif/tools/xtensa-esp-elf/esp-15.2.0_20251204/xtensa-esp-elf/bin/../lib/gcc/xtensa-esp-elf/15.2.0/../../../../xtensa-esp-elf/lib -L/home/student/.espressif/tools/xtensa-esp-elf/esp-15.2.0_20251204/xtensa-esp-elf/bin/../xtensa-esp-elf/lib -L/home/student/.espressif/tools/xtensa-esp-elf/esp-15.2.0_20251204/xtensa-esp-elf/bin/../xtensa-esp-elf/usr/lib @/tmp/cc1ICj6L -lgcc --start-group -lgcc -lc --end-group -lgcc]
    arg [/home/student/.espressif/tools/xtensa-esp-elf/esp-15.2.0_20251204/xtensa-esp-elf/bin/../libexec/gcc/xtensa-esp-elf/15.2.0/collect2] ==> ignore
    arg [-plugin] ==> ignore
    arg [/home/student/.espressif/tools/xtensa-esp-elf/esp-15.2.0_20251204/xtensa-esp-elf/bin/../libexec/gcc/xtensa-esp-elf/15.2.0/liblto_plugin.so] ==> ignore
    arg [-plugin-opt=/home/student/.espressif/tools/xtensa-esp-elf/esp-15.2.0_20251204/xtensa-esp-elf/bin/../libexec/gcc/xtensa-esp-elf/15.2.0/lto-wrapper] ==> ignore
    arg [-plugin-opt=-fresolution=/tmp/ccHF3MmZ.res] ==> ignore
    arg [-plugin-opt=-pass-through=-lgcc] ==> ignore
    arg [-plugin-opt=-pass-through=-lgcc] ==> ignore
    arg [-plugin-opt=-pass-through=-lc] ==> ignore
    arg [-plugin-opt=-pass-through=-lgcc] ==> ignore
    arg [-L/home/student/.espressif/tools/xtensa-esp-elf/esp-15.2.0_20251204/xtensa-esp-elf/bin/../xtensa-esp-elf/../picolibc/xtensa-esp-elf/lib/esp32] ==> dir [/home/student/.espressif/tools/xtensa-esp-elf/esp-15.2.0_20251204/xtensa-esp-elf/bin/../xtensa-esp-elf/../picolibc/xtensa-esp-elf/lib/esp32]
    arg [-L/home/student/.espressif/tools/xtensa-esp-elf/esp-15.2.0_20251204/xtensa-esp-elf/bin/../xtensa-esp-elf/../picolibc/xtensa-esp-elf/lib] ==> dir [/home/student/.espressif/tools/xtensa-esp-elf/esp-15.2.0_20251204/xtensa-esp-elf/bin/../xtensa-esp-elf/../picolibc/xtensa-esp-elf/lib]
    arg [-Tpicolibc.ld] ==> ignore
    arg [--sysroot=/home/student/.espressif/tools/xtensa-esp-elf/esp-15.2.0_20251204/xtensa-esp-elf/bin/../xtensa-esp-elf] ==> ignore
    arg [--dynconfig=xtensa_esp32.so] ==> ignore
    arg [-o] ==> ignore
    arg [cmTC_ae7a7] ==> ignore
    arg [-L/home/student/.espressif/tools/xtensa-esp-elf/esp-15.2.0_20251204/xtensa-esp-elf/bin/../xtensa-esp-elf/../picolibc/lib/gcc/xtensa-esp-elf/15.2.0/esp32] ==> dir [/home/student/.espressif/tools/xtensa-esp-elf/esp-15.2.0_20251204/xtensa-esp-elf/bin/../xtensa-esp-elf/../picolibc/lib/gcc/xtensa-esp-elf/15.2.0/esp32]
    arg [-L/home/student/.espressif/tools/xtensa-esp-elf/esp-15.2.0_20251204/xtensa-esp-elf/bin/../xtensa-esp-elf/../picolibc/lib/gcc/xtensa-esp-elf/15.2.0] ==> dir [/home/student/.espressif/tools/xtensa-esp-elf/esp-15.2.0_20251204/xtensa-esp-elf/bin/../xtensa-esp-elf/../picolibc/lib/gcc/xtensa-esp-elf/15.2.0]
    arg [-L/home/student/.espressif/tools/xtensa-esp-elf/esp-15.2.0_20251204/xtensa-esp-elf/bin/../lib/gcc/xtensa-esp-elf/15.2.0/esp32] ==> dir [/home/student/.espressif/tools/xtensa-esp-elf/esp-15.2.0_20251204/xtensa-esp-elf/bin/../lib/gcc/xtensa-esp-elf/15.2.0/esp32]
    arg [-L/home/student/.espressif/tools/xtensa-esp-elf/esp-15.2.0_20251204/xtensa-esp-elf/bin/../lib/gcc/xtensa-esp-elf/15.2.0/../../../../xtensa-esp-elf/lib/esp32] ==> dir [/home/student/.espressif/tools/xtensa-esp-elf/esp-15.2.0_20251204/xtensa-esp-elf/bin/../lib/gcc/xtensa-esp-elf/15.2.0/../../../../xtensa-esp-elf/lib/esp32]
    arg [-L/home/student/.espressif/tools/xtensa-esp-elf/esp-15.2.0_20251204/xtensa-esp-elf/bin/../xtensa-esp-elf/lib/esp32] ==> dir [/home/student/.espressif/tools/xtensa-esp-elf/esp-15.2.0_20251204/xtensa-esp-elf/bin/../xtensa-esp-elf/lib/esp32]
    arg [-L/home/student/.espressif/tools/xtensa-esp-elf/esp-15.2.0_20251204/xtensa-esp-elf/bin/../lib/gcc/xtensa-esp-elf/15.2.0] ==> dir [/home/student/.espressif/tools/xtensa-esp-elf/esp-15.2.0_20251204/xtensa-esp-elf/bin/../lib/gcc/xtensa-esp-elf/15.2.0]
    arg [-L/home/student/.espressif/tools/xtensa-esp-elf/esp-15.2.0_20251204/xtensa-esp-elf/bin/../lib/gcc] ==> dir [/home/student/.espressif/tools/xtensa-esp-elf/esp-15.2.0_20251204/xtensa-esp-elf/bin/../lib/gcc]
    arg [-L/home/student/.espressif/tools/xtensa-esp-elf/esp-15.2.0_20251204/xtensa-esp-elf/bin/../lib/gcc/xtensa-esp-elf/15.2.0/../../../../xtensa-esp-elf/lib] ==> dir [/home/student/.espressif/tools/xtensa-esp-elf/esp-15.2.0_20251204/xtensa-esp-elf/bin/../lib/gcc/xtensa-esp-elf/15.2.0/../../../../xtensa-esp-elf/lib]
    arg [-L/home/student/.espressif/tools/xtensa-esp-elf/esp-15.2.0_20251204/xtensa-esp-elf/bin/../xtensa-esp-elf/lib] ==> dir [/home/student/.espressif/tools/xtensa-esp-elf/esp-15.2.0_20251204/xtensa-esp-elf/bin/../xtensa-esp-elf/lib]
    arg [-L/home/student/.espressif/tools/xtensa-esp-elf/esp-15.2.0_20251204/xtensa-esp-elf/bin/../xtensa-esp-elf/usr/lib] ==> dir [/home/student/.espressif/tools/xtensa-esp-elf/esp-15.2.0_20251204/xtensa-esp-elf/bin/../xtensa-esp-elf/usr/lib]
    arg [@/tmp/cc1ICj6L] ==> ignore
    arg [-lgcc] ==> lib [gcc]
    arg [--start-group] ==> ignore
    arg [-lgcc] ==> lib [gcc]
    arg [-lc] ==> lib [c]
    arg [--end-group] ==> ignore
    arg [-lgcc] ==> lib [gcc]
  collapse library dir [/home/student/.espressif/tools/xtensa-esp-elf/esp-15.2.0_20251204/xtensa-esp-elf/bin/../xtensa-esp-elf/../picolibc/xtensa-esp-elf/lib/esp32] ==> [/home/student/.espressif/tools/xtensa-esp-elf/esp-15.2.0_20251204/xtensa-esp-elf/picolibc/xtensa-esp-elf/lib/esp32]
  collapse library dir [/home/student/.espressif/tools/xtensa-esp-elf/esp-15.2.0_20251204/xtensa-esp-elf/bin/../xtensa-esp-elf/../picolibc/xtensa-esp-elf/lib] ==> [/home/student/.espressif/tools/xtensa-esp-elf/esp-15.2.0_20251204/xtensa-esp-elf/picolibc/xtensa-esp-elf/lib]
  collapse library dir [/home/student/.espressif/tools/xtensa-esp-elf/esp-15.2.0_20251204/xtensa-esp-elf/bin/../xtensa-esp-elf/../picolibc/lib/gcc/xtensa-esp-elf/15.2.0/esp32] ==> [/home/student/.espressif/tools/xtensa-esp-elf/esp-15.2.0_20251204/xtensa-esp-elf/picolibc/lib/gcc/xtensa-esp-elf/15.2.0/esp32]
  collapse library dir [/home/student/.espressif/tools/xtensa-esp-elf/esp-15.2.0_20251204/xtensa-esp-elf/bin/../xtensa-esp-elf/../picolibc/lib/gcc/xtensa-esp-elf/15.2.0] ==> [/home/student/.espressif/tools/xtensa-esp-elf/esp-15.2.0_20251204/xtensa-esp-elf/picolibc/lib/gcc/xtensa-esp-elf/15.2.0]
  collapse library dir [/home/student/.espressif/tools/xtensa-esp-elf/esp-15.2.0_20251204/xtensa-esp-elf/bin/../lib/gcc/xtensa-esp-elf/15.2.0/esp32] ==> [/home/student/.espressif/tools/xtensa-esp-elf/esp-15.2.0_20251204/xtensa-esp-elf/lib/gcc/xtensa-esp-elf/15.2.0/esp32]
  collapse library dir [/home/student/.espressif/tools/xtensa-esp-elf/esp-15.2.0_20251204/xtensa-esp-elf/bin/../lib/gcc/xtensa-esp-elf/15.2.0/../../../../xtensa-esp-elf/lib/esp32] ==> [/home/student/.espressif/tools/xtensa-esp-elf/esp-15.2.0_20251204/xtensa-esp-elf/xtensa-esp-elf/lib/esp32]
  collapse library dir [/home/student/.espressif/tools/xtensa-esp-elf/esp-15.2.0_20251204/xtensa-esp-elf/bin/../xtensa-esp-elf/lib/esp32] ==> [/home/student/.espressif/tools/xtensa-esp-elf/esp-15.2.0_20251204/xtensa-esp-elf/xtensa-esp-elf/lib/esp32]
  collapse library dir [/home/student/.espressif/tools/xtensa-esp-elf/esp-15.2.0_20251204/xtensa-esp-elf/bin/../lib/gcc/xtensa-esp-elf/15.2.0] ==> [/home/student/.espressif/tools/xtensa-esp-elf/esp-15.2.0_20251204/xtensa-esp-elf/lib/gcc/xtensa-esp-elf/15.2.0]
  collapse library dir [/home/student/.espressif/tools/xtensa-esp-elf/esp-15.2.0_20251204/xtensa-esp-elf/bin/../lib/gcc] ==> [/home/student/.espressif/tools/xtensa-esp-elf/esp-15.2.0_20251204/xtensa-esp-elf/lib/gcc]
  collapse library dir [/home/student/.espressif/tools/xtensa-esp-elf/esp-15.2.0_20251204/xtensa-esp-elf/bin/../lib/gcc/xtensa-esp-elf/15.2.0/../../../../xtensa-esp-elf/lib] ==> [/home/student/.espressif/tools/xtensa-esp-elf/esp-15.2.0_20251204/xtensa-esp-elf/xtensa-esp-elf/lib]
  collapse library dir [/home/student/.espressif/tools/xtensa-esp-elf/esp-15.2.0_20251204/xtensa-esp-elf/bin/../xtensa-esp-elf/lib] ==> [/home/student/.espressif/tools/xtensa-esp-elf/esp-15.2.0_20251204/xtensa-esp-elf/xtensa-esp-elf/lib]
  collapse library dir [/home/student/.espressif/tools/xtensa-esp-elf/esp-15.2.0_20251204/xtensa-esp-elf/bin/../xtensa-esp-elf/usr/lib] ==> [/home/student/.espressif/tools/xtensa-esp-elf/esp-15.2.0_20251204/xtensa-esp-elf/xtensa-esp-elf/usr/lib]
  implicit libs: [gcc;gcc;c;gcc]
  implicit objs: []
  implicit dirs: [/home/student/.espressif/tools/xtensa-esp-elf/esp-15.2.0_20251204/xtensa-esp-elf/picolibc/xtensa-esp-elf/lib/esp32;/home/student/.espressif/tools/xtensa-esp-elf/esp-15.2.0_20251204/xtensa-esp-elf/picolibc/xtensa-esp-elf/lib;/home/student/.espressif/tools/xtensa-esp-elf/esp-15.2.0_20251204/xtensa-esp-elf/picolibc/lib/gcc/xtensa-esp-elf/15.2.0/esp32;/home/student/.espressif/tools/xtensa-esp-elf/esp-15.2.0_20251204/xtensa-esp-elf/picolibc/lib/gcc/xtensa-esp-elf/15.2.0;/home/student/.espressif/tools/xtensa-esp-elf/esp-15.2.0_20251204/xtensa-esp-elf/lib/gcc/xtensa-esp-elf/15.2.0/esp32;/home/student/.espressif/tools/xtensa-esp-elf/esp-15.2.0_20251204/xtensa-esp-elf/xtensa-esp-elf/lib/esp32;/home/student/.espressif/tools/xtensa-esp-elf/esp-15.2.0_20251204/xtensa-esp-elf/lib/gcc/xtensa-esp-elf/15.2.0;/home/student/.espressif/tools/xtensa-esp-elf/esp-15.2.0_20251204/xtensa-esp-elf/lib/gcc;/home/student/.espressif/tools/xtensa-esp-elf/esp-15.2.0_20251204/xtensa-esp-elf/xtensa-esp-elf/lib;/home/student/.espressif/tools/xtensa-esp-elf/esp-15.2.0_20251204/xtensa-esp-elf/xtensa-esp-elf/usr/lib]
  implicit fwks: []


Detecting C compiler ABI info compiled with the following output:
Change Dir: /home/student/Desktop/ProjekatDisplej/DisplayAudi/build/CMakeFiles/CMakeTmp

Run Build Command(s):/usr/bin/ninja cmTC_6731b && [1/2] Building C object CMakeFiles/cmTC_6731b.dir/CMakeCCompilerABI.c.obj
Using built-in specs.
Reading specs from /home/student/Desktop/ProjekatDisplej/DisplayAudi/build/specs/picolibc.specs
rename spec link to picolibc_link
rename spec link_libgcc to picolibc_link_libgcc
rename spec cpp to picolibc_cpp
rename spec cc1 to picolibc_cc1
rename spec cc1plus to picolibc_cc1plus
COLLECT_GCC=/home/student/.espressif/tools/xtensa-esp-elf/esp-15.2.0_20251204/xtensa-esp-elf/bin/xtensa-esp-elf-gcc
Target: xtensa-esp-elf
Configured with: /builds/idf/crosstool-NG/.build/xtensa-esp-elf/src/gcc/configure --build=x86_64-build_pc-linux-gnu --host=x86_64-build_pc-linux-gnu --target=xtensa-esp-elf --prefix=/builds/idf/crosstool-NG/builds/xtensa-esp-elf --exec_prefix=/builds/idf/crosstool-NG/builds/xtensa-esp-elf --with-local-prefix=/builds/idf/crosstool-NG/builds/xtensa-esp-elf/xtensa-esp-elf --with-sysroot=/builds/idf/crosstool-NG/builds/xtensa-esp-elf/xtensa-esp-elf --with-native-system-header-dir=/include --with-headers=/builds/idf/crosstool-NG/builds/xtensa-esp-elf/xtensa-esp-elf/include --with-newlib --enable-threads=no --disable-shared --with-pkgversion='crosstool-NG esp-15.2.0_20251204' --disable-__cxa_atexit --enable-cxx-flags='-ffunction-sections -fdata-sections' --disable-libgomp --disable-libmudflap --disable-libmpx --disable-libssp --disable-libquadmath --disable-libquadmath-support --disable-libstdcxx-verbose --with-gmp=/builds/idf/crosstool-NG/.build/xtensa-esp-elf/buildtools --with-mpfr=/builds/idf/crosstool-NG/.build/xtensa-esp-elf/buildtools --with-mpc=/builds/idf/crosstool-NG/.build/xtensa-esp-elf/buildtools --with-isl=/builds/idf/crosstool-NG/.build/xtensa-esp-elf/buildtools --enable-lto --enable-target-optspace --without-long-double-128 --enable-plugin --disable-nls --enable-multiarch --enable-languages=c,c++ --disable-libstdcxx-verbose --enable-threads=posix --enable-libstdcxx-time=yes --disable-win32-utf8-manifest
Thread model: posix
Supported LTO compression algorithms: zlib zstd
gcc version 15.2.0 (crosstool-NG esp-15.2.0_20251204) 
COLLECT_GCC_OPTIONS='-mdynconfig=xtensa_esp32.so' '-Wno-frame-address' '-mlongcalls' '-fno-builtin-memcpy' '-fno-builtin-memset' '-fno-builtin-bzero' '-specs=/home/student/Desktop/ProjekatDisplej/DisplayAudi/build/specs/picolibc.specs' '-v' '-o' 'CMakeFiles/cmTC_6731b.dir/CMakeCCompilerABI.c.obj' '-c' '-dumpdir' 'CMakeFiles/cmTC_6731b.dir/'
 /home/student/.espressif/tools/xtensa-esp-elf/esp-15.2.0_20251204/xtensa-esp-elf/bin/../libexec/gcc/xtensa-esp-elf/15.2.0/cc1 -quiet -v -imultilib esp32 -iprefix /home/student/.espressif/tools/xtensa-esp-elf/esp-15.2.0_20251204/xtensa-esp-elf/bin/../lib/gcc/xtensa-esp-elf/15.2.0/ -isysroot /home/student/.espressif/tools/xtensa-esp-elf/esp-15.2.0_20251204/xtensa-esp-elf/bin/../xtensa-esp-elf -isystem /home/student/.espressif/tools/xtensa-esp-elf/esp-15.2.0_20251204/xtensa-esp-elf/bin/../xtensa-esp-elf/../picolibc/include -isystem /home/student/.espressif/tools/xtensa-esp-elf/esp-15.2.0_20251204/xtensa-esp-elf/bin/../xtensa-esp-elf/../picolibc/include/../xtensa-esp-elf/include/c++/15.2.0/xtensa-esp-elf/esp32 /usr/share/cmake-3.22/Modules/CMakeCCompilerABI.c -ftls-model=local-exec -quiet -dumpdir CMakeFiles/cmTC_6731b.dir/ -dumpbase CMakeCCompilerABI.c.c -dumpbase-ext .c -mdynconfig=xtensa_esp32.so -mlongcalls -Wno-frame-address -version -fno-builtin-memcpy -fno-builtin-memset -fno-builtin-bzero -o /tmp/cc98vWiZ.s
GNU C23 (crosstool-NG esp-15.2.0_20251204) version 15.2.0 (xtensa-esp-elf)
	compiled by GNU C version 6.3.0, GMP version 6.3.0, MPFR version 4.2.1, MPC version 1.3.1, isl version isl-0.26-GMP

GGC heuristics: --param ggc-min-expand=100 --param ggc-min-heapsize=131072
ignoring duplicate directory "/home/student/.espressif/tools/xtensa-esp-elf/esp-15.2.0_20251204/xtensa-esp-elf/bin/../lib/gcc/../../lib/gcc/xtensa-esp-elf/15.2.0/include"
ignoring nonexistent directory "/home/student/.espressif/tools/xtensa-esp-elf/esp-15.2.0_20251204/xtensa-esp-elf/bin/../xtensa-esp-elf/builds/idf/crosstool-NG/builds/xtensa-esp-elf/xtensa-esp-elf/include"
ignoring duplicate directory "/home/student/.espressif/tools/xtensa-esp-elf/esp-15.2.0_20251204/xtensa-esp-elf/bin/../lib/gcc/../../lib/gcc/xtensa-esp-elf/15.2.0/include-fixed"
ignoring duplicate directory "/home/student/.espressif/tools/xtensa-esp-elf/esp-15.2.0_20251204/xtensa-esp-elf/bin/../lib/gcc/../../lib/gcc/xtensa-esp-elf/15.2.0/../../../../xtensa-esp-elf/include"
ignoring duplicate directory "/home/student/.espressif/tools/xtensa-esp-elf/esp-15.2.0_20251204/xtensa-esp-elf/bin/../xtensa-esp-elf/include"
#include "..." search starts here:
#include <...> search starts here:
 /home/student/.espressif/tools/xtensa-esp-elf/esp-15.2.0_20251204/xtensa-esp-elf/bin/../xtensa-esp-elf/../picolibc/include
 /home/student/.espressif/tools/xtensa-esp-elf/esp-15.2.0_20251204/xtensa-esp-elf/bin/../xtensa-esp-elf/../picolibc/include/../xtensa-esp-elf/include/c++/15.2.0/xtensa-esp-elf/esp32
 /home/student/.espressif/tools/xtensa-esp-elf/esp-15.2.0_20251204/xtensa-esp-elf/bin/../lib/gcc/xtensa-esp-elf/15.2.0/include
 /home/student/.espressif/tools/xtensa-esp-elf/esp-15.2.0_20251204/xtensa-esp-elf/bin/../lib/gcc/xtensa-esp-elf/15.2.0/include-fixed
 /home/student/.espressif/tools/xtensa-esp-elf/esp-15.2.0_20251204/xtensa-esp-elf/bin/../lib/gcc/xtensa-esp-elf/15.2.0/../../../../xtensa-esp-elf/include
End of search list.
Compiler executable checksum: 023236c824ceaa5629805e8d1b1d2049
COLLECT_GCC_OPTIONS='-mdynconfig=xtensa_esp32.so' '-Wno-frame-address' '-mlongcalls' '-fno-builtin-memcpy' '-fno-builtin-memset' '-fno-builtin-bzero' '-specs=/home/student/Desktop/ProjekatDisplej/DisplayAudi/build/specs/picolibc.specs' '-v' '-o' 'CMakeFiles/cmTC_6731b.dir/CMakeCCompilerABI.c.obj' '-c' '-dumpdir' 'CMakeFiles/cmTC_6731b.dir/'
 /home/student/.espressif/tools/xtensa-esp-elf/esp-15.2.0_20251204/xtensa-esp-elf/bin/../lib/gcc/xtensa-esp-elf/15.2.0/../../../../xtensa-esp-elf/bin/as --traditional-format --longcalls --dynconfig=xtensa_esp32.so -o CMakeFiles/cmTC_6731b.dir/CMakeCCompilerABI.c.obj /tmp/cc98vWiZ.s
COMPILER_PATH=/home/student/.espressif/tools/xtensa-esp-elf/esp-15.2.0_20251204/xtensa-esp-elf/bin/../libexec/gcc/xtensa-esp-elf/15.2.0/:/home/student/.espressif/tools/xtensa-esp-elf/esp-15.2.0_20251204/xtensa-esp-elf/bin/../libexec/gcc/:/home/student/.espressif/tools/xtensa-esp-elf/esp-15.2.0_20251204/xtensa-esp-elf/bin/../lib/gcc/xtensa-esp-elf/15.2.0/../../../../xtensa-esp-elf/bin/
LIBRARY_PATH=/home/student/.espressif/tools/xtensa-esp-elf/esp-15.2.0_20251204/xtensa-esp-elf/bin/../lib/gcc/xtensa-esp-elf/15.2.0/esp32/:/home/student/.espressif/tools/xtensa-esp-elf/esp-15.2.0_20251204/xtensa-esp-elf/bin/../lib/gcc/xtensa-esp-elf/15.2.0/../../../../xtensa-esp-elf/lib/esp32/:/home/student/.espressif/tools/xtensa-esp-elf/esp-15.2.0_20251204/xtensa-esp-elf/bin/../xtensa-esp-elf/lib/esp32/:/home/student/.espressif/tools/xtensa-esp-elf/esp-15.2.0_20251204/xtensa-esp-elf/bin/../lib/gcc/xtensa-esp-elf/15.2.0/:/home/student/.espressif/tools/xtensa-esp-elf/esp-15.2.0_20251204/xtensa-esp-elf/bin/../lib/gcc/:/home/student/.espressif/tools/xtensa-esp-elf/esp-15.2.0_20251204/xtensa-esp-elf/bin/../lib/gcc/xtensa-esp-elf/15.2.0/../../../../xtensa-esp-elf/lib/:/home/student/.espressif/tools/xtensa-esp-elf/esp-15.2.0_20251204/xtensa-esp-elf/bin/../xtensa-esp-elf/lib/:/home/student/.espressif/tools/xtensa-esp-elf/esp-15.2.0_20251204/xtensa-esp-elf/bin/../xtensa-esp-elf/usr/lib/
COLLECT_GCC_OPTIONS='-mdynconfig=xtensa_esp32.so' '-Wno-frame-address' '-mlongcalls' '-fno-builtin-memcpy' '-fno-builtin-memset' '-fno-builtin-bzero' '-specs=/home/student/Desktop/ProjekatDisplej/DisplayAudi/build/specs/picolibc.specs' '-v' '-o' 'CMakeFiles/cmTC_6731b.dir/CMakeCCompilerABI.c.obj' '-c' '-dumpdir' 'CMakeFiles/cmTC_6731b.dir/CMakeCCompilerABI.c.'
[2/2] Linking C executable cmTC_6731b
Using built-in specs.
Reading specs from /home/student/Desktop/ProjekatDisplej/DisplayAudi/build/specs/picolibc.specs
rename spec link to picolibc_link
rename spec link_libgcc to picolibc_link_libgcc
rename spec cpp to picolibc_cpp
rename spec cc1 to picolibc_cc1
rename spec cc1plus to picolibc_cc1plus
COLLECT_GCC=/home/student/.espressif/tools/xtensa-esp-elf/esp-15.2.0_20251204/xtensa-esp-elf/bin/xtensa-esp-elf-gcc
COLLECT_LTO_WRAPPER=/home/student/.espressif/tools/xtensa-esp-elf/esp-15.2.0_20251204/xtensa-esp-elf/bin/../libexec/gcc/xtensa-esp-elf/15.2.0/lto-wrapper
Target: xtensa-esp-elf
Configured with: /builds/idf/crosstool-NG/.build/xtensa-esp-elf/src/gcc/configure --build=x86_64-build_pc-linux-gnu --host=x86_64-build_pc-linux-gnu --target=xtensa-esp-elf --prefix=/builds/idf/crosstool-NG/builds/xtensa-esp-elf --exec_prefix=/builds/idf/crosstool-NG/builds/xtensa-esp-elf --with-local-prefix=/builds/idf/crosstool-NG/builds/xtensa-esp-elf/xtensa-esp-elf --with-sysroot=/builds/idf/crosstool-NG/builds/xtensa-esp-elf/xtensa-esp-elf --with-native-system-header-dir=/include --with-headers=/builds/idf/crosstool-NG/builds/xtensa-esp-elf/xtensa-esp-elf/include --with-newlib --enable-threads=no --disable-shared --with-pkgversion='crosstool-NG esp-15.2.0_20251204' --disable-__cxa_atexit --enable-cxx-flags='-ffunction-sections -fdata-sections' --disable-libgomp --disable-libmudflap --disable-libmpx --disable-libssp --disable-libquadmath --disable-libquadmath-support --disable-libstdcxx-verbose --with-gmp=/builds/idf/crosstool-NG/.build/xtensa-esp-elf/buildtools --with-mpfr=/builds/idf/crosstool-NG/.build/xtensa-esp-elf/buildtools --with-mpc=/builds/idf/crosstool-NG/.build/xtensa-esp-elf/buildtools --with-isl=/builds/idf/crosstool-NG/.build/xtensa-esp-elf/buildtools --enable-lto --enable-target-optspace --without-long-double-128 --enable-plugin --disable-nls --enable-multiarch --enable-languages=c,c++ --disable-libstdcxx-verbose --enable-threads=posix --enable-libstdcxx-time=yes --disable-win32-utf8-manifest
Thread model: posix
Supported LTO compression algorithms: zlib zstd
gcc version 15.2.0 (crosstool-NG esp-15.2.0_20251204) 
COMPILER_PATH=/home/student/.espressif/tools/xtensa-esp-elf/esp-15.2.0_20251204/xtensa-esp-elf/bin/../libexec/gcc/xtensa-esp-elf/15.2.0/:/home/student/.espressif/tools/xtensa-esp-elf/esp-15.2.0_20251204/xtensa-esp-elf/bin/../libexec/gcc/:/home/student/.espressif/tools/xtensa-esp-elf/esp-15.2.0_20251204/xtensa-esp-elf/bin/../lib/gcc/xtensa-esp-elf/15.2.0/../../../../xtensa-esp-elf/bin/
LIBRARY_PATH=/home/student/.espressif/tools/xtensa-esp-elf/esp-15.2.0_20251204/xtensa-esp-elf/bin/../lib/gcc/xtensa-esp-elf/15.2.0/esp32/no-rtti/:/home/student/.espressif/tools/xtensa-esp-elf/esp-15.2.0_20251204/xtensa-esp-elf/bin/../lib/gcc/xtensa-esp-elf/15.2.0/../../../../xtensa-esp-elf/lib/esp32/no-rtti/:/home/student/.espressif/tools/xtensa-esp-elf/esp-15.2.0_20251204/xtensa-esp-elf/bin/../xtensa-esp-elf/lib/esp32/no-rtti/:/home/student/.espressif/tools/xtensa-esp-elf/esp-15.2.0_20251204/xtensa-esp-elf/bin/../lib/gcc/xtensa-esp-elf/15.2.0/:/home/student/.espressif/tools/xtensa-esp-elf/esp-15.2.0_20251204/xtensa-esp-elf/bin/../lib/gcc/:/home/student/.espressif/tools/xtensa-esp-elf/esp-15.2.0_20251204/xtensa-esp-elf/bin/../lib/gcc/xtensa-esp-elf/15.2.0/../../../../xtensa-esp-elf/lib/:/home/student/.espressif/tools/xtensa-esp-elf/esp-15.2.0_20251204/xtensa-esp-elf/bin/../xtensa-esp-elf/lib/:/home/student/.espressif/tools/xtensa-esp-elf/esp-15.2.0_20251204/xtensa-esp-elf/bin/../xtensa-esp-elf/usr/lib/
COLLECT_GCC_OPTIONS='-mdynconfig=xtensa_esp32.so' '-Wno-frame-address' '-mlongcalls' '-fno-builtin-memcpy' '-fno-builtin-memset' '-fno-builtin-bzero' '-specs=/home/student/Desktop/ProjekatDisplej/DisplayAudi/build/specs/picolibc.specs' '-nostartfiles' '-fno-rtti' '-v' '-o' 'cmTC_6731b' '-dumpdir' 'cmTC_6731b.'
 /home/student/.espressif/tools/xtensa-esp-elf/esp-15.2.0_20251204/xtensa-esp-elf/bin/../libexec/gcc/xtensa-esp-elf/15.2.0/collect2 -plugin /home/student/.espressif/tools/xtensa-esp-elf/esp-15.2.0_20251204/xtensa-esp-elf/bin/../libexec/gcc/xtensa-esp-elf/15.2.0/liblto_plugin.so -plugin-opt=/home/student/.espressif/tools/xtensa-esp-elf/esp-15.2.0_20251204/xtensa-esp-elf/bin/../libexec/gcc/xtensa-esp-elf/15.2.0/lto-wrapper -plugin-opt=-fresolution=/tmp/ccprj9UR.res -plugin-opt=-pass-through=-lgcc -plugin-opt=-pass-through=-lgcc -plugin-opt=-pass-through=-lc -plugin-opt=-pass-through=-lgcc -L/home/student/.espressif/tools/xtensa-esp-elf/esp-15.2.0_20251204/xtensa-esp-elf/bin/../xtensa-esp-elf/../picolibc/xtensa-esp-elf/lib/esp32/no-rtti -L/home/student/.espressif/tools/xtensa-esp-elf/esp-15.2.0_20251204/xtensa-esp-elf/bin/../xtensa-esp-elf/../picolibc/xtensa-esp-elf/lib -Tpicolibc.ld --sysroot=/home/student/.espressif/tools/xtensa-esp-elf/esp-15.2.0_20251204/xtensa-esp-elf/bin/../xtensa-esp-elf --dynconfig=xtensa_esp32.so -o cmTC_6731b -L/home/student/.espressif/tools/xtensa-esp-elf/esp-15.2.0_20251204/xtensa-esp-elf/bin/../xtensa-esp-elf/../picolibc/lib/gcc/xtensa-esp-elf/15.2.0/esp32/no-rtti -L/home/student/.espressif/tools/xtensa-esp-elf/esp-15.2.0_20251204/xtensa-esp-elf/bin/../xtensa-esp-elf/../picolibc/lib/gcc/xtensa-esp-elf/15.2.0 -L/home/student/.espressif/tools/xtensa-esp-elf/esp-15.2.0_20251204/xtensa-esp-elf/bin/../lib/gcc/xtensa-esp-elf/15.2.0/esp32/no-rtti -L/home/student/.espressif/tools/xtensa-esp-elf/esp-15.2.0_20251204/xtensa-esp-elf/bin/../lib/gcc/xtensa-esp-elf/15.2.0/../../../../xtensa-esp-elf/lib/esp32/no-rtti -L/home/student/.espressif/tools/xtensa-esp-elf/esp-15.2.0_20251204/xtensa-esp-elf/bin/../xtensa-esp-elf/lib/esp32/no-rtti -L/home/student/.espressif/tools/xtensa-esp-elf/esp-15.2.0_20251204/xtensa-esp-elf/bin/../lib/gcc/xtensa-esp-elf/15.2.0 -L/home/student/.espressif/tools/xtensa-esp-elf/esp-15.2.0_20251204/xtensa-esp-elf/bin/../lib/gcc -L/home/student/.espressif/tools/xtensa-esp-elf/esp-15.2.0_20251204/xtensa-esp-elf/bin/../lib/gcc/xtensa-esp-elf/15.2.0/../../../../xtensa-esp-elf/lib -L/home/student/.espressif/tools/xtensa-esp-elf/esp-15.2.0_20251204/xtensa-esp-elf/bin/../xtensa-esp-elf/lib -L/home/student/.espressif/tools/xtensa-esp-elf/esp-15.2.0_20251204/xtensa-esp-elf/bin/../xtensa-esp-elf/usr/lib @/tmp/ccz4Cuz5 -lgcc --start-group -lgcc -lc --end-group -lgcc
/home/student/.espressif/tools/xtensa-esp-elf/esp-15.2.0_20251204/xtensa-esp-elf/bin/../lib/gcc/xtensa-esp-elf/15.2.0/../../../../xtensa-esp-elf/bin/ld: warning: cannot find entry symbol _start; defaulting to 10000000
COLLECT_GCC_OPTIONS='-mdynconfig=xtensa_esp32.so' '-Wno-frame-address' '-mlongcalls' '-fno-builtin-memcpy' '-fno-builtin-memset' '-fno-builtin-bzero' '-specs=/home/student/Desktop/ProjekatDisplej/DisplayAudi/build/specs/picolibc.specs' '-nostartfiles' '-fno-rtti' '-v' '-o' 'cmTC_6731b' '-dumpdir' 'cmTC_6731b.'



Parsed C implicit include dir info from above output: rv=done
  found start of include info
  found start of implicit include info
    add: [/home/student/.espressif/tools/xtensa-esp-elf/esp-15.2.0_20251204/xtensa-esp-elf/bin/../xtensa-esp-elf/../picolibc/include]
    add: [/home/student/.espressif/tools/xtensa-esp-elf/esp-15.2.0_20251204/xtensa-esp-elf/bin/../xtensa-esp-elf/../picolibc/include/../xtensa-esp-elf/include/c++/15.2.0/xtensa-esp-elf/esp32]
    add: [/home/student/.espressif/tools/xtensa-esp-elf/esp-15.2.0_20251204/xtensa-esp-elf/bin/../lib/gcc/xtensa-esp-elf/15.2.0/include]
    add: [/home/student/.espressif/tools/xtensa-esp-elf/esp-15.2.0_20251204/xtensa-esp-elf/bin/../lib/gcc/xtensa-esp-elf/15.2.0/include-fixed]
    add: [/home/student/.espressif/tools/xtensa-esp-elf/esp-15.2.0_20251204/xtensa-esp-elf/bin/../lib/gcc/xtensa-esp-elf/15.2.0/../../../../xtensa-esp-elf/include]
  end of search list found
  collapse include dir [/home/student/.espressif/tools/xtensa-esp-elf/esp-15.2.0_20251204/xtensa-esp-elf/bin/../xtensa-esp-elf/../picolibc/include] ==> [/home/student/.espressif/tools/xtensa-esp-elf/esp-15.2.0_20251204/xtensa-esp-elf/picolibc/include]
  collapse include dir [/home/student/.espressif/tools/xtensa-esp-elf/esp-15.2.0_20251204/xtensa-esp-elf/bin/../xtensa-esp-elf/../picolibc/include/../xtensa-esp-elf/include/c++/15.2.0/xtensa-esp-elf/esp32] ==> [/home/student/.espressif/tools/xtensa-esp-elf/esp-15.2.0_20251204/xtensa-esp-elf/picolibc/xtensa-esp-elf/include/c++/15.2.0/xtensa-esp-elf/esp32]
  collapse include dir [/home/student/.espressif/tools/xtensa-esp-elf/esp-15.2.0_20251204/xtensa-esp-elf/bin/../lib/gcc/xtensa-esp-elf/15.2.0/include] ==> [/home/student/.espressif/tools/xtensa-esp-elf/esp-15.2.0_20251204/xtensa-esp-elf/lib/gcc/xtensa-esp-elf/15.2.0/include]
  collapse include dir [/home/student/.espressif/tools/xtensa-esp-elf/esp-15.2.0_20251204/xtensa-esp-elf/bin/../lib/gcc/xtensa-esp-elf/15.2.0/include-fixed] ==> [/home/student/.espressif/tools/xtensa-esp-elf/esp-15.2.0_20251204/xtensa-esp-elf/lib/gcc/xtensa-esp-elf/15.2.0/include-fixed]
  collapse include dir [/home/student/.espressif/tools/xtensa-esp-elf/esp-15.2.0_20251204/xtensa-esp-elf/bin/../lib/gcc/xtensa-esp-elf/15.2.0/../../../../xtensa-esp-elf/include] ==> [/home/student/.espressif/tools/xtensa-esp-elf/esp-15.2.0_20251204/xtensa-esp-elf/xtensa-esp-elf/include]
  implicit include dirs: [/home/student/.espressif/tools/xtensa-esp-elf/esp-15.2.0_20251204/xtensa-esp-elf/picolibc/include;/home/student/.espressif/tools/xtensa-esp-elf/esp-15.2.0_20251204/xtensa-esp-elf/picolibc/xtensa-esp-elf/include/c++/15.2.0/xtensa-esp-elf/esp32;/home/student/.espressif/tools/xtensa-esp-elf/esp-15.2.0_20251204/xtensa-esp-elf/lib/gcc/xtensa-esp-elf/15.2.0/include;/home/student/.espressif/tools/xtensa-esp-elf/esp-15.2.0_20251204/xtensa-esp-elf/lib/gcc/xtensa-esp-elf/15.2.0/include-fixed;/home/student/.espressif/tools/xtensa-esp-elf/esp-15.2.0_20251204/xtensa-esp-elf/xtensa-esp-elf/include]


Parsed C implicit link information from above output:
  link line regex: [^( *|.*[/\])(xtensa-esp32-elf-ld|CMAKE_LINK_STARTFILE-NOTFOUND|([^/\]+-)?ld|collect2)[^/\]*( |$)]
  ignore line: [Change Dir: /home/student/Desktop/ProjekatDisplej/DisplayAudi/build/CMakeFiles/CMakeTmp]
  ignore line: []
  ignore line: [Run Build Command(s):/usr/bin/ninja cmTC_6731b && [1/2] Building C object CMakeFiles/cmTC_6731b.dir/CMakeCCompilerABI.c.obj]
  ignore line: [Using built-in specs.]
  ignore line: [Reading specs from /home/student/Desktop/ProjekatDisplej/DisplayAudi/build/specs/picolibc.specs]
  ignore line: [rename spec link to picolibc_link]
  ignore line: [rename spec link_libgcc to picolibc_link_libgcc]
  ignore line: [rename spec cpp to picolibc_cpp]
  ignore line: [rename spec cc1 to picolibc_cc1]
  ignore line: [rename spec cc1plus to picolibc_cc1plus]
  ignore line: [COLLECT_GCC=/home/student/.espressif/tools/xtensa-esp-elf/esp-15.2.0_20251204/xtensa-esp-elf/bin/xtensa-esp-elf-gcc]
  ignore line: [Target: xtensa-esp-elf]
  ignore line: [Configured with: /builds/idf/crosstool-NG/.build/xtensa-esp-elf/src/gcc/configure --build=x86_64-build_pc-linux-gnu --host=x86_64-build_pc-linux-gnu --target=xtensa-esp-elf --prefix=/builds/idf/crosstool-NG/builds/xtensa-esp-elf --exec_prefix=/builds/idf/crosstool-NG/builds/xtensa-esp-elf --with-local-prefix=/builds/idf/crosstool-NG/builds/xtensa-esp-elf/xtensa-esp-elf --with-sysroot=/builds/idf/crosstool-NG/builds/xtensa-esp-elf/xtensa-esp-elf --with-native-system-header-dir=/include --with-headers=/builds/idf/crosstool-NG/builds/xtensa-esp-elf/xtensa-esp-elf/include --with-newlib --enable-threads=no --disable-shared --with-pkgversion='crosstool-NG esp-15.2.0_20251204' --disable-__cxa_atexit --enable-cxx-flags='-ffunction-sections -fdata-sections' --disable-libgomp --disable-libmudflap --disable-libmpx --disable-libssp --disable-libquadmath --disable-libquadmath-support --disable-libstdcxx-verbose --with-gmp=/builds/idf/crosstool-NG/.build/xtensa-esp-elf/buildtools --with-mpfr=/builds/idf/crosstool-NG/.build/xtensa-esp-elf/buildtools --with-mpc=/builds/idf/crosstool-NG/.build/xtensa-esp-elf/buildtools --with-isl=/builds/idf/crosstool-NG/.build/xtensa-esp-elf/buildtools --enable-lto --enable-target-optspace --without-long-double-128 --enable-plugin --disable-nls --enable-multiarch --enable-languages=c c++ --disable-libstdcxx-verbose --enable-threads=posix --enable-libstdcxx-time=yes --disable-win32-utf8-manifest]
  ignore line: [Thread model: posix]
  ignore line: [Supported LTO compression algorithms: zlib zstd]
  ignore line: [gcc version 15.2.0 (crosstool-NG esp-15.2.0_20251204) ]
  ignore line: [COLLECT_GCC_OPTIONS='-mdynconfig=xtensa_esp32.so' '-Wno-frame-address' '-mlongcalls' '-fno-builtin-memcpy' '-fno-builtin-memset' '-fno-builtin-bzero' '-specs=/home/student/Desktop/ProjekatDisplej/DisplayAudi/build/specs/picolibc.specs' '-v' '-o' 'CMakeFiles/cmTC_6731b.dir/CMakeCCompilerABI.c.obj' '-c' '-dumpdir' 'CMakeFiles/cmTC_6731b.dir/']
  ignore line: [ /home/student/.espressif/tools/xtensa-esp-elf/esp-15.2.0_20251204/xtensa-esp-elf/bin/../libexec/gcc/xtensa-esp-elf/15.2.0/cc1 -quiet -v -imultilib esp32 -iprefix /home/student/.espressif/tools/xtensa-esp-elf/esp-15.2.0_20251204/xtensa-esp-elf/bin/../lib/gcc/xtensa-esp-elf/15.2.0/ -isysroot /home/student/.espressif/tools/xtensa-esp-elf/esp-15.2.0_20251204/xtensa-esp-elf/bin/../xtensa-esp-elf -isystem /home/student/.espressif/tools/xtensa-esp-elf/esp-15.2.0_20251204/xtensa-esp-elf/bin/../xtensa-esp-elf/../picolibc/include -isystem /home/student/.espressif/tools/xtensa-esp-elf/esp-15.2.0_20251204/xtensa-esp-elf/bin/../xtensa-esp-elf/../picolibc/include/../xtensa-esp-elf/include/c++/15.2.0/xtensa-esp-elf/esp32 /usr/share/cmake-3.22/Modules/CMakeCCompilerABI.c -ftls-model=local-exec -quiet -dumpdir CMakeFiles/cmTC_6731b.dir/ -dumpbase CMakeCCompilerABI.c.c -dumpbase-ext .c -mdynconfig=xtensa_esp32.so -mlongcalls -Wno-frame-address -version -fno-builtin-memcpy -fno-builtin-memset -fno-builtin-bzero -o /tmp/cc98vWiZ.s]
  ignore line: [GNU C23 (crosstool-NG esp-15.2.0_20251204) version 15.2.0 (xtensa-esp-elf)]
  ignore line: [	compiled by GNU C version 6.3.0  GMP version 6.3.0  MPFR version 4.2.1  MPC version 1.3.1  isl version isl-0.26-GMP]
  ignore line: []
  ignore line: [GGC heuristics: --param ggc-min-expand=100 --param ggc-min-heapsize=131072]
  ignore line: [ignoring duplicate directory "/home/student/.espressif/tools/xtensa-esp-elf/esp-15.2.0_20251204/xtensa-esp-elf/bin/../lib/gcc/../../lib/gcc/xtensa-esp-elf/15.2.0/include"]
  ignore line: [ignoring nonexistent directory "/home/student/.espressif/tools/xtensa-esp-elf/esp-15.2.0_20251204/xtensa-esp-elf/bin/../xtensa-esp-elf/builds/idf/crosstool-NG/builds/xtensa-esp-elf/xtensa-esp-elf/include"]
  ignore line: [ignoring duplicate directory "/home/student/.espressif/tools/xtensa-esp-elf/esp-15.2.0_20251204/xtensa-esp-elf/bin/../lib/gcc/../../lib/gcc/xtensa-esp-elf/15.2.0/include-fixed"]
  ignore line: [ignoring duplicate directory "/home/student/.espressif/tools/xtensa-esp-elf/esp-15.2.0_20251204/xtensa-esp-elf/bin/../lib/gcc/../../lib/gcc/xtensa-esp-elf/15.2.0/../../../../xtensa-esp-elf/include"]
  ignore line: [ignoring duplicate directory "/home/student/.espressif/tools/xtensa-esp-elf/esp-15.2.0_20251204/xtensa-esp-elf/bin/../xtensa-esp-elf/include"]
  ignore line: [#include "..." search starts here:]
  ignore line: [#include <...> search starts here:]
  ignore line: [ /home/student/.espressif/tools/xtensa-esp-elf/esp-15.2.0_20251204/xtensa-esp-elf/bin/../xtensa-esp-elf/../picolibc/include]
  ignore line: [ /home/student/.espressif/tools/xtensa-esp-elf/esp-15.2.0_20251204/xtensa-esp-elf/bin/../xtensa-esp-elf/../picolibc/include/../xtensa-esp-elf/include/c++/15.2.0/xtensa-esp-elf/esp32]
  ignore line: [ /home/student/.espressif/tools/xtensa-esp-elf/esp-15.2.0_20251204/xtensa-esp-elf/bin/../lib/gcc/xtensa-esp-elf/15.2.0/include]
  ignore line: [ /home/student/.espressif/tools/xtensa-esp-elf/esp-15.2.0_20251204/xtensa-esp-elf/bin/../lib/gcc/xtensa-esp-elf/15.2.0/include-fixed]
  ignore line: [ /home/student/.espressif/tools/xtensa-esp-elf/esp-15.2.0_20251204/xtensa-esp-elf/bin/../lib/gcc/xtensa-esp-elf/15.2.0/../../../../xtensa-esp-elf/include]
  ignore line: [End of search list.]
  ignore line: [Compiler executable checksum: 023236c824ceaa5629805e8d1b1d2049]
  ignore line: [COLLECT_GCC_OPTIONS='-mdynconfig=xtensa_esp32.so' '-Wno-frame-address' '-mlongcalls' '-fno-builtin-memcpy' '-fno-builtin-memset' '-fno-builtin-bzero' '-specs=/home/student/Desktop/ProjekatDisplej/DisplayAudi/build/specs/picolibc.specs' '-v' '-o' 'CMakeFiles/cmTC_6731b.dir/CMakeCCompilerABI.c.obj' '-c' '-dumpdir' 'CMakeFiles/cmTC_6731b.dir/']
  ignore line: [ /home/student/.espressif/tools/xtensa-esp-elf/esp-15.2.0_20251204/xtensa-esp-elf/bin/../lib/gcc/xtensa-esp-elf/15.2.0/../../../../xtensa-esp-elf/bin/as --traditional-format --longcalls --dynconfig=xtensa_esp32.so -o CMakeFiles/cmTC_6731b.dir/CMakeCCompilerABI.c.obj /tmp/cc98vWiZ.s]
  ignore line: [COMPILER_PATH=/home/student/.espressif/tools/xtensa-esp-elf/esp-15.2.0_20251204/xtensa-esp-elf/bin/../libexec/gcc/xtensa-esp-elf/15.2.0/:/home/student/.espressif/tools/xtensa-esp-elf/esp-15.2.0_20251204/xtensa-esp-elf/bin/../libexec/gcc/:/home/student/.espressif/tools/xtensa-esp-elf/esp-15.2.0_20251204/xtensa-esp-elf/bin/../lib/gcc/xtensa-esp-elf/15.2.0/../../../../xtensa-esp-elf/bin/]
  ignore line: [LIBRARY_PATH=/home/student/.espressif/tools/xtensa-esp-elf/esp-15.2.0_20251204/xtensa-esp-elf/bin/../lib/gcc/xtensa-esp-elf/15.2.0/esp32/:/home/student/.espressif/tools/xtensa-esp-elf/esp-15.2.0_20251204/xtensa-esp-elf/bin/../lib/gcc/xtensa-esp-elf/15.2.0/../../../../xtensa-esp-elf/lib/esp32/:/home/student/.espressif/tools/xtensa-esp-elf/esp-15.2.0_20251204/xtensa-esp-elf/bin/../xtensa-esp-elf/lib/esp32/:/home/student/.espressif/tools/xtensa-esp-elf/esp-15.2.0_20251204/xtensa-esp-elf/bin/../lib/gcc/xtensa-esp-elf/15.2.0/:/home/student/.espressif/tools/xtensa-esp-elf/esp-15.2.0_20251204/xtensa-esp-elf/bin/../lib/gcc/:/home/student/.espressif/tools/xtensa-esp-elf/esp-15.2.0_20251204/xtensa-esp-elf/bin/../lib/gcc/xtensa-esp-elf/15.2.0/../../../../xtensa-esp-elf/lib/:/home/student/.espressif/tools/xtensa-esp-elf/esp-15.2.0_20251204/xtensa-esp-elf/bin/../xtensa-esp-elf/lib/:/home/student/.espressif/tools/xtensa-esp-elf/esp-15.2.0_20251204/xtensa-esp-elf/bin/../xtensa-esp-elf/usr/lib/]
  ignore line: [COLLECT_GCC_OPTIONS='-mdynconfig=xtensa_esp32.so' '-Wno-frame-address' '-mlongcalls' '-fno-builtin-memcpy' '-fno-builtin-memset' '-fno-builtin-bzero' '-specs=/home/student/Desktop/ProjekatDisplej/DisplayAudi/build/specs/picolibc.specs' '-v' '-o' 'CMakeFiles/cmTC_6731b.dir/CMakeCCompilerABI.c.obj' '-c' '-dumpdir' 'CMakeFiles/cmTC_6731b.dir/CMakeCCompilerABI.c.']
  ignore line: [[2/2] Linking C executable cmTC_6731b]
  ignore line: [Using built-in specs.]
  ignore line: [Reading specs from /home/student/Desktop/ProjekatDisplej/DisplayAudi/build/specs/picolibc.specs]
  ignore line: [rename spec link to picolibc_link]
  ignore line: [rename spec link_libgcc to picolibc_link_libgcc]
  ignore line: [rename spec cpp to picolibc_cpp]
  ignore line: [rename spec cc1 to picolibc_cc1]
  ignore line: [rename spec cc1plus to picolibc_cc1plus]
  ignore line: [COLLECT_GCC=/home/student/.espressif/tools/xtensa-esp-elf/esp-15.2.0_20251204/xtensa-esp-elf/bin/xtensa-esp-elf-gcc]
  ignore line: [COLLECT_LTO_WRAPPER=/home/student/.espressif/tools/xtensa-esp-elf/esp-15.2.0_20251204/xtensa-esp-elf/bin/../libexec/gcc/xtensa-esp-elf/15.2.0/lto-wrapper]
  ignore line: [Target: xtensa-esp-elf]
  ignore line: [Configured with: /builds/idf/crosstool-NG/.build/xtensa-esp-elf/src/gcc/configure --build=x86_64-build_pc-linux-gnu --host=x86_64-build_pc-linux-gnu --target=xtensa-esp-elf --prefix=/builds/idf/crosstool-NG/builds/xtensa-esp-elf --exec_prefix=/builds/idf/crosstool-NG/builds/xtensa-esp-elf --with-local-prefix=/builds/idf/crosstool-NG/builds/xtensa-esp-elf/xtensa-esp-elf --with-sysroot=/builds/idf/crosstool-NG/builds/xtensa-esp-elf/xtensa-esp-elf --with-native-system-header-dir=/include --with-headers=/builds/idf/crosstool-NG/builds/xtensa-esp-elf/xtensa-esp-elf/include --with-newlib --enable-threads=no --disable-shared --with-pkgversion='crosstool-NG esp-15.2.0_20251204' --disable-__cxa_atexit --enable-cxx-flags='-ffunction-sections -fdata-sections' --disable-libgomp --disable-libmudflap --disable-libmpx --disable-libssp --disable-libquadmath --disable-libquadmath-support --disable-libstdcxx-verbose --with-gmp=/builds/idf/crosstool-NG/.build/xtensa-esp-elf/buildtools --with-mpfr=/builds/idf/crosstool-NG/.build/xtensa-esp-elf/buildtools --with-mpc=/builds/idf/crosstool-NG/.build/xtensa-esp-elf/buildtools --with-isl=/builds/idf/crosstool-NG/.build/xtensa-esp-elf/buildtools --enable-lto --enable-target-optspace --without-long-double-128 --enable-plugin --disable-nls --enable-multiarch --enable-languages=c c++ --disable-libstdcxx-verbose --enable-threads=posix --enable-libstdcxx-time=yes --disable-win32-utf8-manifest]
  ignore line: [Thread model: posix]
  ignore line: [Supported LTO compression algorithms: zlib zstd]
  ignore line: [gcc version 15.2.0 (crosstool-NG esp-15.2.0_20251204) ]
  ignore line: [COMPILER_PATH=/home/student/.espressif/tools/xtensa-esp-elf/esp-15.2.0_20251204/xtensa-esp-elf/bin/../libexec/gcc/xtensa-esp-elf/15.2.0/:/home/student/.espressif/tools/xtensa-esp-elf/esp-15.2.0_20251204/xtensa-esp-elf/bin/../libexec/gcc/:/home/student/.espressif/tools/xtensa-esp-elf/esp-15.2.0_20251204/xtensa-esp-elf/bin/../lib/gcc/xtensa-esp-elf/15.2.0/../../../../xtensa-esp-elf/bin/]
  ignore line: [LIBRARY_PATH=/home/student/.espressif/tools/xtensa-esp-elf/esp-15.2.0_20251204/xtensa-esp-elf/bin/../lib/gcc/xtensa-esp-elf/15.2.0/esp32/no-rtti/:/home/student/.espressif/tools/xtensa-esp-elf/esp-15.2.0_20251204/xtensa-esp-elf/bin/../lib/gcc/xtensa-esp-elf/15.2.0/../../../../xtensa-esp-elf/lib/esp32/no-rtti/:/home/student/.espressif/tools/xtensa-esp-elf/esp-15.2.0_20251204/xtensa-esp-elf/bin/../xtensa-esp-elf/lib/esp32/no-rtti/:/home/student/.espressif/tools/xtensa-esp-elf/esp-15.2.0_20251204/xtensa-esp-elf/bin/../lib/gcc/xtensa-esp-elf/15.2.0/:/home/student/.espressif/tools/xtensa-esp-elf/esp-15.2.0_20251204/xtensa-esp-elf/bin/../lib/gcc/:/home/student/.espressif/tools/xtensa-esp-elf/esp-15.2.0_20251204/xtensa-esp-elf/bin/../lib/gcc/xtensa-esp-elf/15.2.0/../../../../xtensa-esp-elf/lib/:/home/student/.espressif/tools/xtensa-esp-elf/esp-15.2.0_20251204/xtensa-esp-elf/bin/../xtensa-esp-elf/lib/:/home/student/.espressif/tools/xtensa-esp-elf/esp-15.2.0_20251204/xtensa-esp-elf/bin/../xtensa-esp-elf/usr/lib/]
  ignore line: [COLLECT_GCC_OPTIONS='-mdynconfig=xtensa_esp32.so' '-Wno-frame-address' '-mlongcalls' '-fno-builtin-memcpy' '-fno-builtin-memset' '-fno-builtin-bzero' '-specs=/home/student/Desktop/ProjekatDisplej/DisplayAudi/build/specs/picolibc.specs' '-nostartfiles' '-fno-rtti' '-v' '-o' 'cmTC_6731b' '-dumpdir' 'cmTC_6731b.']
  link line: [ /home/student/.espressif/tools/xtensa-esp-elf/esp-15.2.0_20251204/xtensa-esp-elf/bin/../libexec/gcc/xtensa-esp-elf/15.2.0/collect2 -plugin /home/student/.espressif/tools/xtensa-esp-elf/esp-15.2.0_20251204/xtensa-esp-elf/bin/../libexec/gcc/xtensa-esp-elf/15.2.0/liblto_plugin.so -plugin-opt=/home/student/.espressif/tools/xtensa-esp-elf/esp-15.2.0_20251204/xtensa-esp-elf/bin/../libexec/gcc/xtensa-esp-elf/15.2.0/lto-wrapper -plugin-opt=-fresolution=/tmp/ccprj9UR.res -plugin-opt=-pass-through=-lgcc -plugin-opt=-pass-through=-lgcc -plugin-opt=-pass-through=-lc -plugin-opt=-pass-through=-lgcc -L/home/student/.espressif/tools/xtensa-esp-elf/esp-15.2.0_20251204/xtensa-esp-elf/bin/../xtensa-esp-elf/../picolibc/xtensa-esp-elf/lib/esp32/no-rtti -L/home/student/.espressif/tools/xtensa-esp-elf/esp-15.2.0_20251204/xtensa-esp-elf/bin/../xtensa-esp-elf/../picolibc/xtensa-esp-elf/lib -Tpicolibc.ld --sysroot=/home/student/.espressif/tools/xtensa-esp-elf/esp-15.2.0_20251204/xtensa-esp-elf/bin/../xtensa-esp-elf --dynconfig=xtensa_esp32.so -o cmTC_6731b -L/home/student/.espressif/tools/xtensa-esp-elf/esp-15.2.0_20251204/xtensa-esp-elf/bin/../xtensa-esp-elf/../picolibc/lib/gcc/xtensa-esp-elf/15.2.0/esp32/no-rtti -L/home/student/.espressif/tools/xtensa-esp-elf/esp-15.2.0_20251204/xtensa-esp-elf/bin/../xtensa-esp-elf/../picolibc/lib/gcc/xtensa-esp-elf/15.2.0 -L/home/student/.espressif/tools/xtensa-esp-elf/esp-15.2.0_20251204/xtensa-esp-elf/bin/../lib/gcc/xtensa-esp-elf/15.2.0/esp32/no-rtti -L/home/student/.espressif/tools/xtensa-esp-elf/esp-15.2.0_20251204/xtensa-esp-elf/bin/../lib/gcc/xtensa-esp-elf/15.2.0/../../../../xtensa-esp-elf/lib/esp32/no-rtti -L/home/student/.espressif/tools/xtensa-esp-elf/esp-15.2.0_20251204/xtensa-esp-elf/bin/../xtensa-esp-elf/lib/esp32/no-rtti -L/home/student/.espressif/tools/xtensa-esp-elf/esp-15.2.0_20251204/xtensa-esp-elf/bin/../lib/gcc/xtensa-esp-elf/15.2.0 -L/home/student/.espressif/tools/xtensa-esp-elf/esp-15.2.0_20251204/xtensa-esp-elf/bin/../lib/gcc -L/home/student/.espressif/tools/xtensa-esp-elf/esp-15.2.0_20251204/xtensa-esp-elf/bin/../lib/gcc/xtensa-esp-elf/15.2.0/../../../../xtensa-esp-elf/lib -L/home/student/.espressif/tools/xtensa-esp-elf/esp-15.2.0_20251204/xtensa-esp-elf/bin/../xtensa-esp-elf/lib -L/home/student/.espressif/tools/xtensa-esp-elf/esp-15.2.0_20251204/xtensa-esp-elf/bin/../xtensa-esp-elf/usr/lib @/tmp/ccz4Cuz5 -lgcc --start-group -lgcc -lc --end-group -lgcc]
    arg [/home/student/.espressif/tools/xtensa-esp-elf/esp-15.2.0_20251204/xtensa-esp-elf/bin/../libexec/gcc/xtensa-esp-elf/15.2.0/collect2] ==> ignore
    arg [-plugin] ==> ignore
    arg [/home/student/.espressif/tools/xtensa-esp-elf/esp-15.2.0_20251204/xtensa-esp-elf/bin/../libexec/gcc/xtensa-esp-elf/15.2.0/liblto_plugin.so] ==> ignore
    arg [-plugin-opt=/home/student/.espressif/tools/xtensa-esp-elf/esp-15.2.0_20251204/xtensa-esp-elf/bin/../libexec/gcc/xtensa-esp-elf/15.2.0/lto-wrapper] ==> ignore
    arg [-plugin-opt=-fresolution=/tmp/ccprj9UR.res] ==> ignore
    arg [-plugin-opt=-pass-through=-lgcc] ==> ignore
    arg [-plugin-opt=-pass-through=-lgcc] ==> ignore
    arg [-plugin-opt=-pass-through=-lc] ==> ignore
    arg [-plugin-opt=-pass-through=-lgcc] ==> ignore
    arg [-L/home/student/.espressif/tools/xtensa-esp-elf/esp-15.2.0_20251204/xtensa-esp-elf/bin/../xtensa-esp-elf/../picolibc/xtensa-esp-elf/lib/esp32/no-rtti] ==> dir [/home/student/.espressif/tools/xtensa-esp-elf/esp-15.2.0_20251204/xtensa-esp-elf/bin/../xtensa-esp-elf/../picolibc/xtensa-esp-elf/lib/esp32/no-rtti]
    arg [-L/home/student/.espressif/tools/xtensa-esp-elf/esp-15.2.0_20251204/xtensa-esp-elf/bin/../xtensa-esp-elf/../picolibc/xtensa-esp-elf/lib] ==> dir [/home/student/.espressif/tools/xtensa-esp-elf/esp-15.2.0_20251204/xtensa-esp-elf/bin/../xtensa-esp-elf/../picolibc/xtensa-esp-elf/lib]
    arg [-Tpicolibc.ld] ==> ignore
    arg [--sysroot=/home/student/.espressif/tools/xtensa-esp-elf/esp-15.2.0_20251204/xtensa-esp-elf/bin/../xtensa-esp-elf] ==> ignore
    arg [--dynconfig=xtensa_esp32.so] ==> ignore
    arg [-o] ==> ignore
    arg [cmTC_6731b] ==> ignore
    arg [-L/home/student/.espressif/tools/xtensa-esp-elf/esp-15.2.0_20251204/xtensa-esp-elf/bin/../xtensa-esp-elf/../picolibc/lib/gcc/xtensa-esp-elf/15.2.0/esp32/no-rtti] ==> dir [/home/student/.espressif/tools/xtensa-esp-elf/esp-15.2.0_20251204/xtensa-esp-elf/bin/../xtensa-esp-elf/../picolibc/lib/gcc/xtensa-esp-elf/15.2.0/esp32/no-rtti]
    arg [-L/home/student/.espressif/tools/xtensa-esp-elf/esp-15.2.0_20251204/xtensa-esp-elf/bin/../xtensa-esp-elf/../picolibc/lib/gcc/xtensa-esp-elf/15.2.0] ==> dir [/home/student/.espressif/tools/xtensa-esp-elf/esp-15.2.0_20251204/xtensa-esp-elf/bin/../xtensa-esp-elf/../picolibc/lib/gcc/xtensa-esp-elf/15.2.0]
    arg [-L/home/student/.espressif/tools/xtensa-esp-elf/esp-15.2.0_20251204/xtensa-esp-elf/bin/../lib/gcc/xtensa-esp-elf/15.2.0/esp32/no-rtti] ==> dir [/home/student/.espressif/tools/xtensa-esp-elf/esp-15.2.0_20251204/xtensa-esp-elf/bin/../lib/gcc/xtensa-esp-elf/15.2.0/esp32/no-rtti]
    arg [-L/home/student/.espressif/tools/xtensa-esp-elf/esp-15.2.0_20251204/xtensa-esp-elf/bin/../lib/gcc/xtensa-esp-elf/15.2.0/../../../../xtensa-esp-elf/lib/esp32/no-rtti] ==> dir [/home/student/.espressif/tools/xtensa-esp-elf/esp-15.2.0_20251204/xtensa-esp-elf/bin/../lib/gcc/xtensa-esp-elf/15.2.0/../../../../xtensa-esp-elf/lib/esp32/no-rtti]
    arg [-L/home/student/.espressif/tools/xtensa-esp-elf/esp-15.2.0_20251204/xtensa-esp-elf/bin/../xtensa-esp-elf/lib/esp32/no-rtti] ==> dir [/home/student/.espressif/tools/xtensa-esp-elf/esp-15.2.0_20251204/xtensa-esp-elf/bin/../xtensa-esp-elf/lib/esp32/no-rtti]
    arg [-L/home/student/.espressif/tools/xtensa-esp-elf/esp-15.2.0_20251204/xtensa-esp-elf/bin/../lib/gcc/xtensa-esp-elf/15.2.0] ==> dir [/home/student/.espressif/tools/xtensa-esp-elf/esp-15.2.0_20251204/xtensa-esp-elf/bin/../lib/gcc/xtensa-esp-elf/15.2.0]
    arg [-L/home/student/.espressif/tools/xtensa-esp-elf/esp-15.2.0_20251204/xtensa-esp-elf/bin/../lib/gcc] ==> dir [/home/student/.espressif/tools/xtensa-esp-elf/esp-15.2.0_20251204/xtensa-esp-elf/bin/../lib/gcc]
    arg [-L/home/student/.espressif/tools/xtensa-esp-elf/esp-15.2.0_20251204/xtensa-esp-elf/bin/../lib/gcc/xtensa-esp-elf/15.2.0/../../../../xtensa-esp-elf/lib] ==> dir [/home/student/.espressif/tools/xtensa-esp-elf/esp-15.2.0_20251204/xtensa-esp-elf/bin/../lib/gcc/xtensa-esp-elf/15.2.0/../../../../xtensa-esp-elf/lib]
    arg [-L/home/student/.espressif/tools/xtensa-esp-elf/esp-15.2.0_20251204/xtensa-esp-elf/bin/../xtensa-esp-elf/lib] ==> dir [/home/student/.espressif/tools/xtensa-esp-elf/esp-15.2.0_20251204/xtensa-esp-elf/bin/../xtensa-esp-elf/lib]
    arg [-L/home/student/.espressif/tools/xtensa-esp-elf/esp-15.2.0_20251204/xtensa-esp-elf/bin/../xtensa-esp-elf/usr/lib] ==> dir [/home/student/.espressif/tools/xtensa-esp-elf/esp-15.2.0_20251204/xtensa-esp-elf/bin/../xtensa-esp-elf/usr/lib]
    arg [@/tmp/ccz4Cuz5] ==> ignore
    arg [-lgcc] ==> lib [gcc]
    arg [--start-group] ==> ignore
    arg [-lgcc] ==> lib [gcc]
    arg [-lc] ==> lib [c]
    arg [--end-group] ==> ignore
    arg [-lgcc] ==> lib [gcc]
  collapse library dir [/home/student/.espressif/tools/xtensa-esp-elf/esp-15.2.0_20251204/xtensa-esp-elf/bin/../xtensa-esp-elf/../picolibc/xtensa-esp-elf/lib/esp32/no-rtti] ==> [/home/student/.espressif/tools/xtensa-esp-elf/esp-15.2.0_20251204/xtensa-esp-elf/picolibc/xtensa-esp-elf/lib/esp32/no-rtti]
  collapse library dir [/home/student/.espressif/tools/xtensa-esp-elf/esp-15.2.0_20251204/xtensa-esp-elf/bin/../xtensa-esp-elf/../picolibc/xtensa-esp-elf/lib] ==> [/home/student/.espressif/tools/xtensa-esp-elf/esp-15.2.0_20251204/xtensa-esp-elf/picolibc/xtensa-esp-elf/lib]
  collapse library dir [/home/student/.espressif/tools/xtensa-esp-elf/esp-15.2.0_20251204/xtensa-esp-elf/bin/../xtensa-esp-elf/../picolibc/lib/gcc/xtensa-esp-elf/15.2.0/esp32/no-rtti] ==> [/home/student/.espressif/tools/xtensa-esp-elf/esp-15.2.0_20251204/xtensa-esp-elf/picolibc/lib/gcc/xtensa-esp-elf/15.2.0/esp32/no-rtti]
  collapse library dir [/home/student/.espressif/tools/xtensa-esp-elf/esp-15.2.0_20251204/xtensa-esp-elf/bin/../xtensa-esp-elf/../picolibc/lib/gcc/xtensa-esp-elf/15.2.0] ==> [/home/student/.espressif/tools/xtensa-esp-elf/esp-15.2.0_20251204/xtensa-esp-elf/picolibc/lib/gcc/xtensa-esp-elf/15.2.0]
  collapse library dir [/home/student/.espressif/tools/xtensa-esp-elf/esp-15.2.0_20251204/xtensa-esp-elf/bin/../lib/gcc/xtensa-esp-elf/15.2.0/esp32/no-rtti] ==> [/home/student/.espressif/tools/xtensa-esp-elf/esp-15.2.0_20251204/xtensa-esp-elf/lib/gcc/xtensa-esp-elf/15.2.0/esp32/no-rtti]
  collapse library dir [/home/student/.espressif/tools/xtensa-esp-elf/esp-15.2.0_20251204/xtensa-esp-elf/bin/../lib/gcc/xtensa-esp-elf/15.2.0/../../../../xtensa-esp-elf/lib/esp32/no-rtti] ==> [/home/student/.espressif/tools/xtensa-esp-elf/esp-15.2.0_20251204/xtensa-esp-elf/xtensa-esp-elf/lib/esp32/no-rtti]
  collapse library dir [/home/student/.espressif/tools/xtensa-esp-elf/esp-15.2.0_20251204/xtensa-esp-elf/bin/../xtensa-esp-elf/lib/esp32/no-rtti] ==> [/home/student/.espressif/tools/xtensa-esp-elf/esp-15.2.0_20251204/xtensa-esp-elf/xtensa-esp-elf/lib/esp32/no-rtti]
  collapse library dir [/home/student/.espressif/tools/xtensa-esp-elf/esp-15.2.0_20251204/xtensa-esp-elf/bin/../lib/gcc/xtensa-esp-elf/15.2.0] ==> [/home/student/.espressif/tools/xtensa-esp-elf/esp-15.2.0_20251204/xtensa-esp-elf/lib/gcc/xtensa-esp-elf/15.2.0]
  collapse library dir [/home/student/.espressif/tools/xtensa-esp-elf/esp-15.2.0_20251204/xtensa-esp-elf/bin/../lib/gcc] ==> [/home/student/.espressif/tools/xtensa-esp-elf/esp-15.2.0_20251204/xtensa-esp-elf/lib/gcc]
  collapse library dir [/home/student/.espressif/tools/xtensa-esp-elf/esp-15.2.0_20251204/xtensa-esp-elf/bin/../lib/gcc/xtensa-esp-elf/15.2.0/../../../../xtensa-esp-elf/lib] ==> [/home/student/.espressif/tools/xtensa-esp-elf/esp-15.2.0_20251204/xtensa-esp-elf/xtensa-esp-elf/lib]
  collapse library dir [/home/student/.espressif/tools/xtensa-esp-elf/esp-15.2.0_20251204/xtensa-esp-elf/bin/../xtensa-esp-elf/lib] ==> [/home/student/.espressif/tools/xtensa-esp-elf/esp-15.2.0_20251204/xtensa-esp-elf/xtensa-esp-elf/lib]
  collapse library dir [/home/student/.espressif/tools/xtensa-esp-elf/esp-15.2.0_20251204/xtensa-esp-elf/bin/../xtensa-esp-elf/usr/lib] ==> [/home/student/.espressif/tools/xtensa-esp-elf/esp-15.2.0_20251204/xtensa-esp-elf/xtensa-esp-elf/usr/lib]
  implicit libs: [gcc;gcc;c;gcc]
  implicit objs: []
  implicit dirs: [/home/student/.espressif/tools/xtensa-esp-elf/esp-15.2.0_20251204/xtensa-esp-elf/picolibc/xtensa-esp-elf/lib/esp32/no-rtti;/home/student/.espressif/tools/xtensa-esp-elf/esp-15.2.0_20251204/xtensa-esp-elf/picolibc/xtensa-esp-elf/lib;/home/student/.espressif/tools/xtensa-esp-elf/esp-15.2.0_20251204/xtensa-esp-elf/picolibc/lib/gcc/xtensa-esp-elf/15.2.0/esp32/no-rtti;/home/student/.espressif/tools/xtensa-esp-elf/esp-15.2.0_20251204/xtensa-esp-elf/picolibc/lib/gcc/xtensa-esp-elf/15.2.0;/home/student/.espressif/tools/xtensa-esp-elf/esp-15.2.0_20251204/xtensa-esp-elf/lib/gcc/xtensa-esp-elf/15.2.0/esp32/no-rtti;/home/student/.espressif/tools/xtensa-esp-elf/esp-15.2.0_20251204/xtensa-esp-elf/xtensa-esp-elf/lib/esp32/no-rtti;/home/student/.espressif/tools/xtensa-esp-elf/esp-15.2.0_20251204/xtensa-esp-elf/lib/gcc/xtensa-esp-elf/15.2.0;/home/student/.espressif/tools/xtensa-esp-elf/esp-15.2.0_20251204/xtensa-esp-elf/lib/gcc;/home/student/.espressif/tools/xtensa-esp-elf/esp-15.2.0_20251204/xtensa-esp-elf/xtensa-esp-elf/lib;/home/student/.espressif/tools/xtensa-esp-elf/esp-15.2.0_20251204/xtensa-esp-elf/xtensa-esp-elf/usr/lib]
  implicit fwks: []


Detecting CXX compiler ABI info compiled with the following output:
Change Dir: /home/student/Desktop/ProjekatDisplej/DisplayAudi/build/CMakeFiles/CMakeTmp

Run Build Command(s):/usr/bin/ninja cmTC_74594 && [1/2] Building CXX object CMakeFiles/cmTC_74594.dir/CMakeCXXCompilerABI.cpp.obj
Using built-in specs.
Reading specs from /home/student/Desktop/ProjekatDisplej/DisplayAudi/build/specs/picolibc.specs
rename spec link to picolibc_link
rename spec link_libgcc to picolibc_link_libgcc
rename spec cpp to picolibc_cpp
rename spec cc1 to picolibc_cc1
rename spec cc1plus to picolibc_cc1plus
COLLECT_GCC=/home/student/.espressif/tools/xtensa-esp-elf/esp-15.2.0_20251204/xtensa-esp-elf/bin/xtensa-esp-elf-g++
Target: xtensa-esp-elf
Configured with: /builds/idf/crosstool-NG/.build/xtensa-esp-elf/src/gcc/configure --build=x86_64-build_pc-linux-gnu --host=x86_64-build_pc-linux-gnu --target=xtensa-esp-elf --prefix=/builds/idf/crosstool-NG/builds/xtensa-esp-elf --exec_prefix=/builds/idf/crosstool-NG/builds/xtensa-esp-elf --with-local-prefix=/builds/idf/crosstool-NG/builds/xtensa-esp-elf/xtensa-esp-elf --with-sysroot=/builds/idf/crosstool-NG/builds/xtensa-esp-elf/xtensa-esp-elf --with-native-system-header-dir=/include --with-headers=/builds/idf/crosstool-NG/builds/xtensa-esp-elf/xtensa-esp-elf/include --with-newlib --enable-threads=no --disable-shared --with-pkgversion='crosstool-NG esp-15.2.0_20251204' --disable-__cxa_atexit --enable-cxx-flags='-ffunction-sections -fdata-sections' --disable-libgomp --disable-libmudflap --disable-libmpx --disable-libssp --disable-libquadmath --disable-libquadmath-support --disable-libstdcxx-verbose --with-gmp=/builds/idf/crosstool-NG/.build/xtensa-esp-elf/buildtools --with-mpfr=/builds/idf/crosstool-NG/.build/xtensa-esp-elf/buildtools --with-mpc=/builds/idf/crosstool-NG/.build/xtensa-esp-elf/buildtools --with-isl=/builds/idf/crosstool-NG/.build/xtensa-esp-elf/buildtools --enable-lto --enable-target-optspace --without-long-double-128 --enable-plugin --disable-nls --enable-multiarch --enable-languages=c,c++ --disable-libstdcxx-verbose --enable-threads=posix --enable-libstdcxx-time=yes --disable-win32-utf8-manifest
Thread model: posix
Supported LTO compression algorithms: zlib zstd
gcc version 15.2.0 (crosstool-NG esp-15.2.0_20251204) 
COLLECT_GCC_OPTIONS='-mdynconfig=xtensa_esp32.so' '-Wno-frame-address' '-mlongcalls' '-fno-builtin-memcpy' '-fno-builtin-memset' '-fno-builtin-bzero' '-specs=/home/student/Desktop/ProjekatDisplej/DisplayAudi/build/specs/picolibc.specs' '-fno-rtti' '-v' '-o' 'CMakeFiles/cmTC_74594.dir/CMakeCXXCompilerABI.cpp.obj' '-c' '-dumpdir' 'CMakeFiles/cmTC_74594.dir/'
 /home/student/.espressif/tools/xtensa-esp-elf/esp-15.2.0_20251204/xtensa-esp-elf/bin/../libexec/gcc/xtensa-esp-elf/15.2.0/cc1plus -quiet -v -imultilib esp32/no-rtti -iprefix /home/student/.espressif/tools/xtensa-esp-elf/esp-15.2.0_20251204/xtensa-esp-elf/bin/../lib/gcc/xtensa-esp-elf/15.2.0/ -isysroot /home/student/.espressif/tools/xtensa-esp-elf/esp-15.2.0_20251204/xtensa-esp-elf/bin/../xtensa-esp-elf /usr/share/cmake-3.22/Modules/CMakeCXXCompilerABI.cpp -ftls-model=local-exec -quiet -dumpdir CMakeFiles/cmTC_74594.dir/ -dumpbase CMakeCXXCompilerABI.cpp.cpp -dumpbase-ext .cpp -mdynconfig=xtensa_esp32.so -mlongcalls -Wno-frame-address -version -fno-builtin-memcpy -fno-builtin-memset -fno-builtin-bzero -fno-rtti -isystem /home/student/.espressif/tools/xtensa-esp-elf/esp-15.2.0_20251204/xtensa-esp-elf/bin/../xtensa-esp-elf/../picolibc/include -isystem /home/student/.espressif/tools/xtensa-esp-elf/esp-15.2.0_20251204/xtensa-esp-elf/bin/../xtensa-esp-elf/../picolibc/include/../xtensa-esp-elf/include/c++/15.2.0/xtensa-esp-elf/esp32/no-rtti -ftls-model=local-exec -o /tmp/ccu9zQbg.s
GNU C++17 (crosstool-NG esp-15.2.0_20251204) version 15.2.0 (xtensa-esp-elf)
	compiled by GNU C version 6.3.0, GMP version 6.3.0, MPFR version 4.2.1, MPC version 1.3.1, isl version isl-0.26-GMP

GGC heuristics: --param ggc-min-expand=100 --param ggc-min-heapsize=131072
ignoring duplicate directory "/home/student/.espressif/tools/xtensa-esp-elf/esp-15.2.0_20251204/xtensa-esp-elf/bin/../lib/gcc/../../lib/gcc/xtensa-esp-elf/15.2.0/../../../../xtensa-esp-elf/include/c++/15.2.0"
ignoring duplicate directory "/home/student/.espressif/tools/xtensa-esp-elf/esp-15.2.0_20251204/xtensa-esp-elf/bin/../lib/gcc/../../lib/gcc/xtensa-esp-elf/15.2.0/../../../../xtensa-esp-elf/include/c++/15.2.0/xtensa-esp-elf/esp32/no-rtti"
ignoring duplicate directory "/home/student/.espressif/tools/xtensa-esp-elf/esp-15.2.0_20251204/xtensa-esp-elf/bin/../lib/gcc/../../lib/gcc/xtensa-esp-elf/15.2.0/../../../../xtensa-esp-elf/include/c++/15.2.0/backward"
ignoring duplicate directory "/home/student/.espressif/tools/xtensa-esp-elf/esp-15.2.0_20251204/xtensa-esp-elf/bin/../lib/gcc/../../lib/gcc/xtensa-esp-elf/15.2.0/include"
ignoring nonexistent directory "/home/student/.espressif/tools/xtensa-esp-elf/esp-15.2.0_20251204/xtensa-esp-elf/bin/../xtensa-esp-elf/builds/idf/crosstool-NG/builds/xtensa-esp-elf/xtensa-esp-elf/include"
ignoring duplicate directory "/home/student/.espressif/tools/xtensa-esp-elf/esp-15.2.0_20251204/xtensa-esp-elf/bin/../lib/gcc/../../lib/gcc/xtensa-esp-elf/15.2.0/include-fixed"
ignoring duplicate directory "/home/student/.espressif/tools/xtensa-esp-elf/esp-15.2.0_20251204/xtensa-esp-elf/bin/../lib/gcc/../../lib/gcc/xtensa-esp-elf/15.2.0/../../../../xtensa-esp-elf/include"
ignoring duplicate directory "/home/student/.espressif/tools/xtensa-esp-elf/esp-15.2.0_20251204/xtensa-esp-elf/bin/../xtensa-esp-elf/include"
#include "..." search starts here:
#include <...> search starts here:
 /home/student/.espressif/tools/xtensa-esp-elf/esp-15.2.0_20251204/xtensa-esp-elf/bin/../xtensa-esp-elf/../picolibc/include
 /home/student/.espressif/tools/xtensa-esp-elf/esp-15.2.0_20251204/xtensa-esp-elf/bin/../xtensa-esp-elf/../picolibc/include/../xtensa-esp-elf/include/c++/15.2.0/xtensa-esp-elf/esp32/no-rtti
 /home/student/.espressif/tools/xtensa-esp-elf/esp-15.2.0_20251204/xtensa-esp-elf/bin/../lib/gcc/xtensa-esp-elf/15.2.0/../../../../xtensa-esp-elf/include/c++/15.2.0
 /home/student/.espressif/tools/xtensa-esp-elf/esp-15.2.0_20251204/xtensa-esp-elf/bin/../lib/gcc/xtensa-esp-elf/15.2.0/../../../../xtensa-esp-elf/include/c++/15.2.0/xtensa-esp-elf/esp32/no-rtti
 /home/student/.espressif/tools/xtensa-esp-elf/esp-15.2.0_20251204/xtensa-esp-elf/bin/../lib/gcc/xtensa-esp-elf/15.2.0/../../../../xtensa-esp-elf/include/c++/15.2.0/backward
 /home/student/.espressif/tools/xtensa-esp-elf/esp-15.2.0_20251204/xtensa-esp-elf/bin/../lib/gcc/xtensa-esp-elf/15.2.0/include
 /home/student/.espressif/tools/xtensa-esp-elf/esp-15.2.0_20251204/xtensa-esp-elf/bin/../lib/gcc/xtensa-esp-elf/15.2.0/include-fixed
 /home/student/.espressif/tools/xtensa-esp-elf/esp-15.2.0_20251204/xtensa-esp-elf/bin/../lib/gcc/xtensa-esp-elf/15.2.0/../../../../xtensa-esp-elf/include
End of search list.
Compiler executable checksum: ddaf5163ec1d262ade9e7a5c85eeee1b
COLLECT_GCC_OPTIONS='-mdynconfig=xtensa_esp32.so' '-Wno-frame-address' '-mlongcalls' '-fno-builtin-memcpy' '-fno-builtin-memset' '-fno-builtin-bzero' '-specs=/home/student/Desktop/ProjekatDisplej/DisplayAudi/build/specs/picolibc.specs' '-fno-rtti' '-v' '-o' 'CMakeFiles/cmTC_74594.dir/CMakeCXXCompilerABI.cpp.obj' '-c' '-dumpdir' 'CMakeFiles/cmTC_74594.dir/'
 /home/student/.espressif/tools/xtensa-esp-elf/esp-15.2.0_20251204/xtensa-esp-elf/bin/../lib/gcc/xtensa-esp-elf/15.2.0/../../../../xtensa-esp-elf/bin/as --traditional-format --longcalls --dynconfig=xtensa_esp32.so -o CMakeFiles/cmTC_74594.dir/CMakeCXXCompilerABI.cpp.obj /tmp/ccu9zQbg.s
COMPILER_PATH=/home/student/.espressif/tools/xtensa-esp-elf/esp-15.2.0_20251204/xtensa-esp-elf/bin/../libexec/gcc/xtensa-esp-elf/15.2.0/:/home/student/.espressif/tools/xtensa-esp-elf/esp-15.2.0_20251204/xtensa-esp-elf/bin/../libexec/gcc/:/home/student/.espressif/tools/xtensa-esp-elf/esp-15.2.0_20251204/xtensa-esp-elf/bin/../lib/gcc/xtensa-esp-elf/15.2.0/../../../../xtensa-esp-elf/bin/
LIBRARY_PATH=/home/student/.espressif/tools/xtensa-esp-elf/esp-15.2.0_20251204/xtensa-esp-elf/bin/../lib/gcc/xtensa-esp-elf/15.2.0/esp32/no-rtti/:/home/student/.espressif/tools/xtensa-esp-elf/esp-15.2.0_20251204/xtensa-esp-elf/bin/../lib/gcc/xtensa-esp-elf/15.2.0/../../../../xtensa-esp-elf/lib/esp32/no-rtti/:/home/student/.espressif/tools/xtensa-esp-elf/esp-15.2.0_20251204/xtensa-esp-elf/bin/../xtensa-esp-elf/lib/esp32/no-rtti/:/home/student/.espressif/tools/xtensa-esp-elf/esp-15.2.0_20251204/xtensa-esp-elf/bin/../lib/gcc/xtensa-esp-elf/15.2.0/:/home/student/.espressif/tools/xtensa-esp-elf/esp-15.2.0_20251204/xtensa-esp-elf/bin/../lib/gcc/:/home/student/.espressif/tools/xtensa-esp-elf/esp-15.2.0_20251204/xtensa-esp-elf/bin/../lib/gcc/xtensa-esp-elf/15.2.0/../../../../xtensa-esp-elf/lib/:/home/student/.espressif/tools/xtensa-esp-elf/esp-15.2.0_20251204/xtensa-esp-elf/bin/../xtensa-esp-elf/lib/:/home/student/.espressif/tools/xtensa-esp-elf/esp-15.2.0_20251204/xtensa-esp-elf/bin/../xtensa-esp-elf/usr/lib/
COLLECT_GCC_OPTIONS='-mdynconfig=xtensa_esp32.so' '-Wno-frame-address' '-mlongcalls' '-fno-builtin-memcpy' '-fno-builtin-memset' '-fno-builtin-bzero' '-specs=/home/student/Desktop/ProjekatDisplej/DisplayAudi/build/specs/picolibc.specs' '-fno-rtti' '-v' '-o' 'CMakeFiles/cmTC_74594.dir/CMakeCXXCompilerABI.cpp.obj' '-c' '-dumpdir' 'CMakeFiles/cmTC_74594.dir/CMakeCXXCompilerABI.cpp.'
[2/2] Linking CXX executable cmTC_74594
Using built-in specs.
Reading specs from /home/student/Desktop/ProjekatDisplej/DisplayAudi/build/specs/picolibc.specs
rename spec link to picolibc_link
rename spec link_libgcc to picolibc_link_libgcc
rename spec cpp to picolibc_cpp
rename spec cc1 to picolibc_cc1
rename spec cc1plus to picolibc_cc1plus
COLLECT_GCC=/home/student/.espressif/tools/xtensa-esp-elf/esp-15.2.0_20251204/xtensa-esp-elf/bin/xtensa-esp-elf-g++
COLLECT_LTO_WRAPPER=/home/student/.espressif/tools/xtensa-esp-elf/esp-15.2.0_20251204/xtensa-esp-elf/bin/../libexec/gcc/xtensa-esp-elf/15.2.0/lto-wrapper
Target: xtensa-esp-elf
Configured with: /builds/idf/crosstool-NG/.build/xtensa-esp-elf/src/gcc/configure --build=x86_64-build_pc-linux-gnu --host=x86_64-build_pc-linux-gnu --target=xtensa-esp-elf --prefix=/builds/idf/crosstool-NG/builds/xtensa-esp-elf --exec_prefix=/builds/idf/crosstool-NG/builds/xtensa-esp-elf --with-local-prefix=/builds/idf/crosstool-NG/builds/xtensa-esp-elf/xtensa-esp-elf --with-sysroot=/builds/idf/crosstool-NG/builds/xtensa-esp-elf/xtensa-esp-elf --with-native-system-header-dir=/include --with-headers=/builds/idf/crosstool-NG/builds/xtensa-esp-elf/xtensa-esp-elf/include --with-newlib --enable-threads=no --disable-shared --with-pkgversion='crosstool-NG esp-15.2.0_20251204' --disable-__cxa_atexit --enable-cxx-flags='-ffunction-sections -fdata-sections' --disable-libgomp --disable-libmudflap --disable-libmpx --disable-libssp --disable-libquadmath --disable-libquadmath-support --disable-libstdcxx-verbose --with-gmp=/builds/idf/crosstool-NG/.build/xtensa-esp-elf/buildtools --with-mpfr=/builds/idf/crosstool-NG/.build/xtensa-esp-elf/buildtools --with-mpc=/builds/idf/crosstool-NG/.build/xtensa-esp-elf/buildtools --with-isl=/builds/idf/crosstool-NG/.build/xtensa-esp-elf/buildtools --enable-lto --enable-target-optspace --without-long-double-128 --enable-plugin --disable-nls --enable-multiarch --enable-languages=c,c++ --disable-libstdcxx-verbose --enable-threads=posix --enable-libstdcxx-time=yes --disable-win32-utf8-manifest
Thread model: posix
Supported LTO compression algorithms: zlib zstd
gcc version 15.2.0 (crosstool-NG esp-15.2.0_20251204) 
COMPILER_PATH=/home/student/.espressif/tools/xtensa-esp-elf/esp-15.2.0_20251204/xtensa-esp-elf/bin/../libexec/gcc/xtensa-esp-elf/15.2.0/:/home/student/.espressif/tools/xtensa-esp-elf/esp-15.2.0_20251204/xtensa-esp-elf/bin/../libexec/gcc/:/home/student/.espressif/tools/xtensa-esp-elf/esp-15.2.0_20251204/xtensa-esp-elf/bin/../lib/gcc/xtensa-esp-elf/15.2.0/../../../../xtensa-esp-elf/bin/
LIBRARY_PATH=/home/student/.espressif/tools/xtensa-esp-elf/esp-15.2.0_20251204/xtensa-esp-elf/bin/../lib/gcc/xtensa-esp-elf/15.2.0/esp32/no-rtti/:/home/student/.espressif/tools/xtensa-esp-elf/esp-15.2.0_20251204/xtensa-esp-elf/bin/../lib/gcc/xtensa-esp-elf/15.2.0/../../../../xtensa-esp-elf/lib/esp32/no-rtti/:/home/student/.espressif/tools/xtensa-esp-elf/esp-15.2.0_20251204/xtensa-esp-elf/bin/../xtensa-esp-elf/lib/esp32/no-rtti/:/home/student/.espressif/tools/xtensa-esp-elf/esp-15.2.0_20251204/xtensa-esp-elf/bin/../lib/gcc/xtensa-esp-elf/15.2.0/:/home/student/.espressif/tools/xtensa-esp-elf/esp-15.2.0_20251204/xtensa-esp-elf/bin/../lib/gcc/:/home/student/.espressif/tools/xtensa-esp-elf/esp-15.2.0_20251204/xtensa-esp-elf/bin/../lib/gcc/xtensa-esp-elf/15.2.0/../../../../xtensa-esp-elf/lib/:/home/student/.espressif/tools/xtensa-esp-elf/esp-15.2.0_20251204/xtensa-esp-elf/bin/../xtensa-esp-elf/lib/:/home/student/.espressif/tools/xtensa-esp-elf/esp-15.2.0_20251204/xtensa-esp-elf/bin/../xtensa-esp-elf/usr/lib/
COLLECT_GCC_OPTIONS='-mdynconfig=xtensa_esp32.so' '-Wno-frame-address' '-mlongcalls' '-fno-builtin-memcpy' '-fno-builtin-memset' '-fno-builtin-bzero' '-specs=/home/student/Desktop/ProjekatDisplej/DisplayAudi/build/specs/picolibc.specs' '-nostartfiles' '-fno-rtti' '-v' '-o' 'cmTC_74594' '-dumpdir' 'cmTC_74594.'
 /home/student/.espressif/tools/xtensa-esp-elf/esp-15.2.0_20251204/xtensa-esp-elf/bin/../libexec/gcc/xtensa-esp-elf/15.2.0/collect2 -plugin /home/student/.espressif/tools/xtensa-esp-elf/esp-15.2.0_20251204/xtensa-esp-elf/bin/../libexec/gcc/xtensa-esp-elf/15.2.0/liblto_plugin.so -plugin-opt=/home/student/.espressif/tools/xtensa-esp-elf/esp-15.2.0_20251204/xtensa-esp-elf/bin/../libexec/gcc/xtensa-esp-elf/15.2.0/lto-wrapper -plugin-opt=-fresolution=/tmp/ccOIdOcj.res -plugin-opt=-pass-through=-lgcc -plugin-opt=-pass-through=-lgcc -plugin-opt=-pass-through=-lc -plugin-opt=-pass-through=-lgcc -L/home/student/.espressif/tools/xtensa-esp-elf/esp-15.2.0_20251204/xtensa-esp-elf/bin/../xtensa-esp-elf/../picolibc/xtensa-esp-elf/lib/esp32/no-rtti -L/home/student/.espressif/tools/xtensa-esp-elf/esp-15.2.0_20251204/xtensa-esp-elf/bin/../xtensa-esp-elf/../picolibc/xtensa-esp-elf/lib -Tpicolibc.ld --sysroot=/home/student/.espressif/tools/xtensa-esp-elf/esp-15.2.0_20251204/xtensa-esp-elf/bin/../xtensa-esp-elf --dynconfig=xtensa_esp32.so -o cmTC_74594 -L/home/student/.espressif/tools/xtensa-esp-elf/esp-15.2.0_20251204/xtensa-esp-elf/bin/../xtensa-esp-elf/../picolibc/lib/gcc/xtensa-esp-elf/15.2.0/esp32/no-rtti -L/home/student/.espressif/tools/xtensa-esp-elf/esp-15.2.0_20251204/xtensa-esp-elf/bin/../xtensa-esp-elf/../picolibc/lib/gcc/xtensa-esp-elf/15.2.0 -L/home/student/.espressif/tools/xtensa-esp-elf/esp-15.2.0_20251204/xtensa-esp-elf/bin/../lib/gcc/xtensa-esp-elf/15.2.0/esp32/no-rtti -L/home/student/.espressif/tools/xtensa-esp-elf/esp-15.2.0_20251204/xtensa-esp-elf/bin/../lib/gcc/xtensa-esp-elf/15.2.0/../../../../xtensa-esp-elf/lib/esp32/no-rtti -L/home/student/.espressif/tools/xtensa-esp-elf/esp-15.2.0_20251204/xtensa-esp-elf/bin/../xtensa-esp-elf/lib/esp32/no-rtti -L/home/student/.espressif/tools/xtensa-esp-elf/esp-15.2.0_20251204/xtensa-esp-elf/bin/../lib/gcc/xtensa-esp-elf/15.2.0 -L/home/student/.espressif/tools/xtensa-esp-elf/esp-15.2.0_20251204/xtensa-esp-elf/bin/../lib/gcc -L/home/student/.espressif/tools/xtensa-esp-elf/esp-15.2.0_20251204/xtensa-esp-elf/bin/../lib/gcc/xtensa-esp-elf/15.2.0/../../../../xtensa-esp-elf/lib -L/home/student/.espressif/tools/xtensa-esp-elf/esp-15.2.0_20251204/xtensa-esp-elf/bin/../xtensa-esp-elf/lib -L/home/student/.espressif/tools/xtensa-esp-elf/esp-15.2.0_20251204/xtensa-esp-elf/bin/../xtensa-esp-elf/usr/lib @/tmp/ccUbdH9U -lgcc --start-group -lgcc -lc --end-group -lgcc
/home/student/.espressif/tools/xtensa-esp-elf/esp-15.2.0_20251204/xtensa-esp-elf/bin/../lib/gcc/xtensa-esp-elf/15.2.0/../../../../xtensa-esp-elf/bin/ld: warning: cannot find entry symbol _start; defaulting to 10000000
COLLECT_GCC_OPTIONS='-mdynconfig=xtensa_esp32.so' '-Wno-frame-address' '-mlongcalls' '-fno-builtin-memcpy' '-fno-builtin-memset' '-fno-builtin-bzero' '-specs=/home/student/Desktop/ProjekatDisplej/DisplayAudi/build/specs/picolibc.specs' '-nostartfiles' '-fno-rtti' '-v' '-o' 'cmTC_74594' '-dumpdir' 'cmTC_74594.'



Parsed CXX implicit include dir info from above output: rv=done
  found start of include info
  found start of implicit include info
    add: [/home/student/.espressif/tools/xtensa-esp-elf/esp-15.2.0_20251204/xtensa-esp-elf/bin/../xtensa-esp-elf/../picolibc/include]
    add: [/home/student/.espressif/tools/xtensa-esp-elf/esp-15.2.0_20251204/xtensa-esp-elf/bin/../xtensa-esp-elf/../picolibc/include/../xtensa-esp-elf/include/c++/15.2.0/xtensa-esp-elf/esp32/no-rtti]
    add: [/home/student/.espressif/tools/xtensa-esp-elf/esp-15.2.0_20251204/xtensa-esp-elf/bin/../lib/gcc/xtensa-esp-elf/15.2.0/../../../../xtensa-esp-elf/include/c++/15.2.0]
    add: [/home/student/.espressif/tools/xtensa-esp-elf/esp-15.2.0_20251204/xtensa-esp-elf/bin/../lib/gcc/xtensa-esp-elf/15.2.0/../../../../xtensa-esp-elf/include/c++/15.2.0/xtensa-esp-elf/esp32/no-rtti]
    add: [/home/student/.espressif/tools/xtensa-esp-elf/esp-15.2.0_20251204/xtensa-esp-elf/bin/../lib/gcc/xtensa-esp-elf/15.2.0/../../../../xtensa-esp-elf/include/c++/15.2.0/backward]
    add: [/home/student/.espressif/tools/xtensa-esp-elf/esp-15.2.0_20251204/xtensa-esp-elf/bin/../lib/gcc/xtensa-esp-elf/15.2.0/include]
    add: [/home/student/.espressif/tools/xtensa-esp-elf/esp-15.2.0_20251204/xtensa-esp-elf/bin/../lib/gcc/xtensa-esp-elf/15.2.0/include-fixed]
    add: [/home/student/.espressif/tools/xtensa-esp-elf/esp-15.2.0_20251204/xtensa-esp-elf/bin/../lib/gcc/xtensa-esp-elf/15.2.0/../../../../xtensa-esp-elf/include]
  end of search list found
  collapse include dir [/home/student/.espressif/tools/xtensa-esp-elf/esp-15.2.0_20251204/xtensa-esp-elf/bin/../xtensa-esp-elf/../picolibc/include] ==> [/home/student/.espressif/tools/xtensa-esp-elf/esp-15.2.0_20251204/xtensa-esp-elf/picolibc/include]
  collapse include dir [/home/student/.espressif/tools/xtensa-esp-elf/esp-15.2.0_20251204/xtensa-esp-elf/bin/../xtensa-esp-elf/../picolibc/include/../xtensa-esp-elf/include/c++/15.2.0/xtensa-esp-elf/esp32/no-rtti] ==> [/home/student/.espressif/tools/xtensa-esp-elf/esp-15.2.0_20251204/xtensa-esp-elf/picolibc/xtensa-esp-elf/include/c++/15.2.0/xtensa-esp-elf/esp32/no-rtti]
  collapse include dir [/home/student/.espressif/tools/xtensa-esp-elf/esp-15.2.0_20251204/xtensa-esp-elf/bin/../lib/gcc/xtensa-esp-elf/15.2.0/../../../../xtensa-esp-elf/include/c++/15.2.0] ==> [/home/student/.espressif/tools/xtensa-esp-elf/esp-15.2.0_20251204/xtensa-esp-elf/xtensa-esp-elf/include/c++/15.2.0]
  collapse include dir [/home/student/.espressif/tools/xtensa-esp-elf/esp-15.2.0_20251204/xtensa-esp-elf/bin/../lib/gcc/xtensa-esp-elf/15.2.0/../../../../xtensa-esp-elf/include/c++/15.2.0/xtensa-esp-elf/esp32/no-rtti] ==> [/home/student/.espressif/tools/xtensa-esp-elf/esp-15.2.0_20251204/xtensa-esp-elf/xtensa-esp-elf/include/c++/15.2.0/xtensa-esp-elf/esp32/no-rtti]
  collapse include dir [/home/student/.espressif/tools/xtensa-esp-elf/esp-15.2.0_20251204/xtensa-esp-elf/bin/../lib/gcc/xtensa-esp-elf/15.2.0/../../../../xtensa-esp-elf/include/c++/15.2.0/backward] ==> [/home/student/.espressif/tools/xtensa-esp-elf/esp-15.2.0_20251204/xtensa-esp-elf/xtensa-esp-elf/include/c++/15.2.0/backward]
  collapse include dir [/home/student/.espressif/tools/xtensa-esp-elf/esp-15.2.0_20251204/xtensa-esp-elf/bin/../lib/gcc/xtensa-esp-elf/15.2.0/include] ==> [/home/student/.espressif/tools/xtensa-esp-elf/esp-15.2.0_20251204/xtensa-esp-elf/lib/gcc/xtensa-esp-elf/15.2.0/include]
  collapse include dir [/home/student/.espressif/tools/xtensa-esp-elf/esp-15.2.0_20251204/xtensa-esp-elf/bin/../lib/gcc/xtensa-esp-elf/15.2.0/include-fixed] ==> [/home/student/.espressif/tools/xtensa-esp-elf/esp-15.2.0_20251204/xtensa-esp-elf/lib/gcc/xtensa-esp-elf/15.2.0/include-fixed]
  collapse include dir [/home/student/.espressif/tools/xtensa-esp-elf/esp-15.2.0_20251204/xtensa-esp-elf/bin/../lib/gcc/xtensa-esp-elf/15.2.0/../../../../xtensa-esp-elf/include] ==> [/home/student/.espressif/tools/xtensa-esp-elf/esp-15.2.0_20251204/xtensa-esp-elf/xtensa-esp-elf/include]
  implicit include dirs: [/home/student/.espressif/tools/xtensa-esp-elf/esp-15.2.0_20251204/xtensa-esp-elf/picolibc/include;/home/student/.espressif/tools/xtensa-esp-elf/esp-15.2.0_20251204/xtensa-esp-elf/picolibc/xtensa-esp-elf/include/c++/15.2.0/xtensa-esp-elf/esp32/no-rtti;/home/student/.espressif/tools/xtensa-esp-elf/esp-15.2.0_20251204/xtensa-esp-elf/xtensa-esp-elf/include/c++/15.2.0;/home/student/.espressif/tools/xtensa-esp-elf/esp-15.2.0_20251204/xtensa-esp-elf/xtensa-esp-elf/include/c++/15.2.0/xtensa-esp-elf/esp32/no-rtti;/home/student/.espressif/tools/xtensa-esp-elf/esp-15.2.0_20251204/xtensa-esp-elf/xtensa-esp-elf/include/c++/15.2.0/backward;/home/student/.espressif/tools/xtensa-esp-elf/esp-15.2.0_20251204/xtensa-esp-elf/lib/gcc/xtensa-esp-elf/15.2.0/include;/home/student/.espressif/tools/xtensa-esp-elf/esp-15.2.0_20251204/xtensa-esp-elf/lib/gcc/xtensa-esp-elf/15.2.0/include-fixed;/home/student/.espressif/tools/xtensa-esp-elf/esp-15.2.0_20251204/xtensa-esp-elf/xtensa-esp-elf/include]


Parsed CXX implicit link information from above output:
  link line regex: [^( *|.*[/\])(xtensa-esp32-elf-ld|CMAKE_LINK_STARTFILE-NOTFOUND|([^/\]+-)?ld|collect2)[^/\]*( |$)]
  ignore line: [Change Dir: /home/student/Desktop/ProjekatDisplej/DisplayAudi/build/CMakeFiles/CMakeTmp]
  ignore line: []
  ignore line: [Run Build Command(s):/usr/bin/ninja cmTC_74594 && [1/2] Building CXX object CMakeFiles/cmTC_74594.dir/CMakeCXXCompilerABI.cpp.obj]
  ignore line: [Using built-in specs.]
  ignore line: [Reading specs from /home/student/Desktop/ProjekatDisplej/DisplayAudi/build/specs/picolibc.specs]
  ignore line: [rename spec link to picolibc_link]
  ignore line: [rename spec link_libgcc to picolibc_link_libgcc]
  ignore line: [rename spec cpp to picolibc_cpp]
  ignore line: [rename spec cc1 to picolibc_cc1]
  ignore line: [rename spec cc1plus to picolibc_cc1plus]
  ignore line: [COLLECT_GCC=/home/student/.espressif/tools/xtensa-esp-elf/esp-15.2.0_20251204/xtensa-esp-elf/bin/xtensa-esp-elf-g++]
  ignore line: [Target: xtensa-esp-elf]
  ignore line: [Configured with: /builds/idf/crosstool-NG/.build/xtensa-esp-elf/src/gcc/configure --build=x86_64-build_pc-linux-gnu --host=x86_64-build_pc-linux-gnu --target=xtensa-esp-elf --prefix=/builds/idf/crosstool-NG/builds/xtensa-esp-elf --exec_prefix=/builds/idf/crosstool-NG/builds/xtensa-esp-elf --with-local-prefix=/builds/idf/crosstool-NG/builds/xtensa-esp-elf/xtensa-esp-elf --with-sysroot=/builds/idf/crosstool-NG/builds/xtensa-esp-elf/xtensa-esp-elf --with-native-system-header-dir=/include --with-headers=/builds/idf/crosstool-NG/builds/xtensa-esp-elf/xtensa-esp-elf/include --with-newlib --enable-threads=no --disable-shared --with-pkgversion='crosstool-NG esp-15.2.0_20251204' --disable-__cxa_atexit --enable-cxx-flags='-ffunction-sections -fdata-sections' --disable-libgomp --disable-libmudflap --disable-libmpx --disable-libssp --disable-libquadmath --disable-libquadmath-support --disable-libstdcxx-verbose --with-gmp=/builds/idf/crosstool-NG/.build/xtensa-esp-elf/buildtools --with-mpfr=/builds/idf/crosstool-NG/.build/xtensa-esp-elf/buildtools --with-mpc=/builds/idf/crosstool-NG/.build/xtensa-esp-elf/buildtools --with-isl=/builds/idf/crosstool-NG/.build/xtensa-esp-elf/buildtools --enable-lto --enable-target-optspace --without-long-double-128 --enable-plugin --disable-nls --enable-multiarch --enable-languages=c c++ --disable-libstdcxx-verbose --enable-threads=posix --enable-libstdcxx-time=yes --disable-win32-utf8-manifest]
  ignore line: [Thread model: posix]
  ignore line: [Supported LTO compression algorithms: zlib zstd]
  ignore line: [gcc version 15.2.0 (crosstool-NG esp-15.2.0_20251204) ]
  ignore line: [COLLECT_GCC_OPTIONS='-mdynconfig=xtensa_esp32.so' '-Wno-frame-address' '-mlongcalls' '-fno-builtin-memcpy' '-fno-builtin-memset' '-fno-builtin-bzero' '-specs=/home/student/Desktop/ProjekatDisplej/DisplayAudi/build/specs/picolibc.specs' '-fno-rtti' '-v' '-o' 'CMakeFiles/cmTC_74594.dir/CMakeCXXCompilerABI.cpp.obj' '-c' '-dumpdir' 'CMakeFiles/cmTC_74594.dir/']
  ignore line: [ /home/student/.espressif/tools/xtensa-esp-elf/esp-15.2.0_20251204/xtensa-esp-elf/bin/../libexec/gcc/xtensa-esp-elf/15.2.0/cc1plus -quiet -v -imultilib esp32/no-rtti -iprefix /home/student/.espressif/tools/xtensa-esp-elf/esp-15.2.0_20251204/xtensa-esp-elf/bin/../lib/gcc/xtensa-esp-elf/15.2.0/ -isysroot /home/student/.espressif/tools/xtensa-esp-elf/esp-15.2.0_20251204/xtensa-esp-elf/bin/../xtensa-esp-elf /usr/share/cmake-3.22/Modules/CMakeCXXCompilerABI.cpp -ftls-model=local-exec -quiet -dumpdir CMakeFiles/cmTC_74594.dir/ -dumpbase CMakeCXXCompilerABI.cpp.cpp -dumpbase-ext .cpp -mdynconfig=xtensa_esp32.so -mlongcalls -Wno-frame-address -version -fno-builtin-memcpy -fno-builtin-memset -fno-builtin-bzero -fno-rtti -isystem /home/student/.espressif/tools/xtensa-esp-elf/esp-15.2.0_20251204/xtensa-esp-elf/bin/../xtensa-esp-elf/../picolibc/include -isystem /home/student/.espressif/tools/xtensa-esp-elf/esp-15.2.0_20251204/xtensa-esp-elf/bin/../xtensa-esp-elf/../picolibc/include/../xtensa-esp-elf/include/c++/15.2.0/xtensa-esp-elf/esp32/no-rtti -ftls-model=local-exec -o /tmp/ccu9zQbg.s]
  ignore line: [GNU C++17 (crosstool-NG esp-15.2.0_20251204) version 15.2.0 (xtensa-esp-elf)]
  ignore line: [	compiled by GNU C version 6.3.0  GMP version 6.3.0  MPFR version 4.2.1  MPC version 1.3.1  isl version isl-0.26-GMP]
  ignore line: []
  ignore line: [GGC heuristics: --param ggc-min-expand=100 --param ggc-min-heapsize=131072]
  ignore line: [ignoring duplicate directory "/home/student/.espressif/tools/xtensa-esp-elf/esp-15.2.0_20251204/xtensa-esp-elf/bin/../lib/gcc/../../lib/gcc/xtensa-esp-elf/15.2.0/../../../../xtensa-esp-elf/include/c++/15.2.0"]
  ignore line: [ignoring duplicate directory "/home/student/.espressif/tools/xtensa-esp-elf/esp-15.2.0_20251204/xtensa-esp-elf/bin/../lib/gcc/../../lib/gcc/xtensa-esp-elf/15.2.0/../../../../xtensa-esp-elf/include/c++/15.2.0/xtensa-esp-elf/esp32/no-rtti"]
  ignore line: [ignoring duplicate directory "/home/student/.espressif/tools/xtensa-esp-elf/esp-15.2.0_20251204/xtensa-esp-elf/bin/../lib/gcc/../../lib/gcc/xtensa-esp-elf/15.2.0/../../../../xtensa-esp-elf/include/c++/15.2.0/backward"]
  ignore line: [ignoring duplicate directory "/home/student/.espressif/tools/xtensa-esp-elf/esp-15.2.0_20251204/xtensa-esp-elf/bin/../lib/gcc/../../lib/gcc/xtensa-esp-elf/15.2.0/include"]
  ignore line: [ignoring nonexistent directory "/home/student/.espressif/tools/xtensa-esp-elf/esp-15.2.0_20251204/xtensa-esp-elf/bin/../xtensa-esp-elf/builds/idf/crosstool-NG/builds/xtensa-esp-elf/xtensa-esp-elf/include"]
  ignore line: [ignoring duplicate directory "/home/student/.espressif/tools/xtensa-esp-elf/esp-15.2.0_20251204/xtensa-esp-elf/bin/../lib/gcc/../../lib/gcc/xtensa-esp-elf/15.2.0/include-fixed"]
  ignore line: [ignoring duplicate directory "/home/student/.espressif/tools/xtensa-esp-elf/esp-15.2.0_20251204/xtensa-esp-elf/bin/../lib/gcc/../../lib/gcc/xtensa-esp-elf/15.2.0/../../../../xtensa-esp-elf/include"]
  ignore line: [ignoring duplicate directory "/home/student/.espressif/tools/xtensa-esp-elf/esp-15.2.0_20251204/xtensa-esp-elf/bin/../xtensa-esp-elf/include"]
  ignore line: [#include "..." search starts here:]
  ignore line: [#include <...> search starts here:]
  ignore line: [ /home/student/.espressif/tools/xtensa-esp-elf/esp-15.2.0_20251204/xtensa-esp-elf/bin/../xtensa-esp-elf/../picolibc/include]
  ignore line: [ /home/student/.espressif/tools/xtensa-esp-elf/esp-15.2.0_20251204/xtensa-esp-elf/bin/../xtensa-esp-elf/../picolibc/include/../xtensa-esp-elf/include/c++/15.2.0/xtensa-esp-elf/esp32/no-rtti]
  ignore line: [ /home/student/.espressif/tools/xtensa-esp-elf/esp-15.2.0_20251204/xtensa-esp-elf/bin/../lib/gcc/xtensa-esp-elf/15.2.0/../../../../xtensa-esp-elf/include/c++/15.2.0]
  ignore line: [ /home/student/.espressif/tools/xtensa-esp-elf/esp-15.2.0_20251204/xtensa-esp-elf/bin/../lib/gcc/xtensa-esp-elf/15.2.0/../../../../xtensa-esp-elf/include/c++/15.2.0/xtensa-esp-elf/esp32/no-rtti]
  ignore line: [ /home/student/.espressif/tools/xtensa-esp-elf/esp-15.2.0_20251204/xtensa-esp-elf/bin/../lib/gcc/xtensa-esp-elf/15.2.0/../../../../xtensa-esp-elf/include/c++/15.2.0/backward]
  ignore line: [ /home/student/.espressif/tools/xtensa-esp-elf/esp-15.2.0_20251204/xtensa-esp-elf/bin/../lib/gcc/xtensa-esp-elf/15.2.0/include]
  ignore line: [ /home/student/.espressif/tools/xtensa-esp-elf/esp-15.2.0_20251204/xtensa-esp-elf/bin/../lib/gcc/xtensa-esp-elf/15.2.0/include-fixed]
  ignore line: [ /home/student/.espressif/tools/xtensa-esp-elf/esp-15.2.0_20251204/xtensa-esp-elf/bin/../lib/gcc/xtensa-esp-elf/15.2.0/../../../../xtensa-esp-elf/include]
  ignore line: [End of search list.]
  ignore line: [Compiler executable checksum: ddaf5163ec1d262ade9e7a5c85eeee1b]
  ignore line: [COLLECT_GCC_OPTIONS='-mdynconfig=xtensa_esp32.so' '-Wno-frame-address' '-mlongcalls' '-fno-builtin-memcpy' '-fno-builtin-memset' '-fno-builtin-bzero' '-specs=/home/student/Desktop/ProjekatDisplej/DisplayAudi/build/specs/picolibc.specs' '-fno-rtti' '-v' '-o' 'CMakeFiles/cmTC_74594.dir/CMakeCXXCompilerABI.cpp.obj' '-c' '-dumpdir' 'CMakeFiles/cmTC_74594.dir/']
  ignore line: [ /home/student/.espressif/tools/xtensa-esp-elf/esp-15.2.0_20251204/xtensa-esp-elf/bin/../lib/gcc/xtensa-esp-elf/15.2.0/../../../../xtensa-esp-elf/bin/as --traditional-format --longcalls --dynconfig=xtensa_esp32.so -o CMakeFiles/cmTC_74594.dir/CMakeCXXCompilerABI.cpp.obj /tmp/ccu9zQbg.s]
  ignore line: [COMPILER_PATH=/home/student/.espressif/tools/xtensa-esp-elf/esp-15.2.0_20251204/xtensa-esp-elf/bin/../libexec/gcc/xtensa-esp-elf/15.2.0/:/home/student/.espressif/tools/xtensa-esp-elf/esp-15.2.0_20251204/xtensa-esp-elf/bin/../libexec/gcc/:/home/student/.espressif/tools/xtensa-esp-elf/esp-15.2.0_20251204/xtensa-esp-elf/bin/../lib/gcc/xtensa-esp-elf/15.2.0/../../../../xtensa-esp-elf/bin/]
  ignore line: [LIBRARY_PATH=/home/student/.espressif/tools/xtensa-esp-elf/esp-15.2.0_20251204/xtensa-esp-elf/bin/../lib/gcc/xtensa-esp-elf/15.2.0/esp32/no-rtti/:/home/student/.espressif/tools/xtensa-esp-elf/esp-15.2.0_20251204/xtensa-esp-elf/bin/../lib/gcc/xtensa-esp-elf/15.2.0/../../../../xtensa-esp-elf/lib/esp32/no-rtti/:/home/student/.espressif/tools/xtensa-esp-elf/esp-15.2.0_20251204/xtensa-esp-elf/bin/../xtensa-esp-elf/lib/esp32/no-rtti/:/home/student/.espressif/tools/xtensa-esp-elf/esp-15.2.0_20251204/xtensa-esp-elf/bin/../lib/gcc/xtensa-esp-elf/15.2.0/:/home/student/.espressif/tools/xtensa-esp-elf/esp-15.2.0_20251204/xtensa-esp-elf/bin/../lib/gcc/:/home/student/.espressif/tools/xtensa-esp-elf/esp-15.2.0_20251204/xtensa-esp-elf/bin/../lib/gcc/xtensa-esp-elf/15.2.0/../../../../xtensa-esp-elf/lib/:/home/student/.espressif/tools/xtensa-esp-elf/esp-15.2.0_20251204/xtensa-esp-elf/bin/../xtensa-esp-elf/lib/:/home/student/.espressif/tools/xtensa-esp-elf/esp-15.2.0_20251204/xtensa-esp-elf/bin/../xtensa-esp-elf/usr/lib/]
  ignore line: [COLLECT_GCC_OPTIONS='-mdynconfig=xtensa_esp32.so' '-Wno-frame-address' '-mlongcalls' '-fno-builtin-memcpy' '-fno-builtin-memset' '-fno-builtin-bzero' '-specs=/home/student/Desktop/ProjekatDisplej/DisplayAudi/build/specs/picolibc.specs' '-fno-rtti' '-v' '-o' 'CMakeFiles/cmTC_74594.dir/CMakeCXXCompilerABI.cpp.obj' '-c' '-dumpdir' 'CMakeFiles/cmTC_74594.dir/CMakeCXXCompilerABI.cpp.']
  ignore line: [[2/2] Linking CXX executable cmTC_74594]
  ignore line: [Using built-in specs.]
  ignore line: [Reading specs from /home/student/Desktop/ProjekatDisplej/DisplayAudi/build/specs/picolibc.specs]
  ignore line: [rename spec link to picolibc_link]
  ignore line: [rename spec link_libgcc to picolibc_link_libgcc]
  ignore line: [rename spec cpp to picolibc_cpp]
  ignore line: [rename spec cc1 to picolibc_cc1]
  ignore line: [rename spec cc1plus to picolibc_cc1plus]
  ignore line: [COLLECT_GCC=/home/student/.espressif/tools/xtensa-esp-elf/esp-15.2.0_20251204/xtensa-esp-elf/bin/xtensa-esp-elf-g++]
  ignore line: [COLLECT_LTO_WRAPPER=/home/student/.espressif/tools/xtensa-esp-elf/esp-15.2.0_20251204/xtensa-esp-elf/bin/../libexec/gcc/xtensa-esp-elf/15.2.0/lto-wrapper]
  ignore line: [Target: xtensa-esp-elf]
  ignore line: [Configured with: /builds/idf/crosstool-NG/.build/xtensa-esp-elf/src/gcc/configure --build=x86_64-build_pc-linux-gnu --host=x86_64-build_pc-linux-gnu --target=xtensa-esp-elf --prefix=/builds/idf/crosstool-NG/builds/xtensa-esp-elf --exec_prefix=/builds/idf/crosstool-NG/builds/xtensa-esp-elf --with-local-prefix=/builds/idf/crosstool-NG/builds/xtensa-esp-elf/xtensa-esp-elf --with-sysroot=/builds/idf/crosstool-NG/builds/xtensa-esp-elf/xtensa-esp-elf --with-native-system-header-dir=/include --with-headers=/builds/idf/crosstool-NG/builds/xtensa-esp-elf/xtensa-esp-elf/include --with-newlib --enable-threads=no --disable-shared --with-pkgversion='crosstool-NG esp-15.2.0_20251204' --disable-__cxa_atexit --enable-cxx-flags='-ffunction-sections -fdata-sections' --disable-libgomp --disable-libmudflap --disable-libmpx --disable-libssp --disable-libquadmath --disable-libquadmath-support --disable-libstdcxx-verbose --with-gmp=/builds/idf/crosstool-NG/.build/xtensa-esp-elf/buildtools --with-mpfr=/builds/idf/crosstool-NG/.build/xtensa-esp-elf/buildtools --with-mpc=/builds/idf/crosstool-NG/.build/xtensa-esp-elf/buildtools --with-isl=/builds/idf/crosstool-NG/.build/xtensa-esp-elf/buildtools --enable-lto --enable-target-optspace --without-long-double-128 --enable-plugin --disable-nls --enable-multiarch --enable-languages=c c++ --disable-libstdcxx-verbose --enable-threads=posix --enable-libstdcxx-time=yes --disable-win32-utf8-manifest]
  ignore line: [Thread model: posix]
  ignore line: [Supported LTO compression algorithms: zlib zstd]
  ignore line: [gcc version 15.2.0 (crosstool-NG esp-15.2.0_20251204) ]
  ignore line: [COMPILER_PATH=/home/student/.espressif/tools/xtensa-esp-elf/esp-15.2.0_20251204/xtensa-esp-elf/bin/../libexec/gcc/xtensa-esp-elf/15.2.0/:/home/student/.espressif/tools/xtensa-esp-elf/esp-15.2.0_20251204/xtensa-esp-elf/bin/../libexec/gcc/:/home/student/.espressif/tools/xtensa-esp-elf/esp-15.2.0_20251204/xtensa-esp-elf/bin/../lib/gcc/xtensa-esp-elf/15.2.0/../../../../xtensa-esp-elf/bin/]
  ignore line: [LIBRARY_PATH=/home/student/.espressif/tools/xtensa-esp-elf/esp-15.2.0_20251204/xtensa-esp-elf/bin/../lib/gcc/xtensa-esp-elf/15.2.0/esp32/no-rtti/:/home/student/.espressif/tools/xtensa-esp-elf/esp-15.2.0_20251204/xtensa-esp-elf/bin/../lib/gcc/xtensa-esp-elf/15.2.0/../../../../xtensa-esp-elf/lib/esp32/no-rtti/:/home/student/.espressif/tools/xtensa-esp-elf/esp-15.2.0_20251204/xtensa-esp-elf/bin/../xtensa-esp-elf/lib/esp32/no-rtti/:/home/student/.espressif/tools/xtensa-esp-elf/esp-15.2.0_20251204/xtensa-esp-elf/bin/../lib/gcc/xtensa-esp-elf/15.2.0/:/home/student/.espressif/tools/xtensa-esp-elf/esp-15.2.0_20251204/xtensa-esp-elf/bin/../lib/gcc/:/home/student/.espressif/tools/xtensa-esp-elf/esp-15.2.0_20251204/xtensa-esp-elf/bin/../lib/gcc/xtensa-esp-elf/15.2.0/../../../../xtensa-esp-elf/lib/:/home/student/.espressif/tools/xtensa-esp-elf/esp-15.2.0_20251204/xtensa-esp-elf/bin/../xtensa-esp-elf/lib/:/home/student/.espressif/tools/xtensa-esp-elf/esp-15.2.0_20251204/xtensa-esp-elf/bin/../xtensa-esp-elf/usr/lib/]
  ignore line: [COLLECT_GCC_OPTIONS='-mdynconfig=xtensa_esp32.so' '-Wno-frame-address' '-mlongcalls' '-fno-builtin-memcpy' '-fno-builtin-memset' '-fno-builtin-bzero' '-specs=/home/student/Desktop/ProjekatDisplej/DisplayAudi/build/specs/picolibc.specs' '-nostartfiles' '-fno-rtti' '-v' '-o' 'cmTC_74594' '-dumpdir' 'cmTC_74594.']
  link line: [ /home/student/.espressif/tools/xtensa-esp-elf/esp-15.2.0_20251204/xtensa-esp-elf/bin/../libexec/gcc/xtensa-esp-elf/15.2.0/collect2 -plugin /home/student/.espressif/tools/xtensa-esp-elf/esp-15.2.0_20251204/xtensa-esp-elf/bin/../libexec/gcc/xtensa-esp-elf/15.2.0/liblto_plugin.so -plugin-opt=/home/student/.espressif/tools/xtensa-esp-elf/esp-15.2.0_20251204/xtensa-esp-elf/bin/../libexec/gcc/xtensa-esp-elf/15.2.0/lto-wrapper -plugin-opt=-fresolution=/tmp/ccOIdOcj.res -plugin-opt=-pass-through=-lgcc -plugin-opt=-pass-through=-lgcc -plugin-opt=-pass-through=-lc -plugin-opt=-pass-through=-lgcc -L/home/student/.espressif/tools/xtensa-esp-elf/esp-15.2.0_20251204/xtensa-esp-elf/bin/../xtensa-esp-elf/../picolibc/xtensa-esp-elf/lib/esp32/no-rtti -L/home/student/.espressif/tools/xtensa-esp-elf/esp-15.2.0_20251204/xtensa-esp-elf/bin/../xtensa-esp-elf/../picolibc/xtensa-esp-elf/lib -Tpicolibc.ld --sysroot=/home/student/.espressif/tools/xtensa-esp-elf/esp-15.2.0_20251204/xtensa-esp-elf/bin/../xtensa-esp-elf --dynconfig=xtensa_esp32.so -o cmTC_74594 -L/home/student/.espressif/tools/xtensa-esp-elf/esp-15.2.0_20251204/xtensa-esp-elf/bin/../xtensa-esp-elf/../picolibc/lib/gcc/xtensa-esp-elf/15.2.0/esp32/no-rtti -L/home/student/.espressif/tools/xtensa-esp-elf/esp-15.2.0_20251204/xtensa-esp-elf/bin/../xtensa-esp-elf/../picolibc/lib/gcc/xtensa-esp-elf/15.2.0 -L/home/student/.espressif/tools/xtensa-esp-elf/esp-15.2.0_20251204/xtensa-esp-elf/bin/../lib/gcc/xtensa-esp-elf/15.2.0/esp32/no-rtti -L/home/student/.espressif/tools/xtensa-esp-elf/esp-15.2.0_20251204/xtensa-esp-elf/bin/../lib/gcc/xtensa-esp-elf/15.2.0/../../../../xtensa-esp-elf/lib/esp32/no-rtti -L/home/student/.espressif/tools/xtensa-esp-elf/esp-15.2.0_20251204/xtensa-esp-elf/bin/../xtensa-esp-elf/lib/esp32/no-rtti -L/home/student/.espressif/tools/xtensa-esp-elf/esp-15.2.0_20251204/xtensa-esp-elf/bin/../lib/gcc/xtensa-esp-elf/15.2.0 -L/home/student/.espressif/tools/xtensa-esp-elf/esp-15.2.0_20251204/xtensa-esp-elf/bin/../lib/gcc -L/home/student/.espressif/tools/xtensa-esp-elf/esp-15.2.0_20251204/xtensa-esp-elf/bin/../lib/gcc/xtensa-esp-elf/15.2.0/../../../../xtensa-esp-elf/lib -L/home/student/.espressif/tools/xtensa-esp-elf/esp-15.2.0_20251204/xtensa-esp-elf/bin/../xtensa-esp-elf/lib -L/home/student/.espressif/tools/xtensa-esp-elf/esp-15.2.0_20251204/xtensa-esp-elf/bin/../xtensa-esp-elf/usr/lib @/tmp/ccUbdH9U -lgcc --start-group -lgcc -lc --end-group -lgcc]
    arg [/home/student/.espressif/tools/xtensa-esp-elf/esp-15.2.0_20251204/xtensa-esp-elf/bin/../libexec/gcc/xtensa-esp-elf/15.2.0/collect2] ==> ignore
    arg [-plugin] ==> ignore
    arg [/home/student/.espressif/tools/xtensa-esp-elf/esp-15.2.0_20251204/xtensa-esp-elf/bin/../libexec/gcc/xtensa-esp-elf/15.2.0/liblto_plugin.so] ==> ignore
    arg [-plugin-opt=/home/student/.espressif/tools/xtensa-esp-elf/esp-15.2.0_20251204/xtensa-esp-elf/bin/../libexec/gcc/xtensa-esp-elf/15.2.0/lto-wrapper] ==> ignore
    arg [-plugin-opt=-fresolution=/tmp/ccOIdOcj.res] ==> ignore
    arg [-plugin-opt=-pass-through=-lgcc] ==> ignore
    arg [-plugin-opt=-pass-through=-lgcc] ==> ignore
    arg [-plugin-opt=-pass-through=-lc] ==> ignore
    arg [-plugin-opt=-pass-through=-lgcc] ==> ignore
    arg [-L/home/student/.espressif/tools/xtensa-esp-elf/esp-15.2.0_20251204/xtensa-esp-elf/bin/../xtensa-esp-elf/../picolibc/xtensa-esp-elf/lib/esp32/no-rtti] ==> dir [/home/student/.espressif/tools/xtensa-esp-elf/esp-15.2.0_20251204/xtensa-esp-elf/bin/../xtensa-esp-elf/../picolibc/xtensa-esp-elf/lib/esp32/no-rtti]
    arg [-L/home/student/.espressif/tools/xtensa-esp-elf/esp-15.2.0_20251204/xtensa-esp-elf/bin/../xtensa-esp-elf/../picolibc/xtensa-esp-elf/lib] ==> dir [/home/student/.espressif/tools/xtensa-esp-elf/esp-15.2.0_20251204/xtensa-esp-elf/bin/../xtensa-esp-elf/../picolibc/xtensa-esp-elf/lib]
    arg [-Tpicolibc.ld] ==> ignore
    arg [--sysroot=/home/student/.espressif/tools/xtensa-esp-elf/esp-15.2.0_20251204/xtensa-esp-elf/bin/../xtensa-esp-elf] ==> ignore
    arg [--dynconfig=xtensa_esp32.so] ==> ignore
    arg [-o] ==> ignore
    arg [cmTC_74594] ==> ignore
    arg [-L/home/student/.espressif/tools/xtensa-esp-elf/esp-15.2.0_20251204/xtensa-esp-elf/bin/../xtensa-esp-elf/../picolibc/lib/gcc/xtensa-esp-elf/15.2.0/esp32/no-rtti] ==> dir [/home/student/.espressif/tools/xtensa-esp-elf/esp-15.2.0_20251204/xtensa-esp-elf/bin/../xtensa-esp-elf/../picolibc/lib/gcc/xtensa-esp-elf/15.2.0/esp32/no-rtti]
    arg [-L/home/student/.espressif/tools/xtensa-esp-elf/esp-15.2.0_20251204/xtensa-esp-elf/bin/../xtensa-esp-elf/../picolibc/lib/gcc/xtensa-esp-elf/15.2.0] ==> dir [/home/student/.espressif/tools/xtensa-esp-elf/esp-15.2.0_20251204/xtensa-esp-elf/bin/../xtensa-esp-elf/../picolibc/lib/gcc/xtensa-esp-elf/15.2.0]
    arg [-L/home/student/.espressif/tools/xtensa-esp-elf/esp-15.2.0_20251204/xtensa-esp-elf/bin/../lib/gcc/xtensa-esp-elf/15.2.0/esp32/no-rtti] ==> dir [/home/student/.espressif/tools/xtensa-esp-elf/esp-15.2.0_20251204/xtensa-esp-elf/bin/../lib/gcc/xtensa-esp-elf/15.2.0/esp32/no-rtti]
    arg [-L/home/student/.espressif/tools/xtensa-esp-elf/esp-15.2.0_20251204/xtensa-esp-elf/bin/../lib/gcc/xtensa-esp-elf/15.2.0/../../../../xtensa-esp-elf/lib/esp32/no-rtti] ==> dir [/home/student/.espressif/tools/xtensa-esp-elf/esp-15.2.0_20251204/xtensa-esp-elf/bin/../lib/gcc/xtensa-esp-elf/15.2.0/../../../../xtensa-esp-elf/lib/esp32/no-rtti]
    arg [-L/home/student/.espressif/tools/xtensa-esp-elf/esp-15.2.0_20251204/xtensa-esp-elf/bin/../xtensa-esp-elf/lib/esp32/no-rtti] ==> dir [/home/student/.espressif/tools/xtensa-esp-elf/esp-15.2.0_20251204/xtensa-esp-elf/bin/../xtensa-esp-elf/lib/esp32/no-rtti]
    arg [-L/home/student/.espressif/tools/xtensa-esp-elf/esp-15.2.0_20251204/xtensa-esp-elf/bin/../lib/gcc/xtensa-esp-elf/15.2.0] ==> dir [/home/student/.espressif/tools/xtensa-esp-elf/esp-15.2.0_20251204/xtensa-esp-elf/bin/../lib/gcc/xtensa-esp-elf/15.2.0]
    arg [-L/home/student/.espressif/tools/xtensa-esp-elf/esp-15.2.0_20251204/xtensa-esp-elf/bin/../lib/gcc] ==> dir [/home/student/.espressif/tools/xtensa-esp-elf/esp-15.2.0_20251204/xtensa-esp-elf/bin/../lib/gcc]
    arg [-L/home/student/.espressif/tools/xtensa-esp-elf/esp-15.2.0_20251204/xtensa-esp-elf/bin/../lib/gcc/xtensa-esp-elf/15.2.0/../../../../xtensa-esp-elf/lib] ==> dir [/home/student/.espressif/tools/xtensa-esp-elf/esp-15.2.0_20251204/xtensa-esp-elf/bin/../lib/gcc/xtensa-esp-elf/15.2.0/../../../../xtensa-esp-elf/lib]
    arg [-L/home/student/.espressif/tools/xtensa-esp-elf/esp-15.2.0_20251204/xtensa-esp-elf/bin/../xtensa-esp-elf/lib] ==> dir [/home/student/.espressif/tools/xtensa-esp-elf/esp-15.2.0_20251204/xtensa-esp-elf/bin/../xtensa-esp-elf/lib]
    arg [-L/home/student/.espressif/tools/xtensa-esp-elf/esp-15.2.0_20251204/xtensa-esp-elf/bin/../xtensa-esp-elf/usr/lib] ==> dir [/home/student/.espressif/tools/xtensa-esp-elf/esp-15.2.0_20251204/xtensa-esp-elf/bin/../xtensa-esp-elf/usr/lib]
    arg [@/tmp/ccUbdH9U] ==> ignore
    arg [-lgcc] ==> lib [gcc]
    arg [--start-group] ==> ignore
    arg [-lgcc] ==> lib [gcc]
    arg [-lc] ==> lib [c]
    arg [--end-group] ==> ignore
    arg [-lgcc] ==> lib [gcc]
  collapse library dir [/home/student/.espressif/tools/xtensa-esp-elf/esp-15.2.0_20251204/xtensa-esp-elf/bin/../xtensa-esp-elf/../picolibc/xtensa-esp-elf/lib/esp32/no-rtti] ==> [/home/student/.espressif/tools/xtensa-esp-elf/esp-15.2.0_20251204/xtensa-esp-elf/picolibc/xtensa-esp-elf/lib/esp32/no-rtti]
  collapse library dir [/home/student/.espressif/tools/xtensa-esp-elf/esp-15.2.0_20251204/xtensa-esp-elf/bin/../xtensa-esp-elf/../picolibc/xtensa-esp-elf/lib] ==> [/home/student/.espressif/tools/xtensa-esp-elf/esp-15.2.0_20251204/xtensa-esp-elf/picolibc/xtensa-esp-elf/lib]
  collapse library dir [/home/student/.espressif/tools/xtensa-esp-elf/esp-15.2.0_20251204/xtensa-esp-elf/bin/../xtensa-esp-elf/../picolibc/lib/gcc/xtensa-esp-elf/15.2.0/esp32/no-rtti] ==> [/home/student/.espressif/tools/xtensa-esp-elf/esp-15.2.0_20251204/xtensa-esp-elf/picolibc/lib/gcc/xtensa-esp-elf/15.2.0/esp32/no-rtti]
  collapse library dir [/home/student/.espressif/tools/xtensa-esp-elf/esp-15.2.0_20251204/xtensa-esp-elf/bin/../xtensa-esp-elf/../picolibc/lib/gcc/xtensa-esp-elf/15.2.0] ==> [/home/student/.espressif/tools/xtensa-esp-elf/esp-15.2.0_20251204/xtensa-esp-elf/picolibc/lib/gcc/xtensa-esp-elf/15.2.0]
  collapse library dir [/home/student/.espressif/tools/xtensa-esp-elf/esp-15.2.0_20251204/xtensa-esp-elf/bin/../lib/gcc/xtensa-esp-elf/15.2.0/esp32/no-rtti] ==> [/home/student/.espressif/tools/xtensa-esp-elf/esp-15.2.0_20251204/xtensa-esp-elf/lib/gcc/xtensa-esp-elf/15.2.0/esp32/no-rtti]
  collapse library dir [/home/student/.espressif/tools/xtensa-esp-elf/esp-15.2.0_20251204/xtensa-esp-elf/bin/../lib/gcc/xtensa-esp-elf/15.2.0/../../../../xtensa-esp-elf/lib/esp32/no-rtti] ==> [/home/student/.espressif/tools/xtensa-esp-elf/esp-15.2.0_20251204/xtensa-esp-elf/xtensa-esp-elf/lib/esp32/no-rtti]
  collapse library dir [/home/student/.espressif/tools/xtensa-esp-elf/esp-15.2.0_20251204/xtensa-esp-elf/bin/../xtensa-esp-elf/lib/esp32/no-rtti] ==> [/home/student/.espressif/tools/xtensa-esp-elf/esp-15.2.0_20251204/xtensa-esp-elf/xtensa-esp-elf/lib/esp32/no-rtti]
  collapse library dir [/home/student/.espressif/tools/xtensa-esp-elf/esp-15.2.0_20251204/xtensa-esp-elf/bin/../lib/gcc/xtensa-esp-elf/15.2.0] ==> [/home/student/.espressif/tools/xtensa-esp-elf/esp-15.2.0_20251204/xtensa-esp-elf/lib/gcc/xtensa-esp-elf/15.2.0]
  collapse library dir [/home/student/.espressif/tools/xtensa-esp-elf/esp-15.2.0_20251204/xtensa-esp-elf/bin/../lib/gcc] ==> [/home/student/.espressif/tools/xtensa-esp-elf/esp-15.2.0_20251204/xtensa-esp-elf/lib/gcc]
  collapse library dir [/home/student/.espressif/tools/xtensa-esp-elf/esp-15.2.0_20251204/xtensa-esp-elf/bin/../lib/gcc/xtensa-esp-elf/15.2.0/../../../../xtensa-esp-elf/lib] ==> [/home/student/.espressif/tools/xtensa-esp-elf/esp-15.2.0_20251204/xtensa-esp-elf/xtensa-esp-elf/lib]
  collapse library dir [/home/student/.espressif/tools/xtensa-esp-elf/esp-15.2.0_20251204/xtensa-esp-elf/bin/../xtensa-esp-elf/lib] ==> [/home/student/.espressif/tools/xtensa-esp-elf/esp-15.2.0_20251204/xtensa-esp-elf/xtensa-esp-elf/lib]
  collapse library dir [/home/student/.espressif/tools/xtensa-esp-elf/esp-15.2.0_20251204/xtensa-esp-elf/bin/../xtensa-esp-elf/usr/lib] ==> [/home/student/.espressif/tools/xtensa-esp-elf/esp-15.2.0_20251204/xtensa-esp-elf/xtensa-esp-elf/usr/lib]
  implicit libs: [gcc;gcc;c;gcc]
  implicit objs: []
  implicit dirs: [/home/student/.espressif/tools/xtensa-esp-elf/esp-15.2.0_20251204/xtensa-esp-elf/picolibc/xtensa-esp-elf/lib/esp32/no-rtti;/home/student/.espressif/tools/xtensa-esp-elf/esp-15.2.0_20251204/xtensa-esp-elf/picolibc/xtensa-esp-elf/lib;/home/student/.espressif/tools/xtensa-esp-elf/esp-15.2.0_20251204/xtensa-esp-elf/picolibc/lib/gcc/xtensa-esp-elf/15.2.0/esp32/no-rtti;/home/student/.espressif/tools/xtensa-esp-elf/esp-15.2.0_20251204/xtensa-esp-elf/picolibc/lib/gcc/xtensa-esp-elf/15.2.0;/home/student/.espressif/tools/xtensa-esp-elf/esp-15.2.0_20251204/xtensa-esp-elf/lib/gcc/xtensa-esp-elf/15.2.0/esp32/no-rtti;/home/student/.espressif/tools/xtensa-esp-elf/esp-15.2.0_20251204/xtensa-esp-elf/xtensa-esp-elf/lib/esp32/no-rtti;/home/student/.espressif/tools/xtensa-esp-elf/esp-15.2.0_20251204/xtensa-esp-elf/lib/gcc/xtensa-esp-elf/15.2.0;/home/student/.espressif/tools/xtensa-esp-elf/esp-15.2.0_20251204/xtensa-esp-elf/lib/gcc;/home/student/.espressif/tools/xtensa-esp-elf/esp-15.2.0_20251204/xtensa-esp-elf/xtensa-esp-elf/lib;/home/student/.espressif/tools/xtensa-esp-elf/esp-15.2.0_20251204/xtensa-esp-elf/xtensa-esp-elf/usr/lib]
  implicit fwks: []


Determining if the include file pthread.h exists passed with the following output:
Change Dir: /home/student/Desktop/ProjekatDisplej/DisplayAudi/build/CMakeFiles/CMakeTmp

Run Build Command(s):/usr/bin/ninja cmTC_01b77 && [1/2] Building C object CMakeFiles/cmTC_01b77.dir/CheckIncludeFile.c.obj
[2/2] Linking C executable cmTC_01b77
/home/student/.espressif/tools/xtensa-esp-elf/esp-15.2.0_20251204/xtensa-esp-elf/bin/../lib/gcc/xtensa-esp-elf/15.2.0/../../../../xtensa-esp-elf/bin/ld: warning: cannot find entry symbol _start; defaulting to 10000000



Performing C SOURCE FILE Test CMAKE_HAVE_LIBC_PTHREAD succeeded with the following output:
Change Dir: /home/student/Desktop/ProjekatDisplej/DisplayAudi/build/CMakeFiles/CMakeTmp

Run Build Command(s):/usr/bin/ninja cmTC_032b1 && [1/2] Building C object CMakeFiles/cmTC_032b1.dir/src.c.obj
[2/2] Linking C executable cmTC_032b1
/home/student/.espressif/tools/xtensa-esp-elf/esp-15.2.0_20251204/xtensa-esp-elf/bin/../lib/gcc/xtensa-esp-elf/15.2.0/../../../../xtensa-esp-elf/bin/ld: CMakeFiles/cmTC_032b1.dir/src.c.obj:(.literal+0x14): warning: pthread_atfork is not implemented and will always fail
/home/student/.espressif/tools/xtensa-esp-elf/esp-15.2.0_20251204/xtensa-esp-elf/bin/../lib/gcc/xtensa-esp-elf/15.2.0/../../../../xtensa-esp-elf/bin/ld: CMakeFiles/cmTC_032b1.dir/src.c.obj:(.literal+0xc): warning: pthread_cancel is not implemented and will always fail
/home/student/.espressif/tools/xtensa-esp-elf/esp-15.2.0_20251204/xtensa-esp-elf/bin/../lib/gcc/xtensa-esp-elf/15.2.0/../../../../xtensa-esp-elf/bin/ld: CMakeFiles/cmTC_032b1.dir/src.c.obj:(.literal+0x4): warning: pthread_create is not implemented and will always fail
/home/student/.espressif/tools/xtensa-esp-elf/esp-15.2.0_20251204/xtensa-esp-elf/bin/../lib/gcc/xtensa-esp-elf/15.2.0/../../../../xtensa-esp-elf/bin/ld: CMakeFiles/cmTC_032b1.dir/src.c.obj:(.literal+0x8): warning: pthread_detach is not implemented and will always fail
/home/student/.espressif/tools/xtensa-esp-elf/esp-15.2.0_20251204/xtensa-esp-elf/bin/../lib/gcc/xtensa-esp-elf/15.2.0/../../../../xtensa-esp-elf/bin/ld: CMakeFiles/cmTC_032b1.dir/src.c.obj:(.literal+0x18): warning: pthread_exit is not implemented and will always fail
/home/student/.espressif/tools/xtensa-esp-elf/esp-15.2.0_20251204/xtensa-esp-elf/bin/../lib/gcc/xtensa-esp-elf/15.2.0/../../../../xtensa-esp-elf/bin/ld: CMakeFiles/cmTC_032b1.dir/src.c.obj:(.literal+0x10): warning: pthread_join is not implemented and will always fail
/home/student/.espressif/tools/xtensa-esp-elf/esp-15.2.0_20251204/xtensa-esp-elf/bin/../lib/gcc/xtensa-esp-elf/15.2.0/../../../../xtensa-esp-elf/bin/ld: /home/student/.espressif/tools/xtensa-esp-elf/esp-15.2.0_20251204/xtensa-esp-elf/bin/../xtensa-esp-elf/../picolibc/xtensa-esp-elf/lib/esp32/no-rtti/libc.a(libc_stdlib_pico-exit.c.o):(.literal.exit+0x4): warning: _exit is not implemented and will always fail
/home/student/.espressif/tools/xtensa-esp-elf/esp-15.2.0_20251204/xtensa-esp-elf/bin/../lib/gcc/xtensa-esp-elf/15.2.0/../../../../xtensa-esp-elf/bin/ld: warning: cannot find entry symbol _start; defaulting to 10000000


Source file was:
#include <pthread.h>

static void* test_func(void* data)
{
  return data;
}

int main(void)
{
  pthread_t thread;
  pthread_create(&thread, NULL, test_func, NULL);
  pthread_detach(thread);
  pthread_cancel(thread);
  pthread_join(thread, NULL);
  pthread_atfork(NULL, NULL, NULL);
  pthread_exit(NULL);

  return 0;
}

Performing C SOURCE FILE Test C_COMPILER_SUPPORTS_WFORMAT_SIGNEDNESS succeeded with the following output:
Change Dir: /home/student/Desktop/ProjekatDisplej/DisplayAudi/build/CMakeFiles/CMakeTmp

Run Build Command(s):/usr/bin/ninja cmTC_cd079 && [1/2] Building C object CMakeFiles/cmTC_cd079.dir/src.c.obj
[2/2] Linking C executable cmTC_cd079
/home/student/.espressif/tools/xtensa-esp-elf/esp-15.2.0_20251204/xtensa-esp-elf/bin/../lib/gcc/xtensa-esp-elf/15.2.0/../../../../xtensa-esp-elf/bin/ld: warning: cannot find entry symbol _start; defaulting to 10000000


Source file was:
int main(void) { return 0; }
Detecting C compiler ABI info compiled with the following output:
Change Dir: /home/student/Desktop/ProjekatDisplej/DisplayAudi/build/CMakeFiles/CMakeTmp

Run Build Command(s):/usr/bin/ninja cmTC_8e03d && [1/2] Building C object CMakeFiles/cmTC_8e03d.dir/CMakeCCompilerABI.c.obj
Using built-in specs.
Reading specs from /home/student/Desktop/ProjekatDisplej/DisplayAudi/build/specs/picolibc.specs
rename spec link to picolibc_link
rename spec link_libgcc to picolibc_link_libgcc
rename spec cpp to picolibc_cpp
rename spec cc1 to picolibc_cc1
rename spec cc1plus to picolibc_cc1plus
COLLECT_GCC=/home/student/.espressif/tools/xtensa-esp-elf/esp-15.2.0_20251204/xtensa-esp-elf/bin/xtensa-esp-elf-gcc
Target: xtensa-esp-elf
Configured with: /builds/idf/crosstool-NG/.build/xtensa-esp-elf/src/gcc/configure --build=x86_64-build_pc-linux-gnu --host=x86_64-build_pc-linux-gnu --target=xtensa-esp-elf --prefix=/builds/idf/crosstool-NG/builds/xtensa-esp-elf --exec_prefix=/builds/idf/crosstool-NG/builds/xtensa-esp-elf --with-local-prefix=/builds/idf/crosstool-NG/builds/xtensa-esp-elf/xtensa-esp-elf --with-sysroot=/builds/idf/crosstool-NG/builds/xtensa-esp-elf/xtensa-esp-elf --with-native-system-header-dir=/include --with-headers=/builds/idf/crosstool-NG/builds/xtensa-esp-elf/xtensa-esp-elf/include --with-newlib --enable-threads=no --disable-shared --with-pkgversion='crosstool-NG esp-15.2.0_20251204' --disable-__cxa_atexit --enable-cxx-flags='-ffunction-sections -fdata-sections' --disable-libgomp --disable-libmudflap --disable-libmpx --disable-libssp --disable-libquadmath --disable-libquadmath-support --disable-libstdcxx-verbose --with-gmp=/builds/idf/crosstool-NG/.build/xtensa-esp-elf/buildtools --with-mpfr=/builds/idf/crosstool-NG/.build/xtensa-esp-elf/buildtools --with-mpc=/builds/idf/crosstool-NG/.build/xtensa-esp-elf/buildtools --with-isl=/builds/idf/crosstool-NG/.build/xtensa-esp-elf/buildtools --enable-lto --enable-target-optspace --without-long-double-128 --enable-plugin --disable-nls --enable-multiarch --enable-languages=c,c++ --disable-libstdcxx-verbose --enable-threads=posix --enable-libstdcxx-time=yes --disable-win32-utf8-manifest
Thread model: posix
Supported LTO compression algorithms: zlib zstd
gcc version 15.2.0 (crosstool-NG esp-15.2.0_20251204) 
COLLECT_GCC_OPTIONS='-mdynconfig=xtensa_esp32.so' '-Wno-frame-address' '-mlongcalls' '-fno-builtin-memcpy' '-fno-builtin-memset' '-fno-builtin-bzero' '-specs=/home/student/Desktop/ProjekatDisplej/DisplayAudi/build/specs/picolibc.specs' '-v' '-o' 'CMakeFiles/cmTC_8e03d.dir/CMakeCCompilerABI.c.obj' '-c' '-dumpdir' 'CMakeFiles/cmTC_8e03d.dir/'
 /home/student/.espressif/tools/xtensa-esp-elf/esp-15.2.0_20251204/xtensa-esp-elf/bin/../libexec/gcc/xtensa-esp-elf/15.2.0/cc1 -quiet -v -imultilib esp32 -iprefix /home/student/.espressif/tools/xtensa-esp-elf/esp-15.2.0_20251204/xtensa-esp-elf/bin/../lib/gcc/xtensa-esp-elf/15.2.0/ -isysroot /home/student/.espressif/tools/xtensa-esp-elf/esp-15.2.0_20251204/xtensa-esp-elf/bin/../xtensa-esp-elf -isystem /home/student/.espressif/tools/xtensa-esp-elf/esp-15.2.0_20251204/xtensa-esp-elf/bin/../xtensa-esp-elf/../picolibc/include -isystem /home/student/.espressif/tools/xtensa-esp-elf/esp-15.2.0_20251204/xtensa-esp-elf/bin/../xtensa-esp-elf/../picolibc/include/../xtensa-esp-elf/include/c++/15.2.0/xtensa-esp-elf/esp32 /usr/share/cmake-3.22/Modules/CMakeCCompilerABI.c -ftls-model=local-exec -quiet -dumpdir CMakeFiles/cmTC_8e03d.dir/ -dumpbase CMakeCCompilerABI.c.c -dumpbase-ext .c -mdynconfig=xtensa_esp32.so -mlongcalls -Wno-frame-address -version -fno-builtin-memcpy -fno-builtin-memset -fno-builtin-bzero -o /tmp/ccCcdeW4.s
GNU C23 (crosstool-NG esp-15.2.0_20251204) version 15.2.0 (xtensa-esp-elf)
	compiled by GNU C version 6.3.0, GMP version 6.3.0, MPFR version 4.2.1, MPC version 1.3.1, isl version isl-0.26-GMP

GGC heuristics: --param ggc-min-expand=100 --param ggc-min-heapsize=131072
ignoring duplicate directory "/home/student/.espressif/tools/xtensa-esp-elf/esp-15.2.0_20251204/xtensa-esp-elf/bin/../lib/gcc/../../lib/gcc/xtensa-esp-elf/15.2.0/include"
ignoring nonexistent directory "/home/student/.espressif/tools/xtensa-esp-elf/esp-15.2.0_20251204/xtensa-esp-elf/bin/../xtensa-esp-elf/builds/idf/crosstool-NG/builds/xtensa-esp-elf/xtensa-esp-elf/include"
ignoring duplicate directory "/home/student/.espressif/tools/xtensa-esp-elf/esp-15.2.0_20251204/xtensa-esp-elf/bin/../lib/gcc/../../lib/gcc/xtensa-esp-elf/15.2.0/include-fixed"
ignoring duplicate directory "/home/student/.espressif/tools/xtensa-esp-elf/esp-15.2.0_20251204/xtensa-esp-elf/bin/../lib/gcc/../../lib/gcc/xtensa-esp-elf/15.2.0/../../../../xtensa-esp-elf/include"
ignoring duplicate directory "/home/student/.espressif/tools/xtensa-esp-elf/esp-15.2.0_20251204/xtensa-esp-elf/bin/../xtensa-esp-elf/include"
#include "..." search starts here:
#include <...> search starts here:
 /home/student/.espressif/tools/xtensa-esp-elf/esp-15.2.0_20251204/xtensa-esp-elf/bin/../xtensa-esp-elf/../picolibc/include
 /home/student/.espressif/tools/xtensa-esp-elf/esp-15.2.0_20251204/xtensa-esp-elf/bin/../xtensa-esp-elf/../picolibc/include/../xtensa-esp-elf/include/c++/15.2.0/xtensa-esp-elf/esp32
 /home/student/.espressif/tools/xtensa-esp-elf/esp-15.2.0_20251204/xtensa-esp-elf/bin/../lib/gcc/xtensa-esp-elf/15.2.0/include
 /home/student/.espressif/tools/xtensa-esp-elf/esp-15.2.0_20251204/xtensa-esp-elf/bin/../lib/gcc/xtensa-esp-elf/15.2.0/include-fixed
 /home/student/.espressif/tools/xtensa-esp-elf/esp-15.2.0_20251204/xtensa-esp-elf/bin/../lib/gcc/xtensa-esp-elf/15.2.0/../../../../xtensa-esp-elf/include
End of search list.
Compiler executable checksum: 023236c824ceaa5629805e8d1b1d2049
COLLECT_GCC_OPTIONS='-mdynconfig=xtensa_esp32.so' '-Wno-frame-address' '-mlongcalls' '-fno-builtin-memcpy' '-fno-builtin-memset' '-fno-builtin-bzero' '-specs=/home/student/Desktop/ProjekatDisplej/DisplayAudi/build/specs/picolibc.specs' '-v' '-o' 'CMakeFiles/cmTC_8e03d.dir/CMakeCCompilerABI.c.obj' '-c' '-dumpdir' 'CMakeFiles/cmTC_8e03d.dir/'
 /home/student/.espressif/tools/xtensa-esp-elf/esp-15.2.0_20251204/xtensa-esp-elf/bin/../lib/gcc/xtensa-esp-elf/15.2.0/../../../../xtensa-esp-elf/bin/as --traditional-format --longcalls --dynconfig=xtensa_esp32.so -o CMakeFiles/cmTC_8e03d.dir/CMakeCCompilerABI.c.obj /tmp/ccCcdeW4.s
COMPILER_PATH=/home/student/.espressif/tools/xtensa-esp-elf/esp-15.2.0_20251204/xtensa-esp-elf/bin/../libexec/gcc/xtensa-esp-elf/15.2.0/:/home/student/.espressif/tools/xtensa-esp-elf/esp-15.2.0_20251204/xtensa-esp-elf/bin/../libexec/gcc/:/home/student/.espressif/tools/xtensa-esp-elf/esp-15.2.0_20251204/xtensa-esp-elf/bin/../lib/gcc/xtensa-esp-elf/15.2.0/../../../../xtensa-esp-elf/bin/
LIBRARY_PATH=/home/student/.espressif/tools/xtensa-esp-elf/esp-15.2.0_20251204/xtensa-esp-elf/bin/../lib/gcc/xtensa-esp-elf/15.2.0/esp32/:/home/student/.espressif/tools/xtensa-esp-elf/esp-15.2.0_20251204/xtensa-esp-elf/bin/../lib/gcc/xtensa-esp-elf/15.2.0/../../../../xtensa-esp-elf/lib/esp32/:/home/student/.espressif/tools/xtensa-esp-elf/esp-15.2.0_20251204/xtensa-esp-elf/bin/../xtensa-esp-elf/lib/esp32/:/home/student/.espressif/tools/xtensa-esp-elf/esp-15.2.0_20251204/xtensa-esp-elf/bin/../lib/gcc/xtensa-esp-elf/15.2.0/:/home/student/.espressif/tools/xtensa-esp-elf/esp-15.2.0_20251204/xtensa-esp-elf/bin/../lib/gcc/:/home/student/.espressif/tools/xtensa-esp-elf/esp-15.2.0_20251204/xtensa-esp-elf/bin/../lib/gcc/xtensa-esp-elf/15.2.0/../../../../xtensa-esp-elf/lib/:/home/student/.espressif/tools/xtensa-esp-elf/esp-15.2.0_20251204/xtensa-esp-elf/bin/../xtensa-esp-elf/lib/:/home/student/.espressif/tools/xtensa-esp-elf/esp-15.2.0_20251204/xtensa-esp-elf/bin/../xtensa-esp-elf/usr/lib/
COLLECT_GCC_OPTIONS='-mdynconfig=xtensa_esp32.so' '-Wno-frame-address' '-mlongcalls' '-fno-builtin-memcpy' '-fno-builtin-memset' '-fno-builtin-bzero' '-specs=/home/student/Desktop/ProjekatDisplej/DisplayAudi/build/specs/picolibc.specs' '-v' '-o' 'CMakeFiles/cmTC_8e03d.dir/CMakeCCompilerABI.c.obj' '-c' '-dumpdir' 'CMakeFiles/cmTC_8e03d.dir/CMakeCCompilerABI.c.'
[2/2] Linking C executable cmTC_8e03d
Using built-in specs.
Reading specs from /home/student/Desktop/ProjekatDisplej/DisplayAudi/build/specs/picolibc.specs
rename spec link to picolibc_link
rename spec link_libgcc to picolibc_link_libgcc
rename spec cpp to picolibc_cpp
rename spec cc1 to picolibc_cc1
rename spec cc1plus to picolibc_cc1plus
COLLECT_GCC=/home/student/.espressif/tools/xtensa-esp-elf/esp-15.2.0_20251204/xtensa-esp-elf/bin/xtensa-esp-elf-gcc
COLLECT_LTO_WRAPPER=/home/student/.espressif/tools/xtensa-esp-elf/esp-15.2.0_20251204/xtensa-esp-elf/bin/../libexec/gcc/xtensa-esp-elf/15.2.0/lto-wrapper
Target: xtensa-esp-elf
Configured with: /builds/idf/crosstool-NG/.build/xtensa-esp-elf/src/gcc/configure --build=x86_64-build_pc-linux-gnu --host=x86_64-build_pc-linux-gnu --target=xtensa-esp-elf --prefix=/builds/idf/crosstool-NG/builds/xtensa-esp-elf --exec_prefix=/builds/idf/crosstool-NG/builds/xtensa-esp-elf --with-local-prefix=/builds/idf/crosstool-NG/builds/xtensa-esp-elf/xtensa-esp-elf --with-sysroot=/builds/idf/crosstool-NG/builds/xtensa-esp-elf/xtensa-esp-elf --with-native-system-header-dir=/include --with-headers=/builds/idf/crosstool-NG/builds/xtensa-esp-elf/xtensa-esp-elf/include --with-newlib --enable-threads=no --disable-shared --with-pkgversion='crosstool-NG esp-15.2.0_20251204' --disable-__cxa_atexit --enable-cxx-flags='-ffunction-sections -fdata-sections' --disable-libgomp --disable-libmudflap --disable-libmpx --disable-libssp --disable-libquadmath --disable-libquadmath-support --disable-libstdcxx-verbose --with-gmp=/builds/idf/crosstool-NG/.build/xtensa-esp-elf/buildtools --with-mpfr=/builds/idf/crosstool-NG/.build/xtensa-esp-elf/buildtools --with-mpc=/builds/idf/crosstool-NG/.build/xtensa-esp-elf/buildtools --with-isl=/builds/idf/crosstool-NG/.build/xtensa-esp-elf/buildtools --enable-lto --enable-target-optspace --without-long-double-128 --enable-plugin --disable-nls --enable-multiarch --enable-languages=c,c++ --disable-libstdcxx-verbose --enable-threads=posix --enable-libstdcxx-time=yes --disable-win32-utf8-manifest
Thread model: posix
Supported LTO compression algorithms: zlib zstd
gcc version 15.2.0 (crosstool-NG esp-15.2.0_20251204) 
COMPILER_PATH=/home/student/.espressif/tools/xtensa-esp-elf/esp-15.2.0_20251204/xtensa-esp-elf/bin/../libexec/gcc/xtensa-esp-elf/15.2.0/:/home/student/.espressif/tools/xtensa-esp-elf/esp-15.2.0_20251204/xtensa-esp-elf/bin/../libexec/gcc/:/home/student/.espressif/tools/xtensa-esp-elf/esp-15.2.0_20251204/xtensa-esp-elf/bin/../lib/gcc/xtensa-esp-elf/15.2.0/../../../../xtensa-esp-elf/bin/
LIBRARY_PATH=/home/student/.espressif/tools/xtensa-esp-elf/esp-15.2.0_20251204/xtensa-esp-elf/bin/../lib/gcc/xtensa-esp-elf/15.2.0/esp32/no-rtti/:/home/student/.espressif/tools/xtensa-esp-elf/esp-15.2.0_20251204/xtensa-esp-elf/bin/../lib/gcc/xtensa-esp-elf/15.2.0/../../../../xtensa-esp-elf/lib/esp32/no-rtti/:/home/student/.espressif/tools/xtensa-esp-elf/esp-15.2.0_20251204/xtensa-esp-elf/bin/../xtensa-esp-elf/lib/esp32/no-rtti/:/home/student/.espressif/tools/xtensa-esp-elf/esp-15.2.0_20251204/xtensa-esp-elf/bin/../lib/gcc/xtensa-esp-elf/15.2.0/:/home/student/.espressif/tools/xtensa-esp-elf/esp-15.2.0_20251204/xtensa-esp-elf/bin/../lib/gcc/:/home/student/.espressif/tools/xtensa-esp-elf/esp-15.2.0_20251204/xtensa-esp-elf/bin/../lib/gcc/xtensa-esp-elf/15.2.0/../../../../xtensa-esp-elf/lib/:/home/student/.espressif/tools/xtensa-esp-elf/esp-15.2.0_20251204/xtensa-esp-elf/bin/../xtensa-esp-elf/lib/:/home/student/.espressif/tools/xtensa-esp-elf/esp-15.2.0_20251204/xtensa-esp-elf/bin/../xtensa-esp-elf/usr/lib/
COLLECT_GCC_OPTIONS='-mdynconfig=xtensa_esp32.so' '-Wno-frame-address' '-mlongcalls' '-fno-builtin-memcpy' '-fno-builtin-memset' '-fno-builtin-bzero' '-specs=/home/student/Desktop/ProjekatDisplej/DisplayAudi/build/specs/picolibc.specs' '-fno-rtti' '-nostartfiles' '-v' '-o' 'cmTC_8e03d' '-dumpdir' 'cmTC_8e03d.'
 /home/student/.espressif/tools/xtensa-esp-elf/esp-15.2.0_20251204/xtensa-esp-elf/bin/../libexec/gcc/xtensa-esp-elf/15.2.0/collect2 -plugin /home/student/.espressif/tools/xtensa-esp-elf/esp-15.2.0_20251204/xtensa-esp-elf/bin/../libexec/gcc/xtensa-esp-elf/15.2.0/liblto_plugin.so -plugin-opt=/home/student/.espressif/tools/xtensa-esp-elf/esp-15.2.0_20251204/xtensa-esp-elf/bin/../libexec/gcc/xtensa-esp-elf/15.2.0/lto-wrapper -plugin-opt=-fresolution=/tmp/ccJZBF9X.res -plugin-opt=-pass-through=-lgcc -plugin-opt=-pass-through=-lgcc -plugin-opt=-pass-through=-lc -plugin-opt=-pass-through=-lgcc -L/home/student/.espressif/tools/xtensa-esp-elf/esp-15.2.0_20251204/xtensa-esp-elf/bin/../xtensa-esp-elf/../picolibc/xtensa-esp-elf/lib/esp32/no-rtti -L/home/student/.espressif/tools/xtensa-esp-elf/esp-15.2.0_20251204/xtensa-esp-elf/bin/../xtensa-esp-elf/../picolibc/xtensa-esp-elf/lib -Tpicolibc.ld --sysroot=/home/student/.espressif/tools/xtensa-esp-elf/esp-15.2.0_20251204/xtensa-esp-elf/bin/../xtensa-esp-elf --dynconfig=xtensa_esp32.so -o cmTC_8e03d -L/home/student/.espressif/tools/xtensa-esp-elf/esp-15.2.0_20251204/xtensa-esp-elf/bin/../xtensa-esp-elf/../picolibc/lib/gcc/xtensa-esp-elf/15.2.0/esp32/no-rtti -L/home/student/.espressif/tools/xtensa-esp-elf/esp-15.2.0_20251204/xtensa-esp-elf/bin/../xtensa-esp-elf/../picolibc/lib/gcc/xtensa-esp-elf/15.2.0 -L/home/student/.espressif/tools/xtensa-esp-elf/esp-15.2.0_20251204/xtensa-esp-elf/bin/../lib/gcc/xtensa-esp-elf/15.2.0/esp32/no-rtti -L/home/student/.espressif/tools/xtensa-esp-elf/esp-15.2.0_20251204/xtensa-esp-elf/bin/../lib/gcc/xtensa-esp-elf/15.2.0/../../../../xtensa-esp-elf/lib/esp32/no-rtti -L/home/student/.espressif/tools/xtensa-esp-elf/esp-15.2.0_20251204/xtensa-esp-elf/bin/../xtensa-esp-elf/lib/esp32/no-rtti -L/home/student/.espressif/tools/xtensa-esp-elf/esp-15.2.0_20251204/xtensa-esp-elf/bin/../lib/gcc/xtensa-esp-elf/15.2.0 -L/home/student/.espressif/tools/xtensa-esp-elf/esp-15.2.0_20251204/xtensa-esp-elf/bin/../lib/gcc -L/home/student/.espressif/tools/xtensa-esp-elf/esp-15.2.0_20251204/xtensa-esp-elf/bin/../lib/gcc/xtensa-esp-elf/15.2.0/../../../../xtensa-esp-elf/lib -L/home/student/.espressif/tools/xtensa-esp-elf/esp-15.2.0_20251204/xtensa-esp-elf/bin/../xtensa-esp-elf/lib -L/home/student/.espressif/tools/xtensa-esp-elf/esp-15.2.0_20251204/xtensa-esp-elf/bin/../xtensa-esp-elf/usr/lib @/tmp/ccJYSRgj -lgcc --start-group -lgcc -lc --end-group -lgcc
/home/student/.espressif/tools/xtensa-esp-elf/esp-15.2.0_20251204/xtensa-esp-elf/bin/../lib/gcc/xtensa-esp-elf/15.2.0/../../../../xtensa-esp-elf/bin/ld: warning: cannot find entry symbol _start; defaulting to 10000000
COLLECT_GCC_OPTIONS='-mdynconfig=xtensa_esp32.so' '-Wno-frame-address' '-mlongcalls' '-fno-builtin-memcpy' '-fno-builtin-memset' '-fno-builtin-bzero' '-specs=/home/student/Desktop/ProjekatDisplej/DisplayAudi/build/specs/picolibc.specs' '-fno-rtti' '-nostartfiles' '-v' '-o' 'cmTC_8e03d' '-dumpdir' 'cmTC_8e03d.'



Parsed C implicit include dir info from above output: rv=done
  found start of include info
  found start of implicit include info
    add: [/home/student/.espressif/tools/xtensa-esp-elf/esp-15.2.0_20251204/xtensa-esp-elf/bin/../xtensa-esp-elf/../picolibc/include]
    add: [/home/student/.espressif/tools/xtensa-esp-elf/esp-15.2.0_20251204/xtensa-esp-elf/bin/../xtensa-esp-elf/../picolibc/include/../xtensa-esp-elf/include/c++/15.2.0/xtensa-esp-elf/esp32]
    add: [/home/student/.espressif/tools/xtensa-esp-elf/esp-15.2.0_20251204/xtensa-esp-elf/bin/../lib/gcc/xtensa-esp-elf/15.2.0/include]
    add: [/home/student/.espressif/tools/xtensa-esp-elf/esp-15.2.0_20251204/xtensa-esp-elf/bin/../lib/gcc/xtensa-esp-elf/15.2.0/include-fixed]
    add: [/home/student/.espressif/tools/xtensa-esp-elf/esp-15.2.0_20251204/xtensa-esp-elf/bin/../lib/gcc/xtensa-esp-elf/15.2.0/../../../../xtensa-esp-elf/include]
  end of search list found
  collapse include dir [/home/student/.espressif/tools/xtensa-esp-elf/esp-15.2.0_20251204/xtensa-esp-elf/bin/../xtensa-esp-elf/../picolibc/include] ==> [/home/student/.espressif/tools/xtensa-esp-elf/esp-15.2.0_20251204/xtensa-esp-elf/picolibc/include]
  collapse include dir [/home/student/.espressif/tools/xtensa-esp-elf/esp-15.2.0_20251204/xtensa-esp-elf/bin/../xtensa-esp-elf/../picolibc/include/../xtensa-esp-elf/include/c++/15.2.0/xtensa-esp-elf/esp32] ==> [/home/student/.espressif/tools/xtensa-esp-elf/esp-15.2.0_20251204/xtensa-esp-elf/picolibc/xtensa-esp-elf/include/c++/15.2.0/xtensa-esp-elf/esp32]
  collapse include dir [/home/student/.espressif/tools/xtensa-esp-elf/esp-15.2.0_20251204/xtensa-esp-elf/bin/../lib/gcc/xtensa-esp-elf/15.2.0/include] ==> [/home/student/.espressif/tools/xtensa-esp-elf/esp-15.2.0_20251204/xtensa-esp-elf/lib/gcc/xtensa-esp-elf/15.2.0/include]
  collapse include dir [/home/student/.espressif/tools/xtensa-esp-elf/esp-15.2.0_20251204/xtensa-esp-elf/bin/../lib/gcc/xtensa-esp-elf/15.2.0/include-fixed] ==> [/home/student/.espressif/tools/xtensa-esp-elf/esp-15.2.0_20251204/xtensa-esp-elf/lib/gcc/xtensa-esp-elf/15.2.0/include-fixed]
  collapse include dir [/home/student/.espressif/tools/xtensa-esp-elf/esp-15.2.0_20251204/xtensa-esp-elf/bin/../lib/gcc/xtensa-esp-elf/15.2.0/../../../../xtensa-esp-elf/include] ==> [/home/student/.espressif/tools/xtensa-esp-elf/esp-15.2.0_20251204/xtensa-esp-elf/xtensa-esp-elf/include]
  implicit include dirs: [/home/student/.espressif/tools/xtensa-esp-elf/esp-15.2.0_20251204/xtensa-esp-elf/picolibc/include;/home/student/.espressif/tools/xtensa-esp-elf/esp-15.2.0_20251204/xtensa-esp-elf/picolibc/xtensa-esp-elf/include/c++/15.2.0/xtensa-esp-elf/esp32;/home/student/.espressif/tools/xtensa-esp-elf/esp-15.2.0_20251204/xtensa-esp-elf/lib/gcc/xtensa-esp-elf/15.2.0/include;/home/student/.espressif/tools/xtensa-esp-elf/esp-15.2.0_20251204/xtensa-esp-elf/lib/gcc/xtensa-esp-elf/15.2.0/include-fixed;/home/student/.espressif/tools/xtensa-esp-elf/esp-15.2.0_20251204/xtensa-esp-elf/xtensa-esp-elf/include]


Parsed C implicit link information from above output:
  link line regex: [^( *|.*[/\])(xtensa-esp32-elf-ld|CMAKE_LINK_STARTFILE-NOTFOUND|([^/\]+-)?ld|collect2)[^/\]*( |$)]
  ignore line: [Change Dir: /home/student/Desktop/ProjekatDisplej/DisplayAudi/build/CMakeFiles/CMakeTmp]
  ignore line: []
  ignore line: [Run Build Command(s):/usr/bin/ninja cmTC_8e03d && [1/2] Building C object CMakeFiles/cmTC_8e03d.dir/CMakeCCompilerABI.c.obj]
  ignore line: [Using built-in specs.]
  ignore line: [Reading specs from /home/student/Desktop/ProjekatDisplej/DisplayAudi/build/specs/picolibc.specs]
  ignore line: [rename spec link to picolibc_link]
  ignore line: [rename spec link_libgcc to picolibc_link_libgcc]
  ignore line: [rename spec cpp to picolibc_cpp]
  ignore line: [rename spec cc1 to picolibc_cc1]
  ignore line: [rename spec cc1plus to picolibc_cc1plus]
  ignore line: [COLLECT_GCC=/home/student/.espressif/tools/xtensa-esp-elf/esp-15.2.0_20251204/xtensa-esp-elf/bin/xtensa-esp-elf-gcc]
  ignore line: [Target: xtensa-esp-elf]
  ignore line: [Configured with: /builds/idf/crosstool-NG/.build/xtensa-esp-elf/src/gcc/configure --build=x86_64-build_pc-linux-gnu --host=x86_64-build_pc-linux-gnu --target=xtensa-esp-elf --prefix=/builds/idf/crosstool-NG/builds/xtensa-esp-elf --exec_prefix=/builds/idf/crosstool-NG/builds/xtensa-esp-elf --with-local-prefix=/builds/idf/crosstool-NG/builds/xtensa-esp-elf/xtensa-esp-elf --with-sysroot=/builds/idf/crosstool-NG/builds/xtensa-esp-elf/xtensa-esp-elf --with-native-system-header-dir=/include --with-headers=/builds/idf/crosstool-NG/builds/xtensa-esp-elf/xtensa-esp-elf/include --with-newlib --enable-threads=no --disable-shared --with-pkgversion='crosstool-NG esp-15.2.0_20251204' --disable-__cxa_atexit --enable-cxx-flags='-ffunction-sections -fdata-sections' --disable-libgomp --disable-libmudflap --disable-libmpx --disable-libssp --disable-libquadmath --disable-libquadmath-support --disable-libstdcxx-verbose --with-gmp=/builds/idf/crosstool-NG/.build/xtensa-esp-elf/buildtools --with-mpfr=/builds/idf/crosstool-NG/.build/xtensa-esp-elf/buildtools --with-mpc=/builds/idf/crosstool-NG/.build/xtensa-esp-elf/buildtools --with-isl=/builds/idf/crosstool-NG/.build/xtensa-esp-elf/buildtools --enable-lto --enable-target-optspace --without-long-double-128 --enable-plugin --disable-nls --enable-multiarch --enable-languages=c c++ --disable-libstdcxx-verbose --enable-threads=posix --enable-libstdcxx-time=yes --disable-win32-utf8-manifest]
  ignore line: [Thread model: posix]
  ignore line: [Supported LTO compression algorithms: zlib zstd]
  ignore line: [gcc version 15.2.0 (crosstool-NG esp-15.2.0_20251204) ]
  ignore line: [COLLECT_GCC_OPTIONS='-mdynconfig=xtensa_esp32.so' '-Wno-frame-address' '-mlongcalls' '-fno-builtin-memcpy' '-fno-builtin-memset' '-fno-builtin-bzero' '-specs=/home/student/Desktop/ProjekatDisplej/DisplayAudi/build/specs/picolibc.specs' '-v' '-o' 'CMakeFiles/cmTC_8e03d.dir/CMakeCCompilerABI.c.obj' '-c' '-dumpdir' 'CMakeFiles/cmTC_8e03d.dir/']
  ignore line: [ /home/student/.espressif/tools/xtensa-esp-elf/esp-15.2.0_20251204/xtensa-esp-elf/bin/../libexec/gcc/xtensa-esp-elf/15.2.0/cc1 -quiet -v -imultilib esp32 -iprefix /home/student/.espressif/tools/xtensa-esp-elf/esp-15.2.0_20251204/xtensa-esp-elf/bin/../lib/gcc/xtensa-esp-elf/15.2.0/ -isysroot /home/student/.espressif/tools/xtensa-esp-elf/esp-15.2.0_20251204/xtensa-esp-elf/bin/../xtensa-esp-elf -isystem /home/student/.espressif/tools/xtensa-esp-elf/esp-15.2.0_20251204/xtensa-esp-elf/bin/../xtensa-esp-elf/../picolibc/include -isystem /home/student/.espressif/tools/xtensa-esp-elf/esp-15.2.0_20251204/xtensa-esp-elf/bin/../xtensa-esp-elf/../picolibc/include/../xtensa-esp-elf/include/c++/15.2.0/xtensa-esp-elf/esp32 /usr/share/cmake-3.22/Modules/CMakeCCompilerABI.c -ftls-model=local-exec -quiet -dumpdir CMakeFiles/cmTC_8e03d.dir/ -dumpbase CMakeCCompilerABI.c.c -dumpbase-ext .c -mdynconfig=xtensa_esp32.so -mlongcalls -Wno-frame-address -version -fno-builtin-memcpy -fno-builtin-memset -fno-builtin-bzero -o /tmp/ccCcdeW4.s]
  ignore line: [GNU C23 (crosstool-NG esp-15.2.0_20251204) version 15.2.0 (xtensa-esp-elf)]
  ignore line: [	compiled by GNU C version 6.3.0  GMP version 6.3.0  MPFR version 4.2.1  MPC version 1.3.1  isl version isl-0.26-GMP]
  ignore line: []
  ignore line: [GGC heuristics: --param ggc-min-expand=100 --param ggc-min-heapsize=131072]
  ignore line: [ignoring duplicate directory "/home/student/.espressif/tools/xtensa-esp-elf/esp-15.2.0_20251204/xtensa-esp-elf/bin/../lib/gcc/../../lib/gcc/xtensa-esp-elf/15.2.0/include"]
  ignore line: [ignoring nonexistent directory "/home/student/.espressif/tools/xtensa-esp-elf/esp-15.2.0_20251204/xtensa-esp-elf/bin/../xtensa-esp-elf/builds/idf/crosstool-NG/builds/xtensa-esp-elf/xtensa-esp-elf/include"]
  ignore line: [ignoring duplicate directory "/home/student/.espressif/tools/xtensa-esp-elf/esp-15.2.0_20251204/xtensa-esp-elf/bin/../lib/gcc/../../lib/gcc/xtensa-esp-elf/15.2.0/include-fixed"]
  ignore line: [ignoring duplicate directory "/home/student/.espressif/tools/xtensa-esp-elf/esp-15.2.0_20251204/xtensa-esp-elf/bin/../lib/gcc/../../lib/gcc/xtensa-esp-elf/15.2.0/../../../../xtensa-esp-elf/include"]
  ignore line: [ignoring duplicate directory "/home/student/.espressif/tools/xtensa-esp-elf/esp-15.2.0_20251204/xtensa-esp-elf/bin/../xtensa-esp-elf/include"]
  ignore line: [#include "..." search starts here:]
  ignore line: [#include <...> search starts here:]
  ignore line: [ /home/student/.espressif/tools/xtensa-esp-elf/esp-15.2.0_20251204/xtensa-esp-elf/bin/../xtensa-esp-elf/../picolibc/include]
  ignore line: [ /home/student/.espressif/tools/xtensa-esp-elf/esp-15.2.0_20251204/xtensa-esp-elf/bin/../xtensa-esp-elf/../picolibc/include/../xtensa-esp-elf/include/c++/15.2.0/xtensa-esp-elf/esp32]
  ignore line: [ /home/student/.espressif/tools/xtensa-esp-elf/esp-15.2.0_20251204/xtensa-esp-elf/bin/../lib/gcc/xtensa-esp-elf/15.2.0/include]
  ignore line: [ /home/student/.espressif/tools/xtensa-esp-elf/esp-15.2.0_20251204/xtensa-esp-elf/bin/../lib/gcc/xtensa-esp-elf/15.2.0/include-fixed]
  ignore line: [ /home/student/.espressif/tools/xtensa-esp-elf/esp-15.2.0_20251204/xtensa-esp-elf/bin/../lib/gcc/xtensa-esp-elf/15.2.0/../../../../xtensa-esp-elf/include]
  ignore line: [End of search list.]
  ignore line: [Compiler executable checksum: 023236c824ceaa5629805e8d1b1d2049]
  ignore line: [COLLECT_GCC_OPTIONS='-mdynconfig=xtensa_esp32.so' '-Wno-frame-address' '-mlongcalls' '-fno-builtin-memcpy' '-fno-builtin-memset' '-fno-builtin-bzero' '-specs=/home/student/Desktop/ProjekatDisplej/DisplayAudi/build/specs/picolibc.specs' '-v' '-o' 'CMakeFiles/cmTC_8e03d.dir/CMakeCCompilerABI.c.obj' '-c' '-dumpdir' 'CMakeFiles/cmTC_8e03d.dir/']
  ignore line: [ /home/student/.espressif/tools/xtensa-esp-elf/esp-15.2.0_20251204/xtensa-esp-elf/bin/../lib/gcc/xtensa-esp-elf/15.2.0/../../../../xtensa-esp-elf/bin/as --traditional-format --longcalls --dynconfig=xtensa_esp32.so -o CMakeFiles/cmTC_8e03d.dir/CMakeCCompilerABI.c.obj /tmp/ccCcdeW4.s]
  ignore line: [COMPILER_PATH=/home/student/.espressif/tools/xtensa-esp-elf/esp-15.2.0_20251204/xtensa-esp-elf/bin/../libexec/gcc/xtensa-esp-elf/15.2.0/:/home/student/.espressif/tools/xtensa-esp-elf/esp-15.2.0_20251204/xtensa-esp-elf/bin/../libexec/gcc/:/home/student/.espressif/tools/xtensa-esp-elf/esp-15.2.0_20251204/xtensa-esp-elf/bin/../lib/gcc/xtensa-esp-elf/15.2.0/../../../../xtensa-esp-elf/bin/]
  ignore line: [LIBRARY_PATH=/home/student/.espressif/tools/xtensa-esp-elf/esp-15.2.0_20251204/xtensa-esp-elf/bin/../lib/gcc/xtensa-esp-elf/15.2.0/esp32/:/home/student/.espressif/tools/xtensa-esp-elf/esp-15.2.0_20251204/xtensa-esp-elf/bin/../lib/gcc/xtensa-esp-elf/15.2.0/../../../../xtensa-esp-elf/lib/esp32/:/home/student/.espressif/tools/xtensa-esp-elf/esp-15.2.0_20251204/xtensa-esp-elf/bin/../xtensa-esp-elf/lib/esp32/:/home/student/.espressif/tools/xtensa-esp-elf/esp-15.2.0_20251204/xtensa-esp-elf/bin/../lib/gcc/xtensa-esp-elf/15.2.0/:/home/student/.espressif/tools/xtensa-esp-elf/esp-15.2.0_20251204/xtensa-esp-elf/bin/../lib/gcc/:/home/student/.espressif/tools/xtensa-esp-elf/esp-15.2.0_20251204/xtensa-esp-elf/bin/../lib/gcc/xtensa-esp-elf/15.2.0/../../../../xtensa-esp-elf/lib/:/home/student/.espressif/tools/xtensa-esp-elf/esp-15.2.0_20251204/xtensa-esp-elf/bin/../xtensa-esp-elf/lib/:/home/student/.espressif/tools/xtensa-esp-elf/esp-15.2.0_20251204/xtensa-esp-elf/bin/../xtensa-esp-elf/usr/lib/]
  ignore line: [COLLECT_GCC_OPTIONS='-mdynconfig=xtensa_esp32.so' '-Wno-frame-address' '-mlongcalls' '-fno-builtin-memcpy' '-fno-builtin-memset' '-fno-builtin-bzero' '-specs=/home/student/Desktop/ProjekatDisplej/DisplayAudi/build/specs/picolibc.specs' '-v' '-o' 'CMakeFiles/cmTC_8e03d.dir/CMakeCCompilerABI.c.obj' '-c' '-dumpdir' 'CMakeFiles/cmTC_8e03d.dir/CMakeCCompilerABI.c.']
  ignore line: [[2/2] Linking C executable cmTC_8e03d]
  ignore line: [Using built-in specs.]
  ignore line: [Reading specs from /home/student/Desktop/ProjekatDisplej/DisplayAudi/build/specs/picolibc.specs]
  ignore line: [rename spec link to picolibc_link]
  ignore line: [rename spec link_libgcc to picolibc_link_libgcc]
  ignore line: [rename spec cpp to picolibc_cpp]
  ignore line: [rename spec cc1 to picolibc_cc1]
  ignore line: [rename spec cc1plus to picolibc_cc1plus]
  ignore line: [COLLECT_GCC=/home/student/.espressif/tools/xtensa-esp-elf/esp-15.2.0_20251204/xtensa-esp-elf/bin/xtensa-esp-elf-gcc]
  ignore line: [COLLECT_LTO_WRAPPER=/home/student/.espressif/tools/xtensa-esp-elf/esp-15.2.0_20251204/xtensa-esp-elf/bin/../libexec/gcc/xtensa-esp-elf/15.2.0/lto-wrapper]
  ignore line: [Target: xtensa-esp-elf]
  ignore line: [Configured with: /builds/idf/crosstool-NG/.build/xtensa-esp-elf/src/gcc/configure --build=x86_64-build_pc-linux-gnu --host=x86_64-build_pc-linux-gnu --target=xtensa-esp-elf --prefix=/builds/idf/crosstool-NG/builds/xtensa-esp-elf --exec_prefix=/builds/idf/crosstool-NG/builds/xtensa-esp-elf --with-local-prefix=/builds/idf/crosstool-NG/builds/xtensa-esp-elf/xtensa-esp-elf --with-sysroot=/builds/idf/crosstool-NG/builds/xtensa-esp-elf/xtensa-esp-elf --with-native-system-header-dir=/include --with-headers=/builds/idf/crosstool-NG/builds/xtensa-esp-elf/xtensa-esp-elf/include --with-newlib --enable-threads=no --disable-shared --with-pkgversion='crosstool-NG esp-15.2.0_20251204' --disable-__cxa_atexit --enable-cxx-flags='-ffunction-sections -fdata-sections' --disable-libgomp --disable-libmudflap --disable-libmpx --disable-libssp --disable-libquadmath --disable-libquadmath-support --disable-libstdcxx-verbose --with-gmp=/builds/idf/crosstool-NG/.build/xtensa-esp-elf/buildtools --with-mpfr=/builds/idf/crosstool-NG/.build/xtensa-esp-elf/buildtools --with-mpc=/builds/idf/crosstool-NG/.build/xtensa-esp-elf/buildtools --with-isl=/builds/idf/crosstool-NG/.build/xtensa-esp-elf/buildtools --enable-lto --enable-target-optspace --without-long-double-128 --enable-plugin --disable-nls --enable-multiarch --enable-languages=c c++ --disable-libstdcxx-verbose --enable-threads=posix --enable-libstdcxx-time=yes --disable-win32-utf8-manifest]
  ignore line: [Thread model: posix]
  ignore line: [Supported LTO compression algorithms: zlib zstd]
  ignore line: [gcc version 15.2.0 (crosstool-NG esp-15.2.0_20251204) ]
  ignore line: [COMPILER_PATH=/home/student/.espressif/tools/xtensa-esp-elf/esp-15.2.0_20251204/xtensa-esp-elf/bin/../libexec/gcc/xtensa-esp-elf/15.2.0/:/home/student/.espressif/tools/xtensa-esp-elf/esp-15.2.0_20251204/xtensa-esp-elf/bin/../libexec/gcc/:/home/student/.espressif/tools/xtensa-esp-elf/esp-15.2.0_20251204/xtensa-esp-elf/bin/../lib/gcc/xtensa-esp-elf/15.2.0/../../../../xtensa-esp-elf/bin/]
  ignore line: [LIBRARY_PATH=/home/student/.espressif/tools/xtensa-esp-elf/esp-15.2.0_20251204/xtensa-esp-elf/bin/../lib/gcc/xtensa-esp-elf/15.2.0/esp32/no-rtti/:/home/student/.espressif/tools/xtensa-esp-elf/esp-15.2.0_20251204/xtensa-esp-elf/bin/../lib/gcc/xtensa-esp-elf/15.2.0/../../../../xtensa-esp-elf/lib/esp32/no-rtti/:/home/student/.espressif/tools/xtensa-esp-elf/esp-15.2.0_20251204/xtensa-esp-elf/bin/../xtensa-esp-elf/lib/esp32/no-rtti/:/home/student/.espressif/tools/xtensa-esp-elf/esp-15.2.0_20251204/xtensa-esp-elf/bin/../lib/gcc/xtensa-esp-elf/15.2.0/:/home/student/.espressif/tools/xtensa-esp-elf/esp-15.2.0_20251204/xtensa-esp-elf/bin/../lib/gcc/:/home/student/.espressif/tools/xtensa-esp-elf/esp-15.2.0_20251204/xtensa-esp-elf/bin/../lib/gcc/xtensa-esp-elf/15.2.0/../../../../xtensa-esp-elf/lib/:/home/student/.espressif/tools/xtensa-esp-elf/esp-15.2.0_20251204/xtensa-esp-elf/bin/../xtensa-esp-elf/lib/:/home/student/.espressif/tools/xtensa-esp-elf/esp-15.2.0_20251204/xtensa-esp-elf/bin/../xtensa-esp-elf/usr/lib/]
  ignore line: [COLLECT_GCC_OPTIONS='-mdynconfig=xtensa_esp32.so' '-Wno-frame-address' '-mlongcalls' '-fno-builtin-memcpy' '-fno-builtin-memset' '-fno-builtin-bzero' '-specs=/home/student/Desktop/ProjekatDisplej/DisplayAudi/build/specs/picolibc.specs' '-fno-rtti' '-nostartfiles' '-v' '-o' 'cmTC_8e03d' '-dumpdir' 'cmTC_8e03d.']
  link line: [ /home/student/.espressif/tools/xtensa-esp-elf/esp-15.2.0_20251204/xtensa-esp-elf/bin/../libexec/gcc/xtensa-esp-elf/15.2.0/collect2 -plugin /home/student/.espressif/tools/xtensa-esp-elf/esp-15.2.0_20251204/xtensa-esp-elf/bin/../libexec/gcc/xtensa-esp-elf/15.2.0/liblto_plugin.so -plugin-opt=/home/student/.espressif/tools/xtensa-esp-elf/esp-15.2.0_20251204/xtensa-esp-elf/bin/../libexec/gcc/xtensa-esp-elf/15.2.0/lto-wrapper -plugin-opt=-fresolution=/tmp/ccJZBF9X.res -plugin-opt=-pass-through=-lgcc -plugin-opt=-pass-through=-lgcc -plugin-opt=-pass-through=-lc -plugin-opt=-pass-through=-lgcc -L/home/student/.espressif/tools/xtensa-esp-elf/esp-15.2.0_20251204/xtensa-esp-elf/bin/../xtensa-esp-elf/../picolibc/xtensa-esp-elf/lib/esp32/no-rtti -L/home/student/.espressif/tools/xtensa-esp-elf/esp-15.2.0_20251204/xtensa-esp-elf/bin/../xtensa-esp-elf/../picolibc/xtensa-esp-elf/lib -Tpicolibc.ld --sysroot=/home/student/.espressif/tools/xtensa-esp-elf/esp-15.2.0_20251204/xtensa-esp-elf/bin/../xtensa-esp-elf --dynconfig=xtensa_esp32.so -o cmTC_8e03d -L/home/student/.espressif/tools/xtensa-esp-elf/esp-15.2.0_20251204/xtensa-esp-elf/bin/../xtensa-esp-elf/../picolibc/lib/gcc/xtensa-esp-elf/15.2.0/esp32/no-rtti -L/home/student/.espressif/tools/xtensa-esp-elf/esp-15.2.0_20251204/xtensa-esp-elf/bin/../xtensa-esp-elf/../picolibc/lib/gcc/xtensa-esp-elf/15.2.0 -L/home/student/.espressif/tools/xtensa-esp-elf/esp-15.2.0_20251204/xtensa-esp-elf/bin/../lib/gcc/xtensa-esp-elf/15.2.0/esp32/no-rtti -L/home/student/.espressif/tools/xtensa-esp-elf/esp-15.2.0_20251204/xtensa-esp-elf/bin/../lib/gcc/xtensa-esp-elf/15.2.0/../../../../xtensa-esp-elf/lib/esp32/no-rtti -L/home/student/.espressif/tools/xtensa-esp-elf/esp-15.2.0_20251204/xtensa-esp-elf/bin/../xtensa-esp-elf/lib/esp32/no-rtti -L/home/student/.espressif/tools/xtensa-esp-elf/esp-15.2.0_20251204/xtensa-esp-elf/bin/../lib/gcc/xtensa-esp-elf/15.2.0 -L/home/student/.espressif/tools/xtensa-esp-elf/esp-15.2.0_20251204/xtensa-esp-elf/bin/../lib/gcc -L/home/student/.espressif/tools/xtensa-esp-elf/esp-15.2.0_20251204/xtensa-esp-elf/bin/../lib/gcc/xtensa-esp-elf/15.2.0/../../../../xtensa-esp-elf/lib -L/home/student/.espressif/tools/xtensa-esp-elf/esp-15.2.0_20251204/xtensa-esp-elf/bin/../xtensa-esp-elf/lib -L/home/student/.espressif/tools/xtensa-esp-elf/esp-15.2.0_20251204/xtensa-esp-elf/bin/../xtensa-esp-elf/usr/lib @/tmp/ccJYSRgj -lgcc --start-group -lgcc -lc --end-group -lgcc]
    arg [/home/student/.espressif/tools/xtensa-esp-elf/esp-15.2.0_20251204/xtensa-esp-elf/bin/../libexec/gcc/xtensa-esp-elf/15.2.0/collect2] ==> ignore
    arg [-plugin] ==> ignore
    arg [/home/student/.espressif/tools/xtensa-esp-elf/esp-15.2.0_20251204/xtensa-esp-elf/bin/../libexec/gcc/xtensa-esp-elf/15.2.0/liblto_plugin.so] ==> ignore
    arg [-plugin-opt=/home/student/.espressif/tools/xtensa-esp-elf/esp-15.2.0_20251204/xtensa-esp-elf/bin/../libexec/gcc/xtensa-esp-elf/15.2.0/lto-wrapper] ==> ignore
    arg [-plugin-opt=-fresolution=/tmp/ccJZBF9X.res] ==> ignore
    arg [-plugin-opt=-pass-through=-lgcc] ==> ignore
    arg [-plugin-opt=-pass-through=-lgcc] ==> ignore
    arg [-plugin-opt=-pass-through=-lc] ==> ignore
    arg [-plugin-opt=-pass-through=-lgcc] ==> ignore
    arg [-L/home/student/.espressif/tools/xtensa-esp-elf/esp-15.2.0_20251204/xtensa-esp-elf/bin/../xtensa-esp-elf/../picolibc/xtensa-esp-elf/lib/esp32/no-rtti] ==> dir [/home/student/.espressif/tools/xtensa-esp-elf/esp-15.2.0_20251204/xtensa-esp-elf/bin/../xtensa-esp-elf/../picolibc/xtensa-esp-elf/lib/esp32/no-rtti]
    arg [-L/home/student/.espressif/tools/xtensa-esp-elf/esp-15.2.0_20251204/xtensa-esp-elf/bin/../xtensa-esp-elf/../picolibc/xtensa-esp-elf/lib] ==> dir [/home/student/.espressif/tools/xtensa-esp-elf/esp-15.2.0_20251204/xtensa-esp-elf/bin/../xtensa-esp-elf/../picolibc/xtensa-esp-elf/lib]
    arg [-Tpicolibc.ld] ==> ignore
    arg [--sysroot=/home/student/.espressif/tools/xtensa-esp-elf/esp-15.2.0_20251204/xtensa-esp-elf/bin/../xtensa-esp-elf] ==> ignore
    arg [--dynconfig=xtensa_esp32.so] ==> ignore
    arg [-o] ==> ignore
    arg [cmTC_8e03d] ==> ignore
    arg [-L/home/student/.espressif/tools/xtensa-esp-elf/esp-15.2.0_20251204/xtensa-esp-elf/bin/../xtensa-esp-elf/../picolibc/lib/gcc/xtensa-esp-elf/15.2.0/esp32/no-rtti] ==> dir [/home/student/.espressif/tools/xtensa-esp-elf/esp-15.2.0_20251204/xtensa-esp-elf/bin/../xtensa-esp-elf/../picolibc/lib/gcc/xtensa-esp-elf/15.2.0/esp32/no-rtti]
    arg [-L/home/student/.espressif/tools/xtensa-esp-elf/esp-15.2.0_20251204/xtensa-esp-elf/bin/../xtensa-esp-elf/../picolibc/lib/gcc/xtensa-esp-elf/15.2.0] ==> dir [/home/student/.espressif/tools/xtensa-esp-elf/esp-15.2.0_20251204/xtensa-esp-elf/bin/../xtensa-esp-elf/../picolibc/lib/gcc/xtensa-esp-elf/15.2.0]
    arg [-L/home/student/.espressif/tools/xtensa-esp-elf/esp-15.2.0_20251204/xtensa-esp-elf/bin/../lib/gcc/xtensa-esp-elf/15.2.0/esp32/no-rtti] ==> dir [/home/student/.espressif/tools/xtensa-esp-elf/esp-15.2.0_20251204/xtensa-esp-elf/bin/../lib/gcc/xtensa-esp-elf/15.2.0/esp32/no-rtti]
    arg [-L/home/student/.espressif/tools/xtensa-esp-elf/esp-15.2.0_20251204/xtensa-esp-elf/bin/../lib/gcc/xtensa-esp-elf/15.2.0/../../../../xtensa-esp-elf/lib/esp32/no-rtti] ==> dir [/home/student/.espressif/tools/xtensa-esp-elf/esp-15.2.0_20251204/xtensa-esp-elf/bin/../lib/gcc/xtensa-esp-elf/15.2.0/../../../../xtensa-esp-elf/lib/esp32/no-rtti]
    arg [-L/home/student/.espressif/tools/xtensa-esp-elf/esp-15.2.0_20251204/xtensa-esp-elf/bin/../xtensa-esp-elf/lib/esp32/no-rtti] ==> dir [/home/student/.espressif/tools/xtensa-esp-elf/esp-15.2.0_20251204/xtensa-esp-elf/bin/../xtensa-esp-elf/lib/esp32/no-rtti]
    arg [-L/home/student/.espressif/tools/xtensa-esp-elf/esp-15.2.0_20251204/xtensa-esp-elf/bin/../lib/gcc/xtensa-esp-elf/15.2.0] ==> dir [/home/student/.espressif/tools/xtensa-esp-elf/esp-15.2.0_20251204/xtensa-esp-elf/bin/../lib/gcc/xtensa-esp-elf/15.2.0]
    arg [-L/home/student/.espressif/tools/xtensa-esp-elf/esp-15.2.0_20251204/xtensa-esp-elf/bin/../lib/gcc] ==> dir [/home/student/.espressif/tools/xtensa-esp-elf/esp-15.2.0_20251204/xtensa-esp-elf/bin/../lib/gcc]
    arg [-L/home/student/.espressif/tools/xtensa-esp-elf/esp-15.2.0_20251204/xtensa-esp-elf/bin/../lib/gcc/xtensa-esp-elf/15.2.0/../../../../xtensa-esp-elf/lib] ==> dir [/home/student/.espressif/tools/xtensa-esp-elf/esp-15.2.0_20251204/xtensa-esp-elf/bin/../lib/gcc/xtensa-esp-elf/15.2.0/../../../../xtensa-esp-elf/lib]
    arg [-L/home/student/.espressif/tools/xtensa-esp-elf/esp-15.2.0_20251204/xtensa-esp-elf/bin/../xtensa-esp-elf/lib] ==> dir [/home/student/.espressif/tools/xtensa-esp-elf/esp-15.2.0_20251204/xtensa-esp-elf/bin/../xtensa-esp-elf/lib]
    arg [-L/home/student/.espressif/tools/xtensa-esp-elf/esp-15.2.0_20251204/xtensa-esp-elf/bin/../xtensa-esp-elf/usr/lib] ==> dir [/home/student/.espressif/tools/xtensa-esp-elf/esp-15.2.0_20251204/xtensa-esp-elf/bin/../xtensa-esp-elf/usr/lib]
    arg [@/tmp/ccJYSRgj] ==> ignore
    arg [-lgcc] ==> lib [gcc]
    arg [--start-group] ==> ignore
    arg [-lgcc] ==> lib [gcc]
    arg [-lc] ==> lib [c]
    arg [--end-group] ==> ignore
    arg [-lgcc] ==> lib [gcc]
  collapse library dir [/home/student/.espressif/tools/xtensa-esp-elf/esp-15.2.0_20251204/xtensa-esp-elf/bin/../xtensa-esp-elf/../picolibc/xtensa-esp-elf/lib/esp32/no-rtti] ==> [/home/student/.espressif/tools/xtensa-esp-elf/esp-15.2.0_20251204/xtensa-esp-elf/picolibc/xtensa-esp-elf/lib/esp32/no-rtti]
  collapse library dir [/home/student/.espressif/tools/xtensa-esp-elf/esp-15.2.0_20251204/xtensa-esp-elf/bin/../xtensa-esp-elf/../picolibc/xtensa-esp-elf/lib] ==> [/home/student/.espressif/tools/xtensa-esp-elf/esp-15.2.0_20251204/xtensa-esp-elf/picolibc/xtensa-esp-elf/lib]
  collapse library dir [/home/student/.espressif/tools/xtensa-esp-elf/esp-15.2.0_20251204/xtensa-esp-elf/bin/../xtensa-esp-elf/../picolibc/lib/gcc/xtensa-esp-elf/15.2.0/esp32/no-rtti] ==> [/home/student/.espressif/tools/xtensa-esp-elf/esp-15.2.0_20251204/xtensa-esp-elf/picolibc/lib/gcc/xtensa-esp-elf/15.2.0/esp32/no-rtti]
  collapse library dir [/home/student/.espressif/tools/xtensa-esp-elf/esp-15.2.0_20251204/xtensa-esp-elf/bin/../xtensa-esp-elf/../picolibc/lib/gcc/xtensa-esp-elf/15.2.0] ==> [/home/student/.espressif/tools/xtensa-esp-elf/esp-15.2.0_20251204/xtensa-esp-elf/picolibc/lib/gcc/xtensa-esp-elf/15.2.0]
  collapse library dir [/home/student/.espressif/tools/xtensa-esp-elf/esp-15.2.0_20251204/xtensa-esp-elf/bin/../lib/gcc/xtensa-esp-elf/15.2.0/esp32/no-rtti] ==> [/home/student/.espressif/tools/xtensa-esp-elf/esp-15.2.0_20251204/xtensa-esp-elf/lib/gcc/xtensa-esp-elf/15.2.0/esp32/no-rtti]
  collapse library dir [/home/student/.espressif/tools/xtensa-esp-elf/esp-15.2.0_20251204/xtensa-esp-elf/bin/../lib/gcc/xtensa-esp-elf/15.2.0/../../../../xtensa-esp-elf/lib/esp32/no-rtti] ==> [/home/student/.espressif/tools/xtensa-esp-elf/esp-15.2.0_20251204/xtensa-esp-elf/xtensa-esp-elf/lib/esp32/no-rtti]
  collapse library dir [/home/student/.espressif/tools/xtensa-esp-elf/esp-15.2.0_20251204/xtensa-esp-elf/bin/../xtensa-esp-elf/lib/esp32/no-rtti] ==> [/home/student/.espressif/tools/xtensa-esp-elf/esp-15.2.0_20251204/xtensa-esp-elf/xtensa-esp-elf/lib/esp32/no-rtti]
  collapse library dir [/home/student/.espressif/tools/xtensa-esp-elf/esp-15.2.0_20251204/xtensa-esp-elf/bin/../lib/gcc/xtensa-esp-elf/15.2.0] ==> [/home/student/.espressif/tools/xtensa-esp-elf/esp-15.2.0_20251204/xtensa-esp-elf/lib/gcc/xtensa-esp-elf/15.2.0]
  collapse library dir [/home/student/.espressif/tools/xtensa-esp-elf/esp-15.2.0_20251204/xtensa-esp-elf/bin/../lib/gcc] ==> [/home/student/.espressif/tools/xtensa-esp-elf/esp-15.2.0_20251204/xtensa-esp-elf/lib/gcc]
  collapse library dir [/home/student/.espressif/tools/xtensa-esp-elf/esp-15.2.0_20251204/xtensa-esp-elf/bin/../lib/gcc/xtensa-esp-elf/15.2.0/../../../../xtensa-esp-elf/lib] ==> [/home/student/.espressif/tools/xtensa-esp-elf/esp-15.2.0_20251204/xtensa-esp-elf/xtensa-esp-elf/lib]
  collapse library dir [/home/student/.espressif/tools/xtensa-esp-elf/esp-15.2.0_20251204/xtensa-esp-elf/bin/../xtensa-esp-elf/lib] ==> [/home/student/.espressif/tools/xtensa-esp-elf/esp-15.2.0_20251204/xtensa-esp-elf/xtensa-esp-elf/lib]
  collapse library dir [/home/student/.espressif/tools/xtensa-esp-elf/esp-15.2.0_20251204/xtensa-esp-elf/bin/../xtensa-esp-elf/usr/lib] ==> [/home/student/.espressif/tools/xtensa-esp-elf/esp-15.2.0_20251204/xtensa-esp-elf/xtensa-esp-elf/usr/lib]
  implicit libs: [gcc;gcc;c;gcc]
  implicit objs: []
  implicit dirs: [/home/student/.espressif/tools/xtensa-esp-elf/esp-15.2.0_20251204/xtensa-esp-elf/picolibc/xtensa-esp-elf/lib/esp32/no-rtti;/home/student/.espressif/tools/xtensa-esp-elf/esp-15.2.0_20251204/xtensa-esp-elf/picolibc/xtensa-esp-elf/lib;/home/student/.espressif/tools/xtensa-esp-elf/esp-15.2.0_20251204/xtensa-esp-elf/picolibc/lib/gcc/xtensa-esp-elf/15.2.0/esp32/no-rtti;/home/student/.espressif/tools/xtensa-esp-elf/esp-15.2.0_20251204/xtensa-esp-elf/picolibc/lib/gcc/xtensa-esp-elf/15.2.0;/home/student/.espressif/tools/xtensa-esp-elf/esp-15.2.0_20251204/xtensa-esp-elf/lib/gcc/xtensa-esp-elf/15.2.0/esp32/no-rtti;/home/student/.espressif/tools/xtensa-esp-elf/esp-15.2.0_20251204/xtensa-esp-elf/xtensa-esp-elf/lib/esp32/no-rtti;/home/student/.espressif/tools/xtensa-esp-elf/esp-15.2.0_20251204/xtensa-esp-elf/lib/gcc/xtensa-esp-elf/15.2.0;/home/student/.espressif/tools/xtensa-esp-elf/esp-15.2.0_20251204/xtensa-esp-elf/lib/gcc;/home/student/.espressif/tools/xtensa-esp-elf/esp-15.2.0_20251204/xtensa-esp-elf/xtensa-esp-elf/lib;/home/student/.espressif/tools/xtensa-esp-elf/esp-15.2.0_20251204/xtensa-esp-elf/xtensa-esp-elf/usr/lib]
  implicit fwks: []


Detecting CXX compiler ABI info compiled with the following output:
Change Dir: /home/student/Desktop/ProjekatDisplej/DisplayAudi/build/CMakeFiles/CMakeTmp

Run Build Command(s):/usr/bin/ninja cmTC_6909c && [1/2] Building CXX object CMakeFiles/cmTC_6909c.dir/CMakeCXXCompilerABI.cpp.obj
Using built-in specs.
Reading specs from /home/student/Desktop/ProjekatDisplej/DisplayAudi/build/specs/picolibc.specs
rename spec link to picolibc_link
rename spec link_libgcc to picolibc_link_libgcc
rename spec cpp to picolibc_cpp
rename spec cc1 to picolibc_cc1
rename spec cc1plus to picolibc_cc1plus
COLLECT_GCC=/home/student/.espressif/tools/xtensa-esp-elf/esp-15.2.0_20251204/xtensa-esp-elf/bin/xtensa-esp-elf-g++
Target: xtensa-esp-elf
Configured with: /builds/idf/crosstool-NG/.build/xtensa-esp-elf/src/gcc/configure --build=x86_64-build_pc-linux-gnu --host=x86_64-build_pc-linux-gnu --target=xtensa-esp-elf --prefix=/builds/idf/crosstool-NG/builds/xtensa-esp-elf --exec_prefix=/builds/idf/crosstool-NG/builds/xtensa-esp-elf --with-local-prefix=/builds/idf/crosstool-NG/builds/xtensa-esp-elf/xtensa-esp-elf --with-sysroot=/builds/idf/crosstool-NG/builds/xtensa-esp-elf/xtensa-esp-elf --with-native-system-header-dir=/include --with-headers=/builds/idf/crosstool-NG/builds/xtensa-esp-elf/xtensa-esp-elf/include --with-newlib --enable-threads=no --disable-shared --with-pkgversion='crosstool-NG esp-15.2.0_20251204' --disable-__cxa_atexit --enable-cxx-flags='-ffunction-sections -fdata-sections' --disable-libgomp --disable-libmudflap --disable-libmpx --disable-libssp --disable-libquadmath --disable-libquadmath-support --disable-libstdcxx-verbose --with-gmp=/builds/idf/crosstool-NG/.build/xtensa-esp-elf/buildtools --with-mpfr=/builds/idf/crosstool-NG/.build/xtensa-esp-elf/buildtools --with-mpc=/builds/idf/crosstool-NG/.build/xtensa-esp-elf/buildtools --with-isl=/builds/idf/crosstool-NG/.build/xtensa-esp-elf/buildtools --enable-lto --enable-target-optspace --without-long-double-128 --enable-plugin --disable-nls --enable-multiarch --enable-languages=c,c++ --disable-libstdcxx-verbose --enable-threads=posix --enable-libstdcxx-time=yes --disable-win32-utf8-manifest
Thread model: posix
Supported LTO compression algorithms: zlib zstd
gcc version 15.2.0 (crosstool-NG esp-15.2.0_20251204) 
COLLECT_GCC_OPTIONS='-mdynconfig=xtensa_esp32.so' '-fno-rtti' '-Wno-frame-address' '-mlongcalls' '-fno-builtin-memcpy' '-fno-builtin-memset' '-fno-builtin-bzero' '-specs=/home/student/Desktop/ProjekatDisplej/DisplayAudi/build/specs/picolibc.specs' '-v' '-o' 'CMakeFiles/cmTC_6909c.dir/CMakeCXXCompilerABI.cpp.obj' '-c' '-dumpdir' 'CMakeFiles/cmTC_6909c.dir/'
 /home/student/.espressif/tools/xtensa-esp-elf/esp-15.2.0_20251204/xtensa-esp-elf/bin/../libexec/gcc/xtensa-esp-elf/15.2.0/cc1plus -quiet -v -imultilib esp32/no-rtti -iprefix /home/student/.espressif/tools/xtensa-esp-elf/esp-15.2.0_20251204/xtensa-esp-elf/bin/../lib/gcc/xtensa-esp-elf/15.2.0/ -isysroot /home/student/.espressif/tools/xtensa-esp-elf/esp-15.2.0_20251204/xtensa-esp-elf/bin/../xtensa-esp-elf /usr/share/cmake-3.22/Modules/CMakeCXXCompilerABI.cpp -ftls-model=local-exec -quiet -dumpdir CMakeFiles/cmTC_6909c.dir/ -dumpbase CMakeCXXCompilerABI.cpp.cpp -dumpbase-ext .cpp -mdynconfig=xtensa_esp32.so -mlongcalls -Wno-frame-address -version -fno-rtti -fno-builtin-memcpy -fno-builtin-memset -fno-builtin-bzero -isystem /home/student/.espressif/tools/xtensa-esp-elf/esp-15.2.0_20251204/xtensa-esp-elf/bin/../xtensa-esp-elf/../picolibc/include -isystem /home/student/.espressif/tools/xtensa-esp-elf/esp-15.2.0_20251204/xtensa-esp-elf/bin/../xtensa-esp-elf/../picolibc/include/../xtensa-esp-elf/include/c++/15.2.0/xtensa-esp-elf/esp32/no-rtti -ftls-model=local-exec -o /tmp/ccb583Fk.s
GNU C++17 (crosstool-NG esp-15.2.0_20251204) version 15.2.0 (xtensa-esp-elf)
	compiled by GNU C version 6.3.0, GMP version 6.3.0, MPFR version 4.2.1, MPC version 1.3.1, isl version isl-0.26-GMP

GGC heuristics: --param ggc-min-expand=100 --param ggc-min-heapsize=131072
ignoring duplicate directory "/home/student/.espressif/tools/xtensa-esp-elf/esp-15.2.0_20251204/xtensa-esp-elf/bin/../lib/gcc/../../lib/gcc/xtensa-esp-elf/15.2.0/../../../../xtensa-esp-elf/include/c++/15.2.0"
ignoring duplicate directory "/home/student/.espressif/tools/xtensa-esp-elf/esp-15.2.0_20251204/xtensa-esp-elf/bin/../lib/gcc/../../lib/gcc/xtensa-esp-elf/15.2.0/../../../../xtensa-esp-elf/include/c++/15.2.0/xtensa-esp-elf/esp32/no-rtti"
ignoring duplicate directory "/home/student/.espressif/tools/xtensa-esp-elf/esp-15.2.0_20251204/xtensa-esp-elf/bin/../lib/gcc/../../lib/gcc/xtensa-esp-elf/15.2.0/../../../../xtensa-esp-elf/include/c++/15.2.0/backward"
ignoring duplicate directory "/home/student/.espressif/tools/xtensa-esp-elf/esp-15.2.0_20251204/xtensa-esp-elf/bin/../lib/gcc/../../lib/gcc/xtensa-esp-elf/15.2.0/include"
ignoring nonexistent directory "/home/student/.espressif/tools/xtensa-esp-elf/esp-15.2.0_20251204/xtensa-esp-elf/bin/../xtensa-esp-elf/builds/idf/crosstool-NG/builds/xtensa-esp-elf/xtensa-esp-elf/include"
ignoring duplicate directory "/home/student/.espressif/tools/xtensa-esp-elf/esp-15.2.0_20251204/xtensa-esp-elf/bin/../lib/gcc/../../lib/gcc/xtensa-esp-elf/15.2.0/include-fixed"
ignoring duplicate directory "/home/student/.espressif/tools/xtensa-esp-elf/esp-15.2.0_20251204/xtensa-esp-elf/bin/../lib/gcc/../../lib/gcc/xtensa-esp-elf/15.2.0/../../../../xtensa-esp-elf/include"
ignoring duplicate directory "/home/student/.espressif/tools/xtensa-esp-elf/esp-15.2.0_20251204/xtensa-esp-elf/bin/../xtensa-esp-elf/include"
#include "..." search starts here:
#include <...> search starts here:
 /home/student/.espressif/tools/xtensa-esp-elf/esp-15.2.0_20251204/xtensa-esp-elf/bin/../xtensa-esp-elf/../picolibc/include
 /home/student/.espressif/tools/xtensa-esp-elf/esp-15.2.0_20251204/xtensa-esp-elf/bin/../xtensa-esp-elf/../picolibc/include/../xtensa-esp-elf/include/c++/15.2.0/xtensa-esp-elf/esp32/no-rtti
 /home/student/.espressif/tools/xtensa-esp-elf/esp-15.2.0_20251204/xtensa-esp-elf/bin/../lib/gcc/xtensa-esp-elf/15.2.0/../../../../xtensa-esp-elf/include/c++/15.2.0
 /home/student/.espressif/tools/xtensa-esp-elf/esp-15.2.0_20251204/xtensa-esp-elf/bin/../lib/gcc/xtensa-esp-elf/15.2.0/../../../../xtensa-esp-elf/include/c++/15.2.0/xtensa-esp-elf/esp32/no-rtti
 /home/student/.espressif/tools/xtensa-esp-elf/esp-15.2.0_20251204/xtensa-esp-elf/bin/../lib/gcc/xtensa-esp-elf/15.2.0/../../../../xtensa-esp-elf/include/c++/15.2.0/backward
 /home/student/.espressif/tools/xtensa-esp-elf/esp-15.2.0_20251204/xtensa-esp-elf/bin/../lib/gcc/xtensa-esp-elf/15.2.0/include
 /home/student/.espressif/tools/xtensa-esp-elf/esp-15.2.0_20251204/xtensa-esp-elf/bin/../lib/gcc/xtensa-esp-elf/15.2.0/include-fixed
 /home/student/.espressif/tools/xtensa-esp-elf/esp-15.2.0_20251204/xtensa-esp-elf/bin/../lib/gcc/xtensa-esp-elf/15.2.0/../../../../xtensa-esp-elf/include
End of search list.
Compiler executable checksum: ddaf5163ec1d262ade9e7a5c85eeee1b
COLLECT_GCC_OPTIONS='-mdynconfig=xtensa_esp32.so' '-fno-rtti' '-Wno-frame-address' '-mlongcalls' '-fno-builtin-memcpy' '-fno-builtin-memset' '-fno-builtin-bzero' '-specs=/home/student/Desktop/ProjekatDisplej/DisplayAudi/build/specs/picolibc.specs' '-v' '-o' 'CMakeFiles/cmTC_6909c.dir/CMakeCXXCompilerABI.cpp.obj' '-c' '-dumpdir' 'CMakeFiles/cmTC_6909c.dir/'
 /home/student/.espressif/tools/xtensa-esp-elf/esp-15.2.0_20251204/xtensa-esp-elf/bin/../lib/gcc/xtensa-esp-elf/15.2.0/../../../../xtensa-esp-elf/bin/as --traditional-format --longcalls --dynconfig=xtensa_esp32.so -o CMakeFiles/cmTC_6909c.dir/CMakeCXXCompilerABI.cpp.obj /tmp/ccb583Fk.s
COMPILER_PATH=/home/student/.espressif/tools/xtensa-esp-elf/esp-15.2.0_20251204/xtensa-esp-elf/bin/../libexec/gcc/xtensa-esp-elf/15.2.0/:/home/student/.espressif/tools/xtensa-esp-elf/esp-15.2.0_20251204/xtensa-esp-elf/bin/../libexec/gcc/:/home/student/.espressif/tools/xtensa-esp-elf/esp-15.2.0_20251204/xtensa-esp-elf/bin/../lib/gcc/xtensa-esp-elf/15.2.0/../../../../xtensa-esp-elf/bin/
LIBRARY_PATH=/home/student/.espressif/tools/xtensa-esp-elf/esp-15.2.0_20251204/xtensa-esp-elf/bin/../lib/gcc/xtensa-esp-elf/15.2.0/esp32/no-rtti/:/home/student/.espressif/tools/xtensa-esp-elf/esp-15.2.0_20251204/xtensa-esp-elf/bin/../lib/gcc/xtensa-esp-elf/15.2.0/../../../../xtensa-esp-elf/lib/esp32/no-rtti/:/home/student/.espressif/tools/xtensa-esp-elf/esp-15.2.0_20251204/xtensa-esp-elf/bin/../xtensa-esp-elf/lib/esp32/no-rtti/:/home/student/.espressif/tools/xtensa-esp-elf/esp-15.2.0_20251204/xtensa-esp-elf/bin/../lib/gcc/xtensa-esp-elf/15.2.0/:/home/student/.espressif/tools/xtensa-esp-elf/esp-15.2.0_20251204/xtensa-esp-elf/bin/../lib/gcc/:/home/student/.espressif/tools/xtensa-esp-elf/esp-15.2.0_20251204/xtensa-esp-elf/bin/../lib/gcc/xtensa-esp-elf/15.2.0/../../../../xtensa-esp-elf/lib/:/home/student/.espressif/tools/xtensa-esp-elf/esp-15.2.0_20251204/xtensa-esp-elf/bin/../xtensa-esp-elf/lib/:/home/student/.espressif/tools/xtensa-esp-elf/esp-15.2.0_20251204/xtensa-esp-elf/bin/../xtensa-esp-elf/usr/lib/
COLLECT_GCC_OPTIONS='-mdynconfig=xtensa_esp32.so' '-fno-rtti' '-Wno-frame-address' '-mlongcalls' '-fno-builtin-memcpy' '-fno-builtin-memset' '-fno-builtin-bzero' '-specs=/home/student/Desktop/ProjekatDisplej/DisplayAudi/build/specs/picolibc.specs' '-v' '-o' 'CMakeFiles/cmTC_6909c.dir/CMakeCXXCompilerABI.cpp.obj' '-c' '-dumpdir' 'CMakeFiles/cmTC_6909c.dir/CMakeCXXCompilerABI.cpp.'
[2/2] Linking CXX executable cmTC_6909c
Using built-in specs.
Reading specs from /home/student/Desktop/ProjekatDisplej/DisplayAudi/build/specs/picolibc.specs
rename spec link to picolibc_link
rename spec link_libgcc to picolibc_link_libgcc
rename spec cpp to picolibc_cpp
rename spec cc1 to picolibc_cc1
rename spec cc1plus to picolibc_cc1plus
COLLECT_GCC=/home/student/.espressif/tools/xtensa-esp-elf/esp-15.2.0_20251204/xtensa-esp-elf/bin/xtensa-esp-elf-g++
COLLECT_LTO_WRAPPER=/home/student/.espressif/tools/xtensa-esp-elf/esp-15.2.0_20251204/xtensa-esp-elf/bin/../libexec/gcc/xtensa-esp-elf/15.2.0/lto-wrapper
Target: xtensa-esp-elf
Configured with: /builds/idf/crosstool-NG/.build/xtensa-esp-elf/src/gcc/configure --build=x86_64-build_pc-linux-gnu --host=x86_64-build_pc-linux-gnu --target=xtensa-esp-elf --prefix=/builds/idf/crosstool-NG/builds/xtensa-esp-elf --exec_prefix=/builds/idf/crosstool-NG/builds/xtensa-esp-elf --with-local-prefix=/builds/idf/crosstool-NG/builds/xtensa-esp-elf/xtensa-esp-elf --with-sysroot=/builds/idf/crosstool-NG/builds/xtensa-esp-elf/xtensa-esp-elf --with-native-system-header-dir=/include --with-headers=/builds/idf/crosstool-NG/builds/xtensa-esp-elf/xtensa-esp-elf/include --with-newlib --enable-threads=no --disable-shared --with-pkgversion='crosstool-NG esp-15.2.0_20251204' --disable-__cxa_atexit --enable-cxx-flags='-ffunction-sections -fdata-sections' --disable-libgomp --disable-libmudflap --disable-libmpx --disable-libssp --disable-libquadmath --disable-libquadmath-support --disable-libstdcxx-verbose --with-gmp=/builds/idf/crosstool-NG/.build/xtensa-esp-elf/buildtools --with-mpfr=/builds/idf/crosstool-NG/.build/xtensa-esp-elf/buildtools --with-mpc=/builds/idf/crosstool-NG/.build/xtensa-esp-elf/buildtools --with-isl=/builds/idf/crosstool-NG/.build/xtensa-esp-elf/buildtools --enable-lto --enable-target-optspace --without-long-double-128 --enable-plugin --disable-nls --enable-multiarch --enable-languages=c,c++ --disable-libstdcxx-verbose --enable-threads=posix --enable-libstdcxx-time=yes --disable-win32-utf8-manifest
Thread model: posix
Supported LTO compression algorithms: zlib zstd
gcc version 15.2.0 (crosstool-NG esp-15.2.0_20251204) 
COMPILER_PATH=/home/student/.espressif/tools/xtensa-esp-elf/esp-15.2.0_20251204/xtensa-esp-elf/bin/../libexec/gcc/xtensa-esp-elf/15.2.0/:/home/student/.espressif/tools/xtensa-esp-elf/esp-15.2.0_20251204/xtensa-esp-elf/bin/../libexec/gcc/:/home/student/.espressif/tools/xtensa-esp-elf/esp-15.2.0_20251204/xtensa-esp-elf/bin/../lib/gcc/xtensa-esp-elf/15.2.0/../../../../xtensa-esp-elf/bin/
LIBRARY_PATH=/home/student/.espressif/tools/xtensa-esp-elf/esp-15.2.0_20251204/xtensa-esp-elf/bin/../lib/gcc/xtensa-esp-elf/15.2.0/esp32/no-rtti/:/home/student/.espressif/tools/xtensa-esp-elf/esp-15.2.0_20251204/xtensa-esp-elf/bin/../lib/gcc/xtensa-esp-elf/15.2.0/../../../../xtensa-esp-elf/lib/esp32/no-rtti/:/home/student/.espressif/tools/xtensa-esp-elf/esp-15.2.0_20251204/xtensa-esp-elf/bin/../xtensa-esp-elf/lib/esp32/no-rtti/:/home/student/.espressif/tools/xtensa-esp-elf/esp-15.2.0_20251204/xtensa-esp-elf/bin/../lib/gcc/xtensa-esp-elf/15.2.0/:/home/student/.espressif/tools/xtensa-esp-elf/esp-15.2.0_20251204/xtensa-esp-elf/bin/../lib/gcc/:/home/student/.espressif/tools/xtensa-esp-elf/esp-15.2.0_20251204/xtensa-esp-elf/bin/../lib/gcc/xtensa-esp-elf/15.2.0/../../../../xtensa-esp-elf/lib/:/home/student/.espressif/tools/xtensa-esp-elf/esp-15.2.0_20251204/xtensa-esp-elf/bin/../xtensa-esp-elf/lib/:/home/student/.espressif/tools/xtensa-esp-elf/esp-15.2.0_20251204/xtensa-esp-elf/bin/../xtensa-esp-elf/usr/lib/
COLLECT_GCC_OPTIONS='-mdynconfig=xtensa_esp32.so' '-Wno-frame-address' '-mlongcalls' '-fno-builtin-memcpy' '-fno-builtin-memset' '-fno-builtin-bzero' '-specs=/home/student/Desktop/ProjekatDisplej/DisplayAudi/build/specs/picolibc.specs' '-fno-rtti' '-nostartfiles' '-v' '-o' 'cmTC_6909c' '-dumpdir' 'cmTC_6909c.'
 /home/student/.espressif/tools/xtensa-esp-elf/esp-15.2.0_20251204/xtensa-esp-elf/bin/../libexec/gcc/xtensa-esp-elf/15.2.0/collect2 -plugin /home/student/.espressif/tools/xtensa-esp-elf/esp-15.2.0_20251204/xtensa-esp-elf/bin/../libexec/gcc/xtensa-esp-elf/15.2.0/liblto_plugin.so -plugin-opt=/home/student/.espressif/tools/xtensa-esp-elf/esp-15.2.0_20251204/xtensa-esp-elf/bin/../libexec/gcc/xtensa-esp-elf/15.2.0/lto-wrapper -plugin-opt=-fresolution=/tmp/cc1HkBgC.res -plugin-opt=-pass-through=-lgcc -plugin-opt=-pass-through=-lgcc -plugin-opt=-pass-through=-lc -plugin-opt=-pass-through=-lgcc -L/home/student/.espressif/tools/xtensa-esp-elf/esp-15.2.0_20251204/xtensa-esp-elf/bin/../xtensa-esp-elf/../picolibc/xtensa-esp-elf/lib/esp32/no-rtti -L/home/student/.espressif/tools/xtensa-esp-elf/esp-15.2.0_20251204/xtensa-esp-elf/bin/../xtensa-esp-elf/../picolibc/xtensa-esp-elf/lib -Tpicolibc.ld --sysroot=/home/student/.espressif/tools/xtensa-esp-elf/esp-15.2.0_20251204/xtensa-esp-elf/bin/../xtensa-esp-elf --dynconfig=xtensa_esp32.so -o cmTC_6909c -L/home/student/.espressif/tools/xtensa-esp-elf/esp-15.2.0_20251204/xtensa-esp-elf/bin/../xtensa-esp-elf/../picolibc/lib/gcc/xtensa-esp-elf/15.2.0/esp32/no-rtti -L/home/student/.espressif/tools/xtensa-esp-elf/esp-15.2.0_20251204/xtensa-esp-elf/bin/../xtensa-esp-elf/../picolibc/lib/gcc/xtensa-esp-elf/15.2.0 -L/home/student/.espressif/tools/xtensa-esp-elf/esp-15.2.0_20251204/xtensa-esp-elf/bin/../lib/gcc/xtensa-esp-elf/15.2.0/esp32/no-rtti -L/home/student/.espressif/tools/xtensa-esp-elf/esp-15.2.0_20251204/xtensa-esp-elf/bin/../lib/gcc/xtensa-esp-elf/15.2.0/../../../../xtensa-esp-elf/lib/esp32/no-rtti -L/home/student/.espressif/tools/xtensa-esp-elf/esp-15.2.0_20251204/xtensa-esp-elf/bin/../xtensa-esp-elf/lib/esp32/no-rtti -L/home/student/.espressif/tools/xtensa-esp-elf/esp-15.2.0_20251204/xtensa-esp-elf/bin/../lib/gcc/xtensa-esp-elf/15.2.0 -L/home/student/.espressif/tools/xtensa-esp-elf/esp-15.2.0_20251204/xtensa-esp-elf/bin/../lib/gcc -L/home/student/.espressif/tools/xtensa-esp-elf/esp-15.2.0_20251204/xtensa-esp-elf/bin/../lib/gcc/xtensa-esp-elf/15.2.0/../../../../xtensa-esp-elf/lib -L/home/student/.espressif/tools/xtensa-esp-elf/esp-15.2.0_20251204/xtensa-esp-elf/bin/../xtensa-esp-elf/lib -L/home/student/.espressif/tools/xtensa-esp-elf/esp-15.2.0_20251204/xtensa-esp-elf/bin/../xtensa-esp-elf/usr/lib @/tmp/ccFUq41t -lgcc --start-group -lgcc -lc --end-group -lgcc
/home/student/.espressif/tools/xtensa-esp-elf/esp-15.2.0_20251204/xtensa-esp-elf/bin/../lib/gcc/xtensa-esp-elf/15.2.0/../../../../xtensa-esp-elf/bin/ld: warning: cannot find entry symbol _start; defaulting to 10000000
COLLECT_GCC_OPTIONS='-mdynconfig=xtensa_esp32.so' '-Wno-frame-address' '-mlongcalls' '-fno-builtin-memcpy' '-fno-builtin-memset' '-fno-builtin-bzero' '-specs=/home/student/Desktop/ProjekatDisplej/DisplayAudi/build/specs/picolibc.specs' '-fno-rtti' '-nostartfiles' '-v' '-o' 'cmTC_6909c' '-dumpdir' 'cmTC_6909c.'



Parsed CXX implicit include dir info from above output: rv=done
  found start of include info
  found start of implicit include info
    add: [/home/student/.espressif/tools/xtensa-esp-elf/esp-15.2.0_20251204/xtensa-esp-elf/bin/../xtensa-esp-elf/../picolibc/include]
    add: [/home/student/.espressif/tools/xtensa-esp-elf/esp-15.2.0_20251204/xtensa-esp-elf/bin/../xtensa-esp-elf/../picolibc/include/../xtensa-esp-elf/include/c++/15.2.0/xtensa-esp-elf/esp32/no-rtti]
    add: [/home/student/.espressif/tools/xtensa-esp-elf/esp-15.2.0_20251204/xtensa-esp-elf/bin/../lib/gcc/xtensa-esp-elf/15.2.0/../../../../xtensa-esp-elf/include/c++/15.2.0]
    add: [/home/student/.espressif/tools/xtensa-esp-elf/esp-15.2.0_20251204/xtensa-esp-elf/bin/../lib/gcc/xtensa-esp-elf/15.2.0/../../../../xtensa-esp-elf/include/c++/15.2.0/xtensa-esp-elf/esp32/no-rtti]
    add: [/home/student/.espressif/tools/xtensa-esp-elf/esp-15.2.0_20251204/xtensa-esp-elf/bin/../lib/gcc/xtensa-esp-elf/15.2.0/../../../../xtensa-esp-elf/include/c++/15.2.0/backward]
    add: [/home/student/.espressif/tools/xtensa-esp-elf/esp-15.2.0_20251204/xtensa-esp-elf/bin/../lib/gcc/xtensa-esp-elf/15.2.0/include]
    add: [/home/student/.espressif/tools/xtensa-esp-elf/esp-15.2.0_20251204/xtensa-esp-elf/bin/../lib/gcc/xtensa-esp-elf/15.2.0/include-fixed]
    add: [/home/student/.espressif/tools/xtensa-esp-elf/esp-15.2.0_20251204/xtensa-esp-elf/bin/../lib/gcc/xtensa-esp-elf/15.2.0/../../../../xtensa-esp-elf/include]
  end of search list found
  collapse include dir [/home/student/.espressif/tools/xtensa-esp-elf/esp-15.2.0_20251204/xtensa-esp-elf/bin/../xtensa-esp-elf/../picolibc/include] ==> [/home/student/.espressif/tools/xtensa-esp-elf/esp-15.2.0_20251204/xtensa-esp-elf/picolibc/include]
  collapse include dir [/home/student/.espressif/tools/xtensa-esp-elf/esp-15.2.0_20251204/xtensa-esp-elf/bin/../xtensa-esp-elf/../picolibc/include/../xtensa-esp-elf/include/c++/15.2.0/xtensa-esp-elf/esp32/no-rtti] ==> [/home/student/.espressif/tools/xtensa-esp-elf/esp-15.2.0_20251204/xtensa-esp-elf/picolibc/xtensa-esp-elf/include/c++/15.2.0/xtensa-esp-elf/esp32/no-rtti]
  collapse include dir [/home/student/.espressif/tools/xtensa-esp-elf/esp-15.2.0_20251204/xtensa-esp-elf/bin/../lib/gcc/xtensa-esp-elf/15.2.0/../../../../xtensa-esp-elf/include/c++/15.2.0] ==> [/home/student/.espressif/tools/xtensa-esp-elf/esp-15.2.0_20251204/xtensa-esp-elf/xtensa-esp-elf/include/c++/15.2.0]
  collapse include dir [/home/student/.espressif/tools/xtensa-esp-elf/esp-15.2.0_20251204/xtensa-esp-elf/bin/../lib/gcc/xtensa-esp-elf/15.2.0/../../../../xtensa-esp-elf/include/c++/15.2.0/xtensa-esp-elf/esp32/no-rtti] ==> [/home/student/.espressif/tools/xtensa-esp-elf/esp-15.2.0_20251204/xtensa-esp-elf/xtensa-esp-elf/include/c++/15.2.0/xtensa-esp-elf/esp32/no-rtti]
  collapse include dir [/home/student/.espressif/tools/xtensa-esp-elf/esp-15.2.0_20251204/xtensa-esp-elf/bin/../lib/gcc/xtensa-esp-elf/15.2.0/../../../../xtensa-esp-elf/include/c++/15.2.0/backward] ==> [/home/student/.espressif/tools/xtensa-esp-elf/esp-15.2.0_20251204/xtensa-esp-elf/xtensa-esp-elf/include/c++/15.2.0/backward]
  collapse include dir [/home/student/.espressif/tools/xtensa-esp-elf/esp-15.2.0_20251204/xtensa-esp-elf/bin/../lib/gcc/xtensa-esp-elf/15.2.0/include] ==> [/home/student/.espressif/tools/xtensa-esp-elf/esp-15.2.0_20251204/xtensa-esp-elf/lib/gcc/xtensa-esp-elf/15.2.0/include]
  collapse include dir [/home/student/.espressif/tools/xtensa-esp-elf/esp-15.2.0_20251204/xtensa-esp-elf/bin/../lib/gcc/xtensa-esp-elf/15.2.0/include-fixed] ==> [/home/student/.espressif/tools/xtensa-esp-elf/esp-15.2.0_20251204/xtensa-esp-elf/lib/gcc/xtensa-esp-elf/15.2.0/include-fixed]
  collapse include dir [/home/student/.espressif/tools/xtensa-esp-elf/esp-15.2.0_20251204/xtensa-esp-elf/bin/../lib/gcc/xtensa-esp-elf/15.2.0/../../../../xtensa-esp-elf/include] ==> [/home/student/.espressif/tools/xtensa-esp-elf/esp-15.2.0_20251204/xtensa-esp-elf/xtensa-esp-elf/include]
  implicit include dirs: [/home/student/.espressif/tools/xtensa-esp-elf/esp-15.2.0_20251204/xtensa-esp-elf/picolibc/include;/home/student/.espressif/tools/xtensa-esp-elf/esp-15.2.0_20251204/xtensa-esp-elf/picolibc/xtensa-esp-elf/include/c++/15.2.0/xtensa-esp-elf/esp32/no-rtti;/home/student/.espressif/tools/xtensa-esp-elf/esp-15.2.0_20251204/xtensa-esp-elf/xtensa-esp-elf/include/c++/15.2.0;/home/student/.espressif/tools/xtensa-esp-elf/esp-15.2.0_20251204/xtensa-esp-elf/xtensa-esp-elf/include/c++/15.2.0/xtensa-esp-elf/esp32/no-rtti;/home/student/.espressif/tools/xtensa-esp-elf/esp-15.2.0_20251204/xtensa-esp-elf/xtensa-esp-elf/include/c++/15.2.0/backward;/home/student/.espressif/tools/xtensa-esp-elf/esp-15.2.0_20251204/xtensa-esp-elf/lib/gcc/xtensa-esp-elf/15.2.0/include;/home/student/.espressif/tools/xtensa-esp-elf/esp-15.2.0_20251204/xtensa-esp-elf/lib/gcc/xtensa-esp-elf/15.2.0/include-fixed;/home/student/.espressif/tools/xtensa-esp-elf/esp-15.2.0_20251204/xtensa-esp-elf/xtensa-esp-elf/include]


Parsed CXX implicit link information from above output:
  link line regex: [^( *|.*[/\])(xtensa-esp32-elf-ld|CMAKE_LINK_STARTFILE-NOTFOUND|([^/\]+-)?ld|collect2)[^/\]*( |$)]
  ignore line: [Change Dir: /home/student/Desktop/ProjekatDisplej/DisplayAudi/build/CMakeFiles/CMakeTmp]
  ignore line: []
  ignore line: [Run Build Command(s):/usr/bin/ninja cmTC_6909c && [1/2] Building CXX object CMakeFiles/cmTC_6909c.dir/CMakeCXXCompilerABI.cpp.obj]
  ignore line: [Using built-in specs.]
  ignore line: [Reading specs from /home/student/Desktop/ProjekatDisplej/DisplayAudi/build/specs/picolibc.specs]
  ignore line: [rename spec link to picolibc_link]
  ignore line: [rename spec link_libgcc to picolibc_link_libgcc]
  ignore line: [rename spec cpp to picolibc_cpp]
  ignore line: [rename spec cc1 to picolibc_cc1]
  ignore line: [rename spec cc1plus to picolibc_cc1plus]
  ignore line: [COLLECT_GCC=/home/student/.espressif/tools/xtensa-esp-elf/esp-15.2.0_20251204/xtensa-esp-elf/bin/xtensa-esp-elf-g++]
  ignore line: [Target: xtensa-esp-elf]
  ignore line: [Configured with: /builds/idf/crosstool-NG/.build/xtensa-esp-elf/src/gcc/configure --build=x86_64-build_pc-linux-gnu --host=x86_64-build_pc-linux-gnu --target=xtensa-esp-elf --prefix=/builds/idf/crosstool-NG/builds/xtensa-esp-elf --exec_prefix=/builds/idf/crosstool-NG/builds/xtensa-esp-elf --with-local-prefix=/builds/idf/crosstool-NG/builds/xtensa-esp-elf/xtensa-esp-elf --with-sysroot=/builds/idf/crosstool-NG/builds/xtensa-esp-elf/xtensa-esp-elf --with-native-system-header-dir=/include --with-headers=/builds/idf/crosstool-NG/builds/xtensa-esp-elf/xtensa-esp-elf/include --with-newlib --enable-threads=no --disable-shared --with-pkgversion='crosstool-NG esp-15.2.0_20251204' --disable-__cxa_atexit --enable-cxx-flags='-ffunction-sections -fdata-sections' --disable-libgomp --disable-libmudflap --disable-libmpx --disable-libssp --disable-libquadmath --disable-libquadmath-support --disable-libstdcxx-verbose --with-gmp=/builds/idf/crosstool-NG/.build/xtensa-esp-elf/buildtools --with-mpfr=/builds/idf/crosstool-NG/.build/xtensa-esp-elf/buildtools --with-mpc=/builds/idf/crosstool-NG/.build/xtensa-esp-elf/buildtools --with-isl=/builds/idf/crosstool-NG/.build/xtensa-esp-elf/buildtools --enable-lto --enable-target-optspace --without-long-double-128 --enable-plugin --disable-nls --enable-multiarch --enable-languages=c c++ --disable-libstdcxx-verbose --enable-threads=posix --enable-libstdcxx-time=yes --disable-win32-utf8-manifest]
  ignore line: [Thread model: posix]
  ignore line: [Supported LTO compression algorithms: zlib zstd]
  ignore line: [gcc version 15.2.0 (crosstool-NG esp-15.2.0_20251204) ]
  ignore line: [COLLECT_GCC_OPTIONS='-mdynconfig=xtensa_esp32.so' '-fno-rtti' '-Wno-frame-address' '-mlongcalls' '-fno-builtin-memcpy' '-fno-builtin-memset' '-fno-builtin-bzero' '-specs=/home/student/Desktop/ProjekatDisplej/DisplayAudi/build/specs/picolibc.specs' '-v' '-o' 'CMakeFiles/cmTC_6909c.dir/CMakeCXXCompilerABI.cpp.obj' '-c' '-dumpdir' 'CMakeFiles/cmTC_6909c.dir/']
  ignore line: [ /home/student/.espressif/tools/xtensa-esp-elf/esp-15.2.0_20251204/xtensa-esp-elf/bin/../libexec/gcc/xtensa-esp-elf/15.2.0/cc1plus -quiet -v -imultilib esp32/no-rtti -iprefix /home/student/.espressif/tools/xtensa-esp-elf/esp-15.2.0_20251204/xtensa-esp-elf/bin/../lib/gcc/xtensa-esp-elf/15.2.0/ -isysroot /home/student/.espressif/tools/xtensa-esp-elf/esp-15.2.0_20251204/xtensa-esp-elf/bin/../xtensa-esp-elf /usr/share/cmake-3.22/Modules/CMakeCXXCompilerABI.cpp -ftls-model=local-exec -quiet -dumpdir CMakeFiles/cmTC_6909c.dir/ -dumpbase CMakeCXXCompilerABI.cpp.cpp -dumpbase-ext .cpp -mdynconfig=xtensa_esp32.so -mlongcalls -Wno-frame-address -version -fno-rtti -fno-builtin-memcpy -fno-builtin-memset -fno-builtin-bzero -isystem /home/student/.espressif/tools/xtensa-esp-elf/esp-15.2.0_20251204/xtensa-esp-elf/bin/../xtensa-esp-elf/../picolibc/include -isystem /home/student/.espressif/tools/xtensa-esp-elf/esp-15.2.0_20251204/xtensa-esp-elf/bin/../xtensa-esp-elf/../picolibc/include/../xtensa-esp-elf/include/c++/15.2.0/xtensa-esp-elf/esp32/no-rtti -ftls-model=local-exec -o /tmp/ccb583Fk.s]
  ignore line: [GNU C++17 (crosstool-NG esp-15.2.0_20251204) version 15.2.0 (xtensa-esp-elf)]
  ignore line: [	compiled by GNU C version 6.3.0  GMP version 6.3.0  MPFR version 4.2.1  MPC version 1.3.1  isl version isl-0.26-GMP]
  ignore line: []
  ignore line: [GGC heuristics: --param ggc-min-expand=100 --param ggc-min-heapsize=131072]
  ignore line: [ignoring duplicate directory "/home/student/.espressif/tools/xtensa-esp-elf/esp-15.2.0_20251204/xtensa-esp-elf/bin/../lib/gcc/../../lib/gcc/xtensa-esp-elf/15.2.0/../../../../xtensa-esp-elf/include/c++/15.2.0"]
  ignore line: [ignoring duplicate directory "/home/student/.espressif/tools/xtensa-esp-elf/esp-15.2.0_20251204/xtensa-esp-elf/bin/../lib/gcc/../../lib/gcc/xtensa-esp-elf/15.2.0/../../../../xtensa-esp-elf/include/c++/15.2.0/xtensa-esp-elf/esp32/no-rtti"]
  ignore line: [ignoring duplicate directory "/home/student/.espressif/tools/xtensa-esp-elf/esp-15.2.0_20251204/xtensa-esp-elf/bin/../lib/gcc/../../lib/gcc/xtensa-esp-elf/15.2.0/../../../../xtensa-esp-elf/include/c++/15.2.0/backward"]
  ignore line: [ignoring duplicate directory "/home/student/.espressif/tools/xtensa-esp-elf/esp-15.2.0_20251204/xtensa-esp-elf/bin/../lib/gcc/../../lib/gcc/xtensa-esp-elf/15.2.0/include"]
  ignore line: [ignoring nonexistent directory "/home/student/.espressif/tools/xtensa-esp-elf/esp-15.2.0_20251204/xtensa-esp-elf/bin/../xtensa-esp-elf/builds/idf/crosstool-NG/builds/xtensa-esp-elf/xtensa-esp-elf/include"]
  ignore line: [ignoring duplicate directory "/home/student/.espressif/tools/xtensa-esp-elf/esp-15.2.0_20251204/xtensa-esp-elf/bin/../lib/gcc/../../lib/gcc/xtensa-esp-elf/15.2.0/include-fixed"]
  ignore line: [ignoring duplicate directory "/home/student/.espressif/tools/xtensa-esp-elf/esp-15.2.0_20251204/xtensa-esp-elf/bin/../lib/gcc/../../lib/gcc/xtensa-esp-elf/15.2.0/../../../../xtensa-esp-elf/include"]
  ignore line: [ignoring duplicate directory "/home/student/.espressif/tools/xtensa-esp-elf/esp-15.2.0_20251204/xtensa-esp-elf/bin/../xtensa-esp-elf/include"]
  ignore line: [#include "..." search starts here:]
  ignore line: [#include <...> search starts here:]
  ignore line: [ /home/student/.espressif/tools/xtensa-esp-elf/esp-15.2.0_20251204/xtensa-esp-elf/bin/../xtensa-esp-elf/../picolibc/include]
  ignore line: [ /home/student/.espressif/tools/xtensa-esp-elf/esp-15.2.0_20251204/xtensa-esp-elf/bin/../xtensa-esp-elf/../picolibc/include/../xtensa-esp-elf/include/c++/15.2.0/xtensa-esp-elf/esp32/no-rtti]
  ignore line: [ /home/student/.espressif/tools/xtensa-esp-elf/esp-15.2.0_20251204/xtensa-esp-elf/bin/../lib/gcc/xtensa-esp-elf/15.2.0/../../../../xtensa-esp-elf/include/c++/15.2.0]
  ignore line: [ /home/student/.espressif/tools/xtensa-esp-elf/esp-15.2.0_20251204/xtensa-esp-elf/bin/../lib/gcc/xtensa-esp-elf/15.2.0/../../../../xtensa-esp-elf/include/c++/15.2.0/xtensa-esp-elf/esp32/no-rtti]
  ignore line: [ /home/student/.espressif/tools/xtensa-esp-elf/esp-15.2.0_20251204/xtensa-esp-elf/bin/../lib/gcc/xtensa-esp-elf/15.2.0/../../../../xtensa-esp-elf/include/c++/15.2.0/backward]
  ignore line: [ /home/student/.espressif/tools/xtensa-esp-elf/esp-15.2.0_20251204/xtensa-esp-elf/bin/../lib/gcc/xtensa-esp-elf/15.2.0/include]
  ignore line: [ /home/student/.espressif/tools/xtensa-esp-elf/esp-15.2.0_20251204/xtensa-esp-elf/bin/../lib/gcc/xtensa-esp-elf/15.2.0/include-fixed]
  ignore line: [ /home/student/.espressif/tools/xtensa-esp-elf/esp-15.2.0_20251204/xtensa-esp-elf/bin/../lib/gcc/xtensa-esp-elf/15.2.0/../../../../xtensa-esp-elf/include]
  ignore line: [End of search list.]
  ignore line: [Compiler executable checksum: ddaf5163ec1d262ade9e7a5c85eeee1b]
  ignore line: [COLLECT_GCC_OPTIONS='-mdynconfig=xtensa_esp32.so' '-fno-rtti' '-Wno-frame-address' '-mlongcalls' '-fno-builtin-memcpy' '-fno-builtin-memset' '-fno-builtin-bzero' '-specs=/home/student/Desktop/ProjekatDisplej/DisplayAudi/build/specs/picolibc.specs' '-v' '-o' 'CMakeFiles/cmTC_6909c.dir/CMakeCXXCompilerABI.cpp.obj' '-c' '-dumpdir' 'CMakeFiles/cmTC_6909c.dir/']
  ignore line: [ /home/student/.espressif/tools/xtensa-esp-elf/esp-15.2.0_20251204/xtensa-esp-elf/bin/../lib/gcc/xtensa-esp-elf/15.2.0/../../../../xtensa-esp-elf/bin/as --traditional-format --longcalls --dynconfig=xtensa_esp32.so -o CMakeFiles/cmTC_6909c.dir/CMakeCXXCompilerABI.cpp.obj /tmp/ccb583Fk.s]
  ignore line: [COMPILER_PATH=/home/student/.espressif/tools/xtensa-esp-elf/esp-15.2.0_20251204/xtensa-esp-elf/bin/../libexec/gcc/xtensa-esp-elf/15.2.0/:/home/student/.espressif/tools/xtensa-esp-elf/esp-15.2.0_20251204/xtensa-esp-elf/bin/../libexec/gcc/:/home/student/.espressif/tools/xtensa-esp-elf/esp-15.2.0_20251204/xtensa-esp-elf/bin/../lib/gcc/xtensa-esp-elf/15.2.0/../../../../xtensa-esp-elf/bin/]
  ignore line: [LIBRARY_PATH=/home/student/.espressif/tools/xtensa-esp-elf/esp-15.2.0_20251204/xtensa-esp-elf/bin/../lib/gcc/xtensa-esp-elf/15.2.0/esp32/no-rtti/:/home/student/.espressif/tools/xtensa-esp-elf/esp-15.2.0_20251204/xtensa-esp-elf/bin/../lib/gcc/xtensa-esp-elf/15.2.0/../../../../xtensa-esp-elf/lib/esp32/no-rtti/:/home/student/.espressif/tools/xtensa-esp-elf/esp-15.2.0_20251204/xtensa-esp-elf/bin/../xtensa-esp-elf/lib/esp32/no-rtti/:/home/student/.espressif/tools/xtensa-esp-elf/esp-15.2.0_20251204/xtensa-esp-elf/bin/../lib/gcc/xtensa-esp-elf/15.2.0/:/home/student/.espressif/tools/xtensa-esp-elf/esp-15.2.0_20251204/xtensa-esp-elf/bin/../lib/gcc/:/home/student/.espressif/tools/xtensa-esp-elf/esp-15.2.0_20251204/xtensa-esp-elf/bin/../lib/gcc/xtensa-esp-elf/15.2.0/../../../../xtensa-esp-elf/lib/:/home/student/.espressif/tools/xtensa-esp-elf/esp-15.2.0_20251204/xtensa-esp-elf/bin/../xtensa-esp-elf/lib/:/home/student/.espressif/tools/xtensa-esp-elf/esp-15.2.0_20251204/xtensa-esp-elf/bin/../xtensa-esp-elf/usr/lib/]
  ignore line: [COLLECT_GCC_OPTIONS='-mdynconfig=xtensa_esp32.so' '-fno-rtti' '-Wno-frame-address' '-mlongcalls' '-fno-builtin-memcpy' '-fno-builtin-memset' '-fno-builtin-bzero' '-specs=/home/student/Desktop/ProjekatDisplej/DisplayAudi/build/specs/picolibc.specs' '-v' '-o' 'CMakeFiles/cmTC_6909c.dir/CMakeCXXCompilerABI.cpp.obj' '-c' '-dumpdir' 'CMakeFiles/cmTC_6909c.dir/CMakeCXXCompilerABI.cpp.']
  ignore line: [[2/2] Linking CXX executable cmTC_6909c]
  ignore line: [Using built-in specs.]
  ignore line: [Reading specs from /home/student/Desktop/ProjekatDisplej/DisplayAudi/build/specs/picolibc.specs]
  ignore line: [rename spec link to picolibc_link]
  ignore line: [rename spec link_libgcc to picolibc_link_libgcc]
  ignore line: [rename spec cpp to picolibc_cpp]
  ignore line: [rename spec cc1 to picolibc_cc1]
  ignore line: [rename spec cc1plus to picolibc_cc1plus]
  ignore line: [COLLECT_GCC=/home/student/.espressif/tools/xtensa-esp-elf/esp-15.2.0_20251204/xtensa-esp-elf/bin/xtensa-esp-elf-g++]
  ignore line: [COLLECT_LTO_WRAPPER=/home/student/.espressif/tools/xtensa-esp-elf/esp-15.2.0_20251204/xtensa-esp-elf/bin/../libexec/gcc/xtensa-esp-elf/15.2.0/lto-wrapper]
  ignore line: [Target: xtensa-esp-elf]
  ignore line: [Configured with: /builds/idf/crosstool-NG/.build/xtensa-esp-elf/src/gcc/configure --build=x86_64-build_pc-linux-gnu --host=x86_64-build_pc-linux-gnu --target=xtensa-esp-elf --prefix=/builds/idf/crosstool-NG/builds/xtensa-esp-elf --exec_prefix=/builds/idf/crosstool-NG/builds/xtensa-esp-elf --with-local-prefix=/builds/idf/crosstool-NG/builds/xtensa-esp-elf/xtensa-esp-elf --with-sysroot=/builds/idf/crosstool-NG/builds/xtensa-esp-elf/xtensa-esp-elf --with-native-system-header-dir=/include --with-headers=/builds/idf/crosstool-NG/builds/xtensa-esp-elf/xtensa-esp-elf/include --with-newlib --enable-threads=no --disable-shared --with-pkgversion='crosstool-NG esp-15.2.0_20251204' --disable-__cxa_atexit --enable-cxx-flags='-ffunction-sections -fdata-sections' --disable-libgomp --disable-libmudflap --disable-libmpx --disable-libssp --disable-libquadmath --disable-libquadmath-support --disable-libstdcxx-verbose --with-gmp=/builds/idf/crosstool-NG/.build/xtensa-esp-elf/buildtools --with-mpfr=/builds/idf/crosstool-NG/.build/xtensa-esp-elf/buildtools --with-mpc=/builds/idf/crosstool-NG/.build/xtensa-esp-elf/buildtools --with-isl=/builds/idf/crosstool-NG/.build/xtensa-esp-elf/buildtools --enable-lto --enable-target-optspace --without-long-double-128 --enable-plugin --disable-nls --enable-multiarch --enable-languages=c c++ --disable-libstdcxx-verbose --enable-threads=posix --enable-libstdcxx-time=yes --disable-win32-utf8-manifest]
  ignore line: [Thread model: posix]
  ignore line: [Supported LTO compression algorithms: zlib zstd]
  ignore line: [gcc version 15.2.0 (crosstool-NG esp-15.2.0_20251204) ]
  ignore line: [COMPILER_PATH=/home/student/.espressif/tools/xtensa-esp-elf/esp-15.2.0_20251204/xtensa-esp-elf/bin/../libexec/gcc/xtensa-esp-elf/15.2.0/:/home/student/.espressif/tools/xtensa-esp-elf/esp-15.2.0_20251204/xtensa-esp-elf/bin/../libexec/gcc/:/home/student/.espressif/tools/xtensa-esp-elf/esp-15.2.0_20251204/xtensa-esp-elf/bin/../lib/gcc/xtensa-esp-elf/15.2.0/../../../../xtensa-esp-elf/bin/]
  ignore line: [LIBRARY_PATH=/home/student/.espressif/tools/xtensa-esp-elf/esp-15.2.0_20251204/xtensa-esp-elf/bin/../lib/gcc/xtensa-esp-elf/15.2.0/esp32/no-rtti/:/home/student/.espressif/tools/xtensa-esp-elf/esp-15.2.0_20251204/xtensa-esp-elf/bin/../lib/gcc/xtensa-esp-elf/15.2.0/../../../../xtensa-esp-elf/lib/esp32/no-rtti/:/home/student/.espressif/tools/xtensa-esp-elf/esp-15.2.0_20251204/xtensa-esp-elf/bin/../xtensa-esp-elf/lib/esp32/no-rtti/:/home/student/.espressif/tools/xtensa-esp-elf/esp-15.2.0_20251204/xtensa-esp-elf/bin/../lib/gcc/xtensa-esp-elf/15.2.0/:/home/student/.espressif/tools/xtensa-esp-elf/esp-15.2.0_20251204/xtensa-esp-elf/bin/../lib/gcc/:/home/student/.espressif/tools/xtensa-esp-elf/esp-15.2.0_20251204/xtensa-esp-elf/bin/../lib/gcc/xtensa-esp-elf/15.2.0/../../../../xtensa-esp-elf/lib/:/home/student/.espressif/tools/xtensa-esp-elf/esp-15.2.0_20251204/xtensa-esp-elf/bin/../xtensa-esp-elf/lib/:/home/student/.espressif/tools/xtensa-esp-elf/esp-15.2.0_20251204/xtensa-esp-elf/bin/../xtensa-esp-elf/usr/lib/]
  ignore line: [COLLECT_GCC_OPTIONS='-mdynconfig=xtensa_esp32.so' '-Wno-frame-address' '-mlongcalls' '-fno-builtin-memcpy' '-fno-builtin-memset' '-fno-builtin-bzero' '-specs=/home/student/Desktop/ProjekatDisplej/DisplayAudi/build/specs/picolibc.specs' '-fno-rtti' '-nostartfiles' '-v' '-o' 'cmTC_6909c' '-dumpdir' 'cmTC_6909c.']
  link line: [ /home/student/.espressif/tools/xtensa-esp-elf/esp-15.2.0_20251204/xtensa-esp-elf/bin/../libexec/gcc/xtensa-esp-elf/15.2.0/collect2 -plugin /home/student/.espressif/tools/xtensa-esp-elf/esp-15.2.0_20251204/xtensa-esp-elf/bin/../libexec/gcc/xtensa-esp-elf/15.2.0/liblto_plugin.so -plugin-opt=/home/student/.espressif/tools/xtensa-esp-elf/esp-15.2.0_20251204/xtensa-esp-elf/bin/../libexec/gcc/xtensa-esp-elf/15.2.0/lto-wrapper -plugin-opt=-fresolution=/tmp/cc1HkBgC.res -plugin-opt=-pass-through=-lgcc -plugin-opt=-pass-through=-lgcc -plugin-opt=-pass-through=-lc -plugin-opt=-pass-through=-lgcc -L/home/student/.espressif/tools/xtensa-esp-elf/esp-15.2.0_20251204/xtensa-esp-elf/bin/../xtensa-esp-elf/../picolibc/xtensa-esp-elf/lib/esp32/no-rtti -L/home/student/.espressif/tools/xtensa-esp-elf/esp-15.2.0_20251204/xtensa-esp-elf/bin/../xtensa-esp-elf/../picolibc/xtensa-esp-elf/lib -Tpicolibc.ld --sysroot=/home/student/.espressif/tools/xtensa-esp-elf/esp-15.2.0_20251204/xtensa-esp-elf/bin/../xtensa-esp-elf --dynconfig=xtensa_esp32.so -o cmTC_6909c -L/home/student/.espressif/tools/xtensa-esp-elf/esp-15.2.0_20251204/xtensa-esp-elf/bin/../xtensa-esp-elf/../picolibc/lib/gcc/xtensa-esp-elf/15.2.0/esp32/no-rtti -L/home/student/.espressif/tools/xtensa-esp-elf/esp-15.2.0_20251204/xtensa-esp-elf/bin/../xtensa-esp-elf/../picolibc/lib/gcc/xtensa-esp-elf/15.2.0 -L/home/student/.espressif/tools/xtensa-esp-elf/esp-15.2.0_20251204/xtensa-esp-elf/bin/../lib/gcc/xtensa-esp-elf/15.2.0/esp32/no-rtti -L/home/student/.espressif/tools/xtensa-esp-elf/esp-15.2.0_20251204/xtensa-esp-elf/bin/../lib/gcc/xtensa-esp-elf/15.2.0/../../../../xtensa-esp-elf/lib/esp32/no-rtti -L/home/student/.espressif/tools/xtensa-esp-elf/esp-15.2.0_20251204/xtensa-esp-elf/bin/../xtensa-esp-elf/lib/esp32/no-rtti -L/home/student/.espressif/tools/xtensa-esp-elf/esp-15.2.0_20251204/xtensa-esp-elf/bin/../lib/gcc/xtensa-esp-elf/15.2.0 -L/home/student/.espressif/tools/xtensa-esp-elf/esp-15.2.0_20251204/xtensa-esp-elf/bin/../lib/gcc -L/home/student/.espressif/tools/xtensa-esp-elf/esp-15.2.0_20251204/xtensa-esp-elf/bin/../lib/gcc/xtensa-esp-elf/15.2.0/../../../../xtensa-esp-elf/lib -L/home/student/.espressif/tools/xtensa-esp-elf/esp-15.2.0_20251204/xtensa-esp-elf/bin/../xtensa-esp-elf/lib -L/home/student/.espressif/tools/xtensa-esp-elf/esp-15.2.0_20251204/xtensa-esp-elf/bin/../xtensa-esp-elf/usr/lib @/tmp/ccFUq41t -lgcc --start-group -lgcc -lc --end-group -lgcc]
    arg [/home/student/.espressif/tools/xtensa-esp-elf/esp-15.2.0_20251204/xtensa-esp-elf/bin/../libexec/gcc/xtensa-esp-elf/15.2.0/collect2] ==> ignore
    arg [-plugin] ==> ignore
    arg [/home/student/.espressif/tools/xtensa-esp-elf/esp-15.2.0_20251204/xtensa-esp-elf/bin/../libexec/gcc/xtensa-esp-elf/15.2.0/liblto_plugin.so] ==> ignore
    arg [-plugin-opt=/home/student/.espressif/tools/xtensa-esp-elf/esp-15.2.0_20251204/xtensa-esp-elf/bin/../libexec/gcc/xtensa-esp-elf/15.2.0/lto-wrapper] ==> ignore
    arg [-plugin-opt=-fresolution=/tmp/cc1HkBgC.res] ==> ignore
    arg [-plugin-opt=-pass-through=-lgcc] ==> ignore
    arg [-plugin-opt=-pass-through=-lgcc] ==> ignore
    arg [-plugin-opt=-pass-through=-lc] ==> ignore
    arg [-plugin-opt=-pass-through=-lgcc] ==> ignore
    arg [-L/home/student/.espressif/tools/xtensa-esp-elf/esp-15.2.0_20251204/xtensa-esp-elf/bin/../xtensa-esp-elf/../picolibc/xtensa-esp-elf/lib/esp32/no-rtti] ==> dir [/home/student/.espressif/tools/xtensa-esp-elf/esp-15.2.0_20251204/xtensa-esp-elf/bin/../xtensa-esp-elf/../picolibc/xtensa-esp-elf/lib/esp32/no-rtti]
    arg [-L/home/student/.espressif/tools/xtensa-esp-elf/esp-15.2.0_20251204/xtensa-esp-elf/bin/../xtensa-esp-elf/../picolibc/xtensa-esp-elf/lib] ==> dir [/home/student/.espressif/tools/xtensa-esp-elf/esp-15.2.0_20251204/xtensa-esp-elf/bin/../xtensa-esp-elf/../picolibc/xtensa-esp-elf/lib]
    arg [-Tpicolibc.ld] ==> ignore
    arg [--sysroot=/home/student/.espressif/tools/xtensa-esp-elf/esp-15.2.0_20251204/xtensa-esp-elf/bin/../xtensa-esp-elf] ==> ignore
    arg [--dynconfig=xtensa_esp32.so] ==> ignore
    arg [-o] ==> ignore
    arg [cmTC_6909c] ==> ignore
    arg [-L/home/student/.espressif/tools/xtensa-esp-elf/esp-15.2.0_20251204/xtensa-esp-elf/bin/../xtensa-esp-elf/../picolibc/lib/gcc/xtensa-esp-elf/15.2.0/esp32/no-rtti] ==> dir [/home/student/.espressif/tools/xtensa-esp-elf/esp-15.2.0_20251204/xtensa-esp-elf/bin/../xtensa-esp-elf/../picolibc/lib/gcc/xtensa-esp-elf/15.2.0/esp32/no-rtti]
    arg [-L/home/student/.espressif/tools/xtensa-esp-elf/esp-15.2.0_20251204/xtensa-esp-elf/bin/../xtensa-esp-elf/../picolibc/lib/gcc/xtensa-esp-elf/15.2.0] ==> dir [/home/student/.espressif/tools/xtensa-esp-elf/esp-15.2.0_20251204/xtensa-esp-elf/bin/../xtensa-esp-elf/../picolibc/lib/gcc/xtensa-esp-elf/15.2.0]
    arg [-L/home/student/.espressif/tools/xtensa-esp-elf/esp-15.2.0_20251204/xtensa-esp-elf/bin/../lib/gcc/xtensa-esp-elf/15.2.0/esp32/no-rtti] ==> dir [/home/student/.espressif/tools/xtensa-esp-elf/esp-15.2.0_20251204/xtensa-esp-elf/bin/../lib/gcc/xtensa-esp-elf/15.2.0/esp32/no-rtti]
    arg [-L/home/student/.espressif/tools/xtensa-esp-elf/esp-15.2.0_20251204/xtensa-esp-elf/bin/../lib/gcc/xtensa-esp-elf/15.2.0/../../../../xtensa-esp-elf/lib/esp32/no-rtti] ==> dir [/home/student/.espressif/tools/xtensa-esp-elf/esp-15.2.0_20251204/xtensa-esp-elf/bin/../lib/gcc/xtensa-esp-elf/15.2.0/../../../../xtensa-esp-elf/lib/esp32/no-rtti]
    arg [-L/home/student/.espressif/tools/xtensa-esp-elf/esp-15.2.0_20251204/xtensa-esp-elf/bin/../xtensa-esp-elf/lib/esp32/no-rtti] ==> dir [/home/student/.espressif/tools/xtensa-esp-elf/esp-15.2.0_20251204/xtensa-esp-elf/bin/../xtensa-esp-elf/lib/esp32/no-rtti]
    arg [-L/home/student/.espressif/tools/xtensa-esp-elf/esp-15.2.0_20251204/xtensa-esp-elf/bin/../lib/gcc/xtensa-esp-elf/15.2.0] ==> dir [/home/student/.espressif/tools/xtensa-esp-elf/esp-15.2.0_20251204/xtensa-esp-elf/bin/../lib/gcc/xtensa-esp-elf/15.2.0]
    arg [-L/home/student/.espressif/tools/xtensa-esp-elf/esp-15.2.0_20251204/xtensa-esp-elf/bin/../lib/gcc] ==> dir [/home/student/.espressif/tools/xtensa-esp-elf/esp-15.2.0_20251204/xtensa-esp-elf/bin/../lib/gcc]
    arg [-L/home/student/.espressif/tools/xtensa-esp-elf/esp-15.2.0_20251204/xtensa-esp-elf/bin/../lib/gcc/xtensa-esp-elf/15.2.0/../../../../xtensa-esp-elf/lib] ==> dir [/home/student/.espressif/tools/xtensa-esp-elf/esp-15.2.0_20251204/xtensa-esp-elf/bin/../lib/gcc/xtensa-esp-elf/15.2.0/../../../../xtensa-esp-elf/lib]
    arg [-L/home/student/.espressif/tools/xtensa-esp-elf/esp-15.2.0_20251204/xtensa-esp-elf/bin/../xtensa-esp-elf/lib] ==> dir [/home/student/.espressif/tools/xtensa-esp-elf/esp-15.2.0_20251204/xtensa-esp-elf/bin/../xtensa-esp-elf/lib]
    arg [-L/home/student/.espressif/tools/xtensa-esp-elf/esp-15.2.0_20251204/xtensa-esp-elf/bin/../xtensa-esp-elf/usr/lib] ==> dir [/home/student/.espressif/tools/xtensa-esp-elf/esp-15.2.0_20251204/xtensa-esp-elf/bin/../xtensa-esp-elf/usr/lib]
    arg [@/tmp/ccFUq41t] ==> ignore
    arg [-lgcc] ==> lib [gcc]
    arg [--start-group] ==> ignore
    arg [-lgcc] ==> lib [gcc]
    arg [-lc] ==> lib [c]
    arg [--end-group] ==> ignore
    arg [-lgcc] ==> lib [gcc]
  collapse library dir [/home/student/.espressif/tools/xtensa-esp-elf/esp-15.2.0_20251204/xtensa-esp-elf/bin/../xtensa-esp-elf/../picolibc/xtensa-esp-elf/lib/esp32/no-rtti] ==> [/home/student/.espressif/tools/xtensa-esp-elf/esp-15.2.0_20251204/xtensa-esp-elf/picolibc/xtensa-esp-elf/lib/esp32/no-rtti]
  collapse library dir [/home/student/.espressif/tools/xtensa-esp-elf/esp-15.2.0_20251204/xtensa-esp-elf/bin/../xtensa-esp-elf/../picolibc/xtensa-esp-elf/lib] ==> [/home/student/.espressif/tools/xtensa-esp-elf/esp-15.2.0_20251204/xtensa-esp-elf/picolibc/xtensa-esp-elf/lib]
  collapse library dir [/home/student/.espressif/tools/xtensa-esp-elf/esp-15.2.0_20251204/xtensa-esp-elf/bin/../xtensa-esp-elf/../picolibc/lib/gcc/xtensa-esp-elf/15.2.0/esp32/no-rtti] ==> [/home/student/.espressif/tools/xtensa-esp-elf/esp-15.2.0_20251204/xtensa-esp-elf/picolibc/lib/gcc/xtensa-esp-elf/15.2.0/esp32/no-rtti]
  collapse library dir [/home/student/.espressif/tools/xtensa-esp-elf/esp-15.2.0_20251204/xtensa-esp-elf/bin/../xtensa-esp-elf/../picolibc/lib/gcc/xtensa-esp-elf/15.2.0] ==> [/home/student/.espressif/tools/xtensa-esp-elf/esp-15.2.0_20251204/xtensa-esp-elf/picolibc/lib/gcc/xtensa-esp-elf/15.2.0]
  collapse library dir [/home/student/.espressif/tools/xtensa-esp-elf/esp-15.2.0_20251204/xtensa-esp-elf/bin/../lib/gcc/xtensa-esp-elf/15.2.0/esp32/no-rtti] ==> [/home/student/.espressif/tools/xtensa-esp-elf/esp-15.2.0_20251204/xtensa-esp-elf/lib/gcc/xtensa-esp-elf/15.2.0/esp32/no-rtti]
  collapse library dir [/home/student/.espressif/tools/xtensa-esp-elf/esp-15.2.0_20251204/xtensa-esp-elf/bin/../lib/gcc/xtensa-esp-elf/15.2.0/../../../../xtensa-esp-elf/lib/esp32/no-rtti] ==> [/home/student/.espressif/tools/xtensa-esp-elf/esp-15.2.0_20251204/xtensa-esp-elf/xtensa-esp-elf/lib/esp32/no-rtti]
  collapse library dir [/home/student/.espressif/tools/xtensa-esp-elf/esp-15.2.0_20251204/xtensa-esp-elf/bin/../xtensa-esp-elf/lib/esp32/no-rtti] ==> [/home/student/.espressif/tools/xtensa-esp-elf/esp-15.2.0_20251204/xtensa-esp-elf/xtensa-esp-elf/lib/esp32/no-rtti]
  collapse library dir [/home/student/.espressif/tools/xtensa-esp-elf/esp-15.2.0_20251204/xtensa-esp-elf/bin/../lib/gcc/xtensa-esp-elf/15.2.0] ==> [/home/student/.espressif/tools/xtensa-esp-elf/esp-15.2.0_20251204/xtensa-esp-elf/lib/gcc/xtensa-esp-elf/15.2.0]
  collapse library dir [/home/student/.espressif/tools/xtensa-esp-elf/esp-15.2.0_20251204/xtensa-esp-elf/bin/../lib/gcc] ==> [/home/student/.espressif/tools/xtensa-esp-elf/esp-15.2.0_20251204/xtensa-esp-elf/lib/gcc]
  collapse library dir [/home/student/.espressif/tools/xtensa-esp-elf/esp-15.2.0_20251204/xtensa-esp-elf/bin/../lib/gcc/xtensa-esp-elf/15.2.0/../../../../xtensa-esp-elf/lib] ==> [/home/student/.espressif/tools/xtensa-esp-elf/esp-15.2.0_20251204/xtensa-esp-elf/xtensa-esp-elf/lib]
  collapse library dir [/home/student/.espressif/tools/xtensa-esp-elf/esp-15.2.0_20251204/xtensa-esp-elf/bin/../xtensa-esp-elf/lib] ==> [/home/student/.espressif/tools/xtensa-esp-elf/esp-15.2.0_20251204/xtensa-esp-elf/xtensa-esp-elf/lib]
  collapse library dir [/home/student/.espressif/tools/xtensa-esp-elf/esp-15.2.0_20251204/xtensa-esp-elf/bin/../xtensa-esp-elf/usr/lib] ==> [/home/student/.espressif/tools/xtensa-esp-elf/esp-15.2.0_20251204/xtensa-esp-elf/xtensa-esp-elf/usr/lib]
  implicit libs: [gcc;gcc;c;gcc]
  implicit objs: []
  implicit dirs: [/home/student/.espressif/tools/xtensa-esp-elf/esp-15.2.0_20251204/xtensa-esp-elf/picolibc/xtensa-esp-elf/lib/esp32/no-rtti;/home/student/.espressif/tools/xtensa-esp-elf/esp-15.2.0_20251204/xtensa-esp-elf/picolibc/xtensa-esp-elf/lib;/home/student/.espressif/tools/xtensa-esp-elf/esp-15.2.0_20251204/xtensa-esp-elf/picolibc/lib/gcc/xtensa-esp-elf/15.2.0/esp32/no-rtti;/home/student/.espressif/tools/xtensa-esp-elf/esp-15.2.0_20251204/xtensa-esp-elf/picolibc/lib/gcc/xtensa-esp-elf/15.2.0;/home/student/.espressif/tools/xtensa-esp-elf/esp-15.2.0_20251204/xtensa-esp-elf/lib/gcc/xtensa-esp-elf/15.2.0/esp32/no-rtti;/home/student/.espressif/tools/xtensa-esp-elf/esp-15.2.0_20251204/xtensa-esp-elf/xtensa-esp-elf/lib/esp32/no-rtti;/home/student/.espressif/tools/xtensa-esp-elf/esp-15.2.0_20251204/xtensa-esp-elf/lib/gcc/xtensa-esp-elf/15.2.0;/home/student/.espressif/tools/xtensa-esp-elf/esp-15.2.0_20251204/xtensa-esp-elf/lib/gcc;/home/student/.espressif/tools/xtensa-esp-elf/esp-15.2.0_20251204/xtensa-esp-elf/xtensa-esp-elf/lib;/home/student/.espressif/tools/xtensa-esp-elf/esp-15.2.0_20251204/xtensa-esp-elf/xtensa-esp-elf/usr/lib]
  implicit fwks: []


Detecting C compiler ABI info compiled with the following output:
Change Dir: /home/student/Desktop/ProjekatDisplej/DisplayAudi/build/CMakeFiles/CMakeTmp

Run Build Command(s):/usr/bin/ninja cmTC_f1fcf && [1/2] Building C object CMakeFiles/cmTC_f1fcf.dir/CMakeCCompilerABI.c.obj
Using built-in specs.
Reading specs from /home/student/Desktop/ProjekatDisplej/DisplayAudi/build/specs/picolibc.specs
rename spec link to picolibc_link
rename spec link_libgcc to picolibc_link_libgcc
rename spec cpp to picolibc_cpp
rename spec cc1 to picolibc_cc1
rename spec cc1plus to picolibc_cc1plus
COLLECT_GCC=/home/student/.espressif/tools/xtensa-esp-elf/esp-15.2.0_20251204/xtensa-esp-elf/bin/xtensa-esp-elf-gcc
Target: xtensa-esp-elf
Configured with: /builds/idf/crosstool-NG/.build/xtensa-esp-elf/src/gcc/configure --build=x86_64-build_pc-linux-gnu --host=x86_64-build_pc-linux-gnu --target=xtensa-esp-elf --prefix=/builds/idf/crosstool-NG/builds/xtensa-esp-elf --exec_prefix=/builds/idf/crosstool-NG/builds/xtensa-esp-elf --with-local-prefix=/builds/idf/crosstool-NG/builds/xtensa-esp-elf/xtensa-esp-elf --with-sysroot=/builds/idf/crosstool-NG/builds/xtensa-esp-elf/xtensa-esp-elf --with-native-system-header-dir=/include --with-headers=/builds/idf/crosstool-NG/builds/xtensa-esp-elf/xtensa-esp-elf/include --with-newlib --enable-threads=no --disable-shared --with-pkgversion='crosstool-NG esp-15.2.0_20251204' --disable-__cxa_atexit --enable-cxx-flags='-ffunction-sections -fdata-sections' --disable-libgomp --disable-libmudflap --disable-libmpx --disable-libssp --disable-libquadmath --disable-libquadmath-support --disable-libstdcxx-verbose --with-gmp=/builds/idf/crosstool-NG/.build/xtensa-esp-elf/buildtools --with-mpfr=/builds/idf/crosstool-NG/.build/xtensa-esp-elf/buildtools --with-mpc=/builds/idf/crosstool-NG/.build/xtensa-esp-elf/buildtools --with-isl=/builds/idf/crosstool-NG/.build/xtensa-esp-elf/buildtools --enable-lto --enable-target-optspace --without-long-double-128 --enable-plugin --disable-nls --enable-multiarch --enable-languages=c,c++ --disable-libstdcxx-verbose --enable-threads=posix --enable-libstdcxx-time=yes --disable-win32-utf8-manifest
Thread model: posix
Supported LTO compression algorithms: zlib zstd
gcc version 15.2.0 (crosstool-NG esp-15.2.0_20251204) 
COLLECT_GCC_OPTIONS='-mdynconfig=xtensa_esp32.so' '-Wno-frame-address' '-mlongcalls' '-fno-builtin-memcpy' '-fno-builtin-memset' '-fno-builtin-bzero' '-specs=/home/student/Desktop/ProjekatDisplej/DisplayAudi/build/specs/picolibc.specs' '-v' '-o' 'CMakeFiles/cmTC_f1fcf.dir/CMakeCCompilerABI.c.obj' '-c' '-dumpdir' 'CMakeFiles/cmTC_f1fcf.dir/'
 /home/student/.espressif/tools/xtensa-esp-elf/esp-15.2.0_20251204/xtensa-esp-elf/bin/../libexec/gcc/xtensa-esp-elf/15.2.0/cc1 -quiet -v -imultilib esp32 -iprefix /home/student/.espressif/tools/xtensa-esp-elf/esp-15.2.0_20251204/xtensa-esp-elf/bin/../lib/gcc/xtensa-esp-elf/15.2.0/ -isysroot /home/student/.espressif/tools/xtensa-esp-elf/esp-15.2.0_20251204/xtensa-esp-elf/bin/../xtensa-esp-elf -isystem /home/student/.espressif/tools/xtensa-esp-elf/esp-15.2.0_20251204/xtensa-esp-elf/bin/../xtensa-esp-elf/../picolibc/include -isystem /home/student/.espressif/tools/xtensa-esp-elf/esp-15.2.0_20251204/xtensa-esp-elf/bin/../xtensa-esp-elf/../picolibc/include/../xtensa-esp-elf/include/c++/15.2.0/xtensa-esp-elf/esp32 /usr/share/cmake-3.22/Modules/CMakeCCompilerABI.c -ftls-model=local-exec -quiet -dumpdir CMakeFiles/cmTC_f1fcf.dir/ -dumpbase CMakeCCompilerABI.c.c -dumpbase-ext .c -mdynconfig=xtensa_esp32.so -mlongcalls -Wno-frame-address -version -fno-builtin-memcpy -fno-builtin-memset -fno-builtin-bzero -o /tmp/ccVylKyy.s
GNU C23 (crosstool-NG esp-15.2.0_20251204) version 15.2.0 (xtensa-esp-elf)
	compiled by GNU C version 6.3.0, GMP version 6.3.0, MPFR version 4.2.1, MPC version 1.3.1, isl version isl-0.26-GMP

GGC heuristics: --param ggc-min-expand=100 --param ggc-min-heapsize=131072
ignoring duplicate directory "/home/student/.espressif/tools/xtensa-esp-elf/esp-15.2.0_20251204/xtensa-esp-elf/bin/../lib/gcc/../../lib/gcc/xtensa-esp-elf/15.2.0/include"
ignoring nonexistent directory "/home/student/.espressif/tools/xtensa-esp-elf/esp-15.2.0_20251204/xtensa-esp-elf/bin/../xtensa-esp-elf/builds/idf/crosstool-NG/builds/xtensa-esp-elf/xtensa-esp-elf/include"
ignoring duplicate directory "/home/student/.espressif/tools/xtensa-esp-elf/esp-15.2.0_20251204/xtensa-esp-elf/bin/../lib/gcc/../../lib/gcc/xtensa-esp-elf/15.2.0/include-fixed"
ignoring duplicate directory "/home/student/.espressif/tools/xtensa-esp-elf/esp-15.2.0_20251204/xtensa-esp-elf/bin/../lib/gcc/../../lib/gcc/xtensa-esp-elf/15.2.0/../../../../xtensa-esp-elf/include"
ignoring duplicate directory "/home/student/.espressif/tools/xtensa-esp-elf/esp-15.2.0_20251204/xtensa-esp-elf/bin/../xtensa-esp-elf/include"
#include "..." search starts here:
#include <...> search starts here:
 /home/student/.espressif/tools/xtensa-esp-elf/esp-15.2.0_20251204/xtensa-esp-elf/bin/../xtensa-esp-elf/../picolibc/include
 /home/student/.espressif/tools/xtensa-esp-elf/esp-15.2.0_20251204/xtensa-esp-elf/bin/../xtensa-esp-elf/../picolibc/include/../xtensa-esp-elf/include/c++/15.2.0/xtensa-esp-elf/esp32
 /home/student/.espressif/tools/xtensa-esp-elf/esp-15.2.0_20251204/xtensa-esp-elf/bin/../lib/gcc/xtensa-esp-elf/15.2.0/include
 /home/student/.espressif/tools/xtensa-esp-elf/esp-15.2.0_20251204/xtensa-esp-elf/bin/../lib/gcc/xtensa-esp-elf/15.2.0/include-fixed
 /home/student/.espressif/tools/xtensa-esp-elf/esp-15.2.0_20251204/xtensa-esp-elf/bin/../lib/gcc/xtensa-esp-elf/15.2.0/../../../../xtensa-esp-elf/include
End of search list.
Compiler executable checksum: 023236c824ceaa5629805e8d1b1d2049
COLLECT_GCC_OPTIONS='-mdynconfig=xtensa_esp32.so' '-Wno-frame-address' '-mlongcalls' '-fno-builtin-memcpy' '-fno-builtin-memset' '-fno-builtin-bzero' '-specs=/home/student/Desktop/ProjekatDisplej/DisplayAudi/build/specs/picolibc.specs' '-v' '-o' 'CMakeFiles/cmTC_f1fcf.dir/CMakeCCompilerABI.c.obj' '-c' '-dumpdir' 'CMakeFiles/cmTC_f1fcf.dir/'
 /home/student/.espressif/tools/xtensa-esp-elf/esp-15.2.0_20251204/xtensa-esp-elf/bin/../lib/gcc/xtensa-esp-elf/15.2.0/../../../../xtensa-esp-elf/bin/as --traditional-format --longcalls --dynconfig=xtensa_esp32.so -o CMakeFiles/cmTC_f1fcf.dir/CMakeCCompilerABI.c.obj /tmp/ccVylKyy.s
COMPILER_PATH=/home/student/.espressif/tools/xtensa-esp-elf/esp-15.2.0_20251204/xtensa-esp-elf/bin/../libexec/gcc/xtensa-esp-elf/15.2.0/:/home/student/.espressif/tools/xtensa-esp-elf/esp-15.2.0_20251204/xtensa-esp-elf/bin/../libexec/gcc/:/home/student/.espressif/tools/xtensa-esp-elf/esp-15.2.0_20251204/xtensa-esp-elf/bin/../lib/gcc/xtensa-esp-elf/15.2.0/../../../../xtensa-esp-elf/bin/
LIBRARY_PATH=/home/student/.espressif/tools/xtensa-esp-elf/esp-15.2.0_20251204/xtensa-esp-elf/bin/../lib/gcc/xtensa-esp-elf/15.2.0/esp32/:/home/student/.espressif/tools/xtensa-esp-elf/esp-15.2.0_20251204/xtensa-esp-elf/bin/../lib/gcc/xtensa-esp-elf/15.2.0/../../../../xtensa-esp-elf/lib/esp32/:/home/student/.espressif/tools/xtensa-esp-elf/esp-15.2.0_20251204/xtensa-esp-elf/bin/../xtensa-esp-elf/lib/esp32/:/home/student/.espressif/tools/xtensa-esp-elf/esp-15.2.0_20251204/xtensa-esp-elf/bin/../lib/gcc/xtensa-esp-elf/15.2.0/:/home/student/.espressif/tools/xtensa-esp-elf/esp-15.2.0_20251204/xtensa-esp-elf/bin/../lib/gcc/:/home/student/.espressif/tools/xtensa-esp-elf/esp-15.2.0_20251204/xtensa-esp-elf/bin/../lib/gcc/xtensa-esp-elf/15.2.0/../../../../xtensa-esp-elf/lib/:/home/student/.espressif/tools/xtensa-esp-elf/esp-15.2.0_20251204/xtensa-esp-elf/bin/../xtensa-esp-elf/lib/:/home/student/.espressif/tools/xtensa-esp-elf/esp-15.2.0_20251204/xtensa-esp-elf/bin/../xtensa-esp-elf/usr/lib/
COLLECT_GCC_OPTIONS='-mdynconfig=xtensa_esp32.so' '-Wno-frame-address' '-mlongcalls' '-fno-builtin-memcpy' '-fno-builtin-memset' '-fno-builtin-bzero' '-specs=/home/student/Desktop/ProjekatDisplej/DisplayAudi/build/specs/picolibc.specs' '-v' '-o' 'CMakeFiles/cmTC_f1fcf.dir/CMakeCCompilerABI.c.obj' '-c' '-dumpdir' 'CMakeFiles/cmTC_f1fcf.dir/CMakeCCompilerABI.c.'
[2/2] Linking C executable cmTC_f1fcf
Using built-in specs.
Reading specs from /home/student/Desktop/ProjekatDisplej/DisplayAudi/build/specs/picolibc.specs
rename spec link to picolibc_link
rename spec link_libgcc to picolibc_link_libgcc
rename spec cpp to picolibc_cpp
rename spec cc1 to picolibc_cc1
rename spec cc1plus to picolibc_cc1plus
COLLECT_GCC=/home/student/.espressif/tools/xtensa-esp-elf/esp-15.2.0_20251204/xtensa-esp-elf/bin/xtensa-esp-elf-gcc
COLLECT_LTO_WRAPPER=/home/student/.espressif/tools/xtensa-esp-elf/esp-15.2.0_20251204/xtensa-esp-elf/bin/../libexec/gcc/xtensa-esp-elf/15.2.0/lto-wrapper
Target: xtensa-esp-elf
Configured with: /builds/idf/crosstool-NG/.build/xtensa-esp-elf/src/gcc/configure --build=x86_64-build_pc-linux-gnu --host=x86_64-build_pc-linux-gnu --target=xtensa-esp-elf --prefix=/builds/idf/crosstool-NG/builds/xtensa-esp-elf --exec_prefix=/builds/idf/crosstool-NG/builds/xtensa-esp-elf --with-local-prefix=/builds/idf/crosstool-NG/builds/xtensa-esp-elf/xtensa-esp-elf --with-sysroot=/builds/idf/crosstool-NG/builds/xtensa-esp-elf/xtensa-esp-elf --with-native-system-header-dir=/include --with-headers=/builds/idf/crosstool-NG/builds/xtensa-esp-elf/xtensa-esp-elf/include --with-newlib --enable-threads=no --disable-shared --with-pkgversion='crosstool-NG esp-15.2.0_20251204' --disable-__cxa_atexit --enable-cxx-flags='-ffunction-sections -fdata-sections' --disable-libgomp --disable-libmudflap --disable-libmpx --disable-libssp --disable-libquadmath --disable-libquadmath-support --disable-libstdcxx-verbose --with-gmp=/builds/idf/crosstool-NG/.build/xtensa-esp-elf/buildtools --with-mpfr=/builds/idf/crosstool-NG/.build/xtensa-esp-elf/buildtools --with-mpc=/builds/idf/crosstool-NG/.build/xtensa-esp-elf/buildtools --with-isl=/builds/idf/crosstool-NG/.build/xtensa-esp-elf/buildtools --enable-lto --enable-target-optspace --without-long-double-128 --enable-plugin --disable-nls --enable-multiarch --enable-languages=c,c++ --disable-libstdcxx-verbose --enable-threads=posix --enable-libstdcxx-time=yes --disable-win32-utf8-manifest
Thread model: posix
Supported LTO compression algorithms: zlib zstd
gcc version 15.2.0 (crosstool-NG esp-15.2.0_20251204) 
COMPILER_PATH=/home/student/.espressif/tools/xtensa-esp-elf/esp-15.2.0_20251204/xtensa-esp-elf/bin/../libexec/gcc/xtensa-esp-elf/15.2.0/:/home/student/.espressif/tools/xtensa-esp-elf/esp-15.2.0_20251204/xtensa-esp-elf/bin/../libexec/gcc/:/home/student/.espressif/tools/xtensa-esp-elf/esp-15.2.0_20251204/xtensa-esp-elf/bin/../lib/gcc/xtensa-esp-elf/15.2.0/../../../../xtensa-esp-elf/bin/
LIBRARY_PATH=/home/student/.espressif/tools/xtensa-esp-elf/esp-15.2.0_20251204/xtensa-esp-elf/bin/../lib/gcc/xtensa-esp-elf/15.2.0/esp32/no-rtti/:/home/student/.espressif/tools/xtensa-esp-elf/esp-15.2.0_20251204/xtensa-esp-elf/bin/../lib/gcc/xtensa-esp-elf/15.2.0/../../../../xtensa-esp-elf/lib/esp32/no-rtti/:/home/student/.espressif/tools/xtensa-esp-elf/esp-15.2.0_20251204/xtensa-esp-elf/bin/../xtensa-esp-elf/lib/esp32/no-rtti/:/home/student/.espressif/tools/xtensa-esp-elf/esp-15.2.0_20251204/xtensa-esp-elf/bin/../lib/gcc/xtensa-esp-elf/15.2.0/:/home/student/.espressif/tools/xtensa-esp-elf/esp-15.2.0_20251204/xtensa-esp-elf/bin/../lib/gcc/:/home/student/.espressif/tools/xtensa-esp-elf/esp-15.2.0_20251204/xtensa-esp-elf/bin/../lib/gcc/xtensa-esp-elf/15.2.0/../../../../xtensa-esp-elf/lib/:/home/student/.espressif/tools/xtensa-esp-elf/esp-15.2.0_20251204/xtensa-esp-elf/bin/../xtensa-esp-elf/lib/:/home/student/.espressif/tools/xtensa-esp-elf/esp-15.2.0_20251204/xtensa-esp-elf/bin/../xtensa-esp-elf/usr/lib/
COLLECT_GCC_OPTIONS='-mdynconfig=xtensa_esp32.so' '-Wno-frame-address' '-mlongcalls' '-fno-builtin-memcpy' '-fno-builtin-memset' '-fno-builtin-bzero' '-specs=/home/student/Desktop/ProjekatDisplej/DisplayAudi/build/specs/picolibc.specs' '-nostartfiles' '-fno-rtti' '-v' '-o' 'cmTC_f1fcf' '-dumpdir' 'cmTC_f1fcf.'
 /home/student/.espressif/tools/xtensa-esp-elf/esp-15.2.0_20251204/xtensa-esp-elf/bin/../libexec/gcc/xtensa-esp-elf/15.2.0/collect2 -plugin /home/student/.espressif/tools/xtensa-esp-elf/esp-15.2.0_20251204/xtensa-esp-elf/bin/../libexec/gcc/xtensa-esp-elf/15.2.0/liblto_plugin.so -plugin-opt=/home/student/.espressif/tools/xtensa-esp-elf/esp-15.2.0_20251204/xtensa-esp-elf/bin/../libexec/gcc/xtensa-esp-elf/15.2.0/lto-wrapper -plugin-opt=-fresolution=/tmp/ccT5A7nQ.res -plugin-opt=-pass-through=-lgcc -plugin-opt=-pass-through=-lgcc -plugin-opt=-pass-through=-lc -plugin-opt=-pass-through=-lgcc -L/home/student/.espressif/tools/xtensa-esp-elf/esp-15.2.0_20251204/xtensa-esp-elf/bin/../xtensa-esp-elf/../picolibc/xtensa-esp-elf/lib/esp32/no-rtti -L/home/student/.espressif/tools/xtensa-esp-elf/esp-15.2.0_20251204/xtensa-esp-elf/bin/../xtensa-esp-elf/../picolibc/xtensa-esp-elf/lib -Tpicolibc.ld --sysroot=/home/student/.espressif/tools/xtensa-esp-elf/esp-15.2.0_20251204/xtensa-esp-elf/bin/../xtensa-esp-elf --dynconfig=xtensa_esp32.so -o cmTC_f1fcf -L/home/student/.espressif/tools/xtensa-esp-elf/esp-15.2.0_20251204/xtensa-esp-elf/bin/../xtensa-esp-elf/../picolibc/lib/gcc/xtensa-esp-elf/15.2.0/esp32/no-rtti -L/home/student/.espressif/tools/xtensa-esp-elf/esp-15.2.0_20251204/xtensa-esp-elf/bin/../xtensa-esp-elf/../picolibc/lib/gcc/xtensa-esp-elf/15.2.0 -L/home/student/.espressif/tools/xtensa-esp-elf/esp-15.2.0_20251204/xtensa-esp-elf/bin/../lib/gcc/xtensa-esp-elf/15.2.0/esp32/no-rtti -L/home/student/.espressif/tools/xtensa-esp-elf/esp-15.2.0_20251204/xtensa-esp-elf/bin/../lib/gcc/xtensa-esp-elf/15.2.0/../../../../xtensa-esp-elf/lib/esp32/no-rtti -L/home/student/.espressif/tools/xtensa-esp-elf/esp-15.2.0_20251204/xtensa-esp-elf/bin/../xtensa-esp-elf/lib/esp32/no-rtti -L/home/student/.espressif/tools/xtensa-esp-elf/esp-15.2.0_20251204/xtensa-esp-elf/bin/../lib/gcc/xtensa-esp-elf/15.2.0 -L/home/student/.espressif/tools/xtensa-esp-elf/esp-15.2.0_20251204/xtensa-esp-elf/bin/../lib/gcc -L/home/student/.espressif/tools/xtensa-esp-elf/esp-15.2.0_20251204/xtensa-esp-elf/bin/../lib/gcc/xtensa-esp-elf/15.2.0/../../../../xtensa-esp-elf/lib -L/home/student/.espressif/tools/xtensa-esp-elf/esp-15.2.0_20251204/xtensa-esp-elf/bin/../xtensa-esp-elf/lib -L/home/student/.espressif/tools/xtensa-esp-elf/esp-15.2.0_20251204/xtensa-esp-elf/bin/../xtensa-esp-elf/usr/lib @/tmp/ccNCaTtn -lgcc --start-group -lgcc -lc --end-group -lgcc
/home/student/.espressif/tools/xtensa-esp-elf/esp-15.2.0_20251204/xtensa-esp-elf/bin/../lib/gcc/xtensa-esp-elf/15.2.0/../../../../xtensa-esp-elf/bin/ld: warning: cannot find entry symbol _start; defaulting to 10000000
COLLECT_GCC_OPTIONS='-mdynconfig=xtensa_esp32.so' '-Wno-frame-address' '-mlongcalls' '-fno-builtin-memcpy' '-fno-builtin-memset' '-fno-builtin-bzero' '-specs=/home/student/Desktop/ProjekatDisplej/DisplayAudi/build/specs/picolibc.specs' '-nostartfiles' '-fno-rtti' '-v' '-o' 'cmTC_f1fcf' '-dumpdir' 'cmTC_f1fcf.'



Parsed C implicit include dir info from above output: rv=done
  found start of include info
  found start of implicit include info
    add: [/home/student/.espressif/tools/xtensa-esp-elf/esp-15.2.0_20251204/xtensa-esp-elf/bin/../xtensa-esp-elf/../picolibc/include]
    add: [/home/student/.espressif/tools/xtensa-esp-elf/esp-15.2.0_20251204/xtensa-esp-elf/bin/../xtensa-esp-elf/../picolibc/include/../xtensa-esp-elf/include/c++/15.2.0/xtensa-esp-elf/esp32]
    add: [/home/student/.espressif/tools/xtensa-esp-elf/esp-15.2.0_20251204/xtensa-esp-elf/bin/../lib/gcc/xtensa-esp-elf/15.2.0/include]
    add: [/home/student/.espressif/tools/xtensa-esp-elf/esp-15.2.0_20251204/xtensa-esp-elf/bin/../lib/gcc/xtensa-esp-elf/15.2.0/include-fixed]
    add: [/home/student/.espressif/tools/xtensa-esp-elf/esp-15.2.0_20251204/xtensa-esp-elf/bin/../lib/gcc/xtensa-esp-elf/15.2.0/../../../../xtensa-esp-elf/include]
  end of search list found
  collapse include dir [/home/student/.espressif/tools/xtensa-esp-elf/esp-15.2.0_20251204/xtensa-esp-elf/bin/../xtensa-esp-elf/../picolibc/include] ==> [/home/student/.espressif/tools/xtensa-esp-elf/esp-15.2.0_20251204/xtensa-esp-elf/picolibc/include]
  collapse include dir [/home/student/.espressif/tools/xtensa-esp-elf/esp-15.2.0_20251204/xtensa-esp-elf/bin/../xtensa-esp-elf/../picolibc/include/../xtensa-esp-elf/include/c++/15.2.0/xtensa-esp-elf/esp32] ==> [/home/student/.espressif/tools/xtensa-esp-elf/esp-15.2.0_20251204/xtensa-esp-elf/picolibc/xtensa-esp-elf/include/c++/15.2.0/xtensa-esp-elf/esp32]
  collapse include dir [/home/student/.espressif/tools/xtensa-esp-elf/esp-15.2.0_20251204/xtensa-esp-elf/bin/../lib/gcc/xtensa-esp-elf/15.2.0/include] ==> [/home/student/.espressif/tools/xtensa-esp-elf/esp-15.2.0_20251204/xtensa-esp-elf/lib/gcc/xtensa-esp-elf/15.2.0/include]
  collapse include dir [/home/student/.espressif/tools/xtensa-esp-elf/esp-15.2.0_20251204/xtensa-esp-elf/bin/../lib/gcc/xtensa-esp-elf/15.2.0/include-fixed] ==> [/home/student/.espressif/tools/xtensa-esp-elf/esp-15.2.0_20251204/xtensa-esp-elf/lib/gcc/xtensa-esp-elf/15.2.0/include-fixed]
  collapse include dir [/home/student/.espressif/tools/xtensa-esp-elf/esp-15.2.0_20251204/xtensa-esp-elf/bin/../lib/gcc/xtensa-esp-elf/15.2.0/../../../../xtensa-esp-elf/include] ==> [/home/student/.espressif/tools/xtensa-esp-elf/esp-15.2.0_20251204/xtensa-esp-elf/xtensa-esp-elf/include]
  implicit include dirs: [/home/student/.espressif/tools/xtensa-esp-elf/esp-15.2.0_20251204/xtensa-esp-elf/picolibc/include;/home/student/.espressif/tools/xtensa-esp-elf/esp-15.2.0_20251204/xtensa-esp-elf/picolibc/xtensa-esp-elf/include/c++/15.2.0/xtensa-esp-elf/esp32;/home/student/.espressif/tools/xtensa-esp-elf/esp-15.2.0_20251204/xtensa-esp-elf/lib/gcc/xtensa-esp-elf/15.2.0/include;/home/student/.espressif/tools/xtensa-esp-elf/esp-15.2.0_20251204/xtensa-esp-elf/lib/gcc/xtensa-esp-elf/15.2.0/include-fixed;/home/student/.espressif/tools/xtensa-esp-elf/esp-15.2.0_20251204/xtensa-esp-elf/xtensa-esp-elf/include]


Parsed C implicit link information from above output:
  link line regex: [^( *|.*[/\])(xtensa-esp32-elf-ld|CMAKE_LINK_STARTFILE-NOTFOUND|([^/\]+-)?ld|collect2)[^/\]*( |$)]
  ignore line: [Change Dir: /home/student/Desktop/ProjekatDisplej/DisplayAudi/build/CMakeFiles/CMakeTmp]
  ignore line: []
  ignore line: [Run Build Command(s):/usr/bin/ninja cmTC_f1fcf && [1/2] Building C object CMakeFiles/cmTC_f1fcf.dir/CMakeCCompilerABI.c.obj]
  ignore line: [Using built-in specs.]
  ignore line: [Reading specs from /home/student/Desktop/ProjekatDisplej/DisplayAudi/build/specs/picolibc.specs]
  ignore line: [rename spec link to picolibc_link]
  ignore line: [rename spec link_libgcc to picolibc_link_libgcc]
  ignore line: [rename spec cpp to picolibc_cpp]
  ignore line: [rename spec cc1 to picolibc_cc1]
  ignore line: [rename spec cc1plus to picolibc_cc1plus]
  ignore line: [COLLECT_GCC=/home/student/.espressif/tools/xtensa-esp-elf/esp-15.2.0_20251204/xtensa-esp-elf/bin/xtensa-esp-elf-gcc]
  ignore line: [Target: xtensa-esp-elf]
  ignore line: [Configured with: /builds/idf/crosstool-NG/.build/xtensa-esp-elf/src/gcc/configure --build=x86_64-build_pc-linux-gnu --host=x86_64-build_pc-linux-gnu --target=xtensa-esp-elf --prefix=/builds/idf/crosstool-NG/builds/xtensa-esp-elf --exec_prefix=/builds/idf/crosstool-NG/builds/xtensa-esp-elf --with-local-prefix=/builds/idf/crosstool-NG/builds/xtensa-esp-elf/xtensa-esp-elf --with-sysroot=/builds/idf/crosstool-NG/builds/xtensa-esp-elf/xtensa-esp-elf --with-native-system-header-dir=/include --with-headers=/builds/idf/crosstool-NG/builds/xtensa-esp-elf/xtensa-esp-elf/include --with-newlib --enable-threads=no --disable-shared --with-pkgversion='crosstool-NG esp-15.2.0_20251204' --disable-__cxa_atexit --enable-cxx-flags='-ffunction-sections -fdata-sections' --disable-libgomp --disable-libmudflap --disable-libmpx --disable-libssp --disable-libquadmath --disable-libquadmath-support --disable-libstdcxx-verbose --with-gmp=/builds/idf/crosstool-NG/.build/xtensa-esp-elf/buildtools --with-mpfr=/builds/idf/crosstool-NG/.build/xtensa-esp-elf/buildtools --with-mpc=/builds/idf/crosstool-NG/.build/xtensa-esp-elf/buildtools --with-isl=/builds/idf/crosstool-NG/.build/xtensa-esp-elf/buildtools --enable-lto --enable-target-optspace --without-long-double-128 --enable-plugin --disable-nls --enable-multiarch --enable-languages=c c++ --disable-libstdcxx-verbose --enable-threads=posix --enable-libstdcxx-time=yes --disable-win32-utf8-manifest]
  ignore line: [Thread model: posix]
  ignore line: [Supported LTO compression algorithms: zlib zstd]
  ignore line: [gcc version 15.2.0 (crosstool-NG esp-15.2.0_20251204) ]
  ignore line: [COLLECT_GCC_OPTIONS='-mdynconfig=xtensa_esp32.so' '-Wno-frame-address' '-mlongcalls' '-fno-builtin-memcpy' '-fno-builtin-memset' '-fno-builtin-bzero' '-specs=/home/student/Desktop/ProjekatDisplej/DisplayAudi/build/specs/picolibc.specs' '-v' '-o' 'CMakeFiles/cmTC_f1fcf.dir/CMakeCCompilerABI.c.obj' '-c' '-dumpdir' 'CMakeFiles/cmTC_f1fcf.dir/']
  ignore line: [ /home/student/.espressif/tools/xtensa-esp-elf/esp-15.2.0_20251204/xtensa-esp-elf/bin/../libexec/gcc/xtensa-esp-elf/15.2.0/cc1 -quiet -v -imultilib esp32 -iprefix /home/student/.espressif/tools/xtensa-esp-elf/esp-15.2.0_20251204/xtensa-esp-elf/bin/../lib/gcc/xtensa-esp-elf/15.2.0/ -isysroot /home/student/.espressif/tools/xtensa-esp-elf/esp-15.2.0_20251204/xtensa-esp-elf/bin/../xtensa-esp-elf -isystem /home/student/.espressif/tools/xtensa-esp-elf/esp-15.2.0_20251204/xtensa-esp-elf/bin/../xtensa-esp-elf/../picolibc/include -isystem /home/student/.espressif/tools/xtensa-esp-elf/esp-15.2.0_20251204/xtensa-esp-elf/bin/../xtensa-esp-elf/../picolibc/include/../xtensa-esp-elf/include/c++/15.2.0/xtensa-esp-elf/esp32 /usr/share/cmake-3.22/Modules/CMakeCCompilerABI.c -ftls-model=local-exec -quiet -dumpdir CMakeFiles/cmTC_f1fcf.dir/ -dumpbase CMakeCCompilerABI.c.c -dumpbase-ext .c -mdynconfig=xtensa_esp32.so -mlongcalls -Wno-frame-address -version -fno-builtin-memcpy -fno-builtin-memset -fno-builtin-bzero -o /tmp/ccVylKyy.s]
  ignore line: [GNU C23 (crosstool-NG esp-15.2.0_20251204) version 15.2.0 (xtensa-esp-elf)]
  ignore line: [	compiled by GNU C version 6.3.0  GMP version 6.3.0  MPFR version 4.2.1  MPC version 1.3.1  isl version isl-0.26-GMP]
  ignore line: []
  ignore line: [GGC heuristics: --param ggc-min-expand=100 --param ggc-min-heapsize=131072]
  ignore line: [ignoring duplicate directory "/home/student/.espressif/tools/xtensa-esp-elf/esp-15.2.0_20251204/xtensa-esp-elf/bin/../lib/gcc/../../lib/gcc/xtensa-esp-elf/15.2.0/include"]
  ignore line: [ignoring nonexistent directory "/home/student/.espressif/tools/xtensa-esp-elf/esp-15.2.0_20251204/xtensa-esp-elf/bin/../xtensa-esp-elf/builds/idf/crosstool-NG/builds/xtensa-esp-elf/xtensa-esp-elf/include"]
  ignore line: [ignoring duplicate directory "/home/student/.espressif/tools/xtensa-esp-elf/esp-15.2.0_20251204/xtensa-esp-elf/bin/../lib/gcc/../../lib/gcc/xtensa-esp-elf/15.2.0/include-fixed"]
  ignore line: [ignoring duplicate directory "/home/student/.espressif/tools/xtensa-esp-elf/esp-15.2.0_20251204/xtensa-esp-elf/bin/../lib/gcc/../../lib/gcc/xtensa-esp-elf/15.2.0/../../../../xtensa-esp-elf/include"]
  ignore line: [ignoring duplicate directory "/home/student/.espressif/tools/xtensa-esp-elf/esp-15.2.0_20251204/xtensa-esp-elf/bin/../xtensa-esp-elf/include"]
  ignore line: [#include "..." search starts here:]
  ignore line: [#include <...> search starts here:]
  ignore line: [ /home/student/.espressif/tools/xtensa-esp-elf/esp-15.2.0_20251204/xtensa-esp-elf/bin/../xtensa-esp-elf/../picolibc/include]
  ignore line: [ /home/student/.espressif/tools/xtensa-esp-elf/esp-15.2.0_20251204/xtensa-esp-elf/bin/../xtensa-esp-elf/../picolibc/include/../xtensa-esp-elf/include/c++/15.2.0/xtensa-esp-elf/esp32]
  ignore line: [ /home/student/.espressif/tools/xtensa-esp-elf/esp-15.2.0_20251204/xtensa-esp-elf/bin/../lib/gcc/xtensa-esp-elf/15.2.0/include]
  ignore line: [ /home/student/.espressif/tools/xtensa-esp-elf/esp-15.2.0_20251204/xtensa-esp-elf/bin/../lib/gcc/xtensa-esp-elf/15.2.0/include-fixed]
  ignore line: [ /home/student/.espressif/tools/xtensa-esp-elf/esp-15.2.0_20251204/xtensa-esp-elf/bin/../lib/gcc/xtensa-esp-elf/15.2.0/../../../../xtensa-esp-elf/include]
  ignore line: [End of search list.]
  ignore line: [Compiler executable checksum: 023236c824ceaa5629805e8d1b1d2049]
  ignore line: [COLLECT_GCC_OPTIONS='-mdynconfig=xtensa_esp32.so' '-Wno-frame-address' '-mlongcalls' '-fno-builtin-memcpy' '-fno-builtin-memset' '-fno-builtin-bzero' '-specs=/home/student/Desktop/ProjekatDisplej/DisplayAudi/build/specs/picolibc.specs' '-v' '-o' 'CMakeFiles/cmTC_f1fcf.dir/CMakeCCompilerABI.c.obj' '-c' '-dumpdir' 'CMakeFiles/cmTC_f1fcf.dir/']
  ignore line: [ /home/student/.espressif/tools/xtensa-esp-elf/esp-15.2.0_20251204/xtensa-esp-elf/bin/../lib/gcc/xtensa-esp-elf/15.2.0/../../../../xtensa-esp-elf/bin/as --traditional-format --longcalls --dynconfig=xtensa_esp32.so -o CMakeFiles/cmTC_f1fcf.dir/CMakeCCompilerABI.c.obj /tmp/ccVylKyy.s]
  ignore line: [COMPILER_PATH=/home/student/.espressif/tools/xtensa-esp-elf/esp-15.2.0_20251204/xtensa-esp-elf/bin/../libexec/gcc/xtensa-esp-elf/15.2.0/:/home/student/.espressif/tools/xtensa-esp-elf/esp-15.2.0_20251204/xtensa-esp-elf/bin/../libexec/gcc/:/home/student/.espressif/tools/xtensa-esp-elf/esp-15.2.0_20251204/xtensa-esp-elf/bin/../lib/gcc/xtensa-esp-elf/15.2.0/../../../../xtensa-esp-elf/bin/]
  ignore line: [LIBRARY_PATH=/home/student/.espressif/tools/xtensa-esp-elf/esp-15.2.0_20251204/xtensa-esp-elf/bin/../lib/gcc/xtensa-esp-elf/15.2.0/esp32/:/home/student/.espressif/tools/xtensa-esp-elf/esp-15.2.0_20251204/xtensa-esp-elf/bin/../lib/gcc/xtensa-esp-elf/15.2.0/../../../../xtensa-esp-elf/lib/esp32/:/home/student/.espressif/tools/xtensa-esp-elf/esp-15.2.0_20251204/xtensa-esp-elf/bin/../xtensa-esp-elf/lib/esp32/:/home/student/.espressif/tools/xtensa-esp-elf/esp-15.2.0_20251204/xtensa-esp-elf/bin/../lib/gcc/xtensa-esp-elf/15.2.0/:/home/student/.espressif/tools/xtensa-esp-elf/esp-15.2.0_20251204/xtensa-esp-elf/bin/../lib/gcc/:/home/student/.espressif/tools/xtensa-esp-elf/esp-15.2.0_20251204/xtensa-esp-elf/bin/../lib/gcc/xtensa-esp-elf/15.2.0/../../../../xtensa-esp-elf/lib/:/home/student/.espressif/tools/xtensa-esp-elf/esp-15.2.0_20251204/xtensa-esp-elf/bin/../xtensa-esp-elf/lib/:/home/student/.espressif/tools/xtensa-esp-elf/esp-15.2.0_20251204/xtensa-esp-elf/bin/../xtensa-esp-elf/usr/lib/]
  ignore line: [COLLECT_GCC_OPTIONS='-mdynconfig=xtensa_esp32.so' '-Wno-frame-address' '-mlongcalls' '-fno-builtin-memcpy' '-fno-builtin-memset' '-fno-builtin-bzero' '-specs=/home/student/Desktop/ProjekatDisplej/DisplayAudi/build/specs/picolibc.specs' '-v' '-o' 'CMakeFiles/cmTC_f1fcf.dir/CMakeCCompilerABI.c.obj' '-c' '-dumpdir' 'CMakeFiles/cmTC_f1fcf.dir/CMakeCCompilerABI.c.']
  ignore line: [[2/2] Linking C executable cmTC_f1fcf]
  ignore line: [Using built-in specs.]
  ignore line: [Reading specs from /home/student/Desktop/ProjekatDisplej/DisplayAudi/build/specs/picolibc.specs]
  ignore line: [rename spec link to picolibc_link]
  ignore line: [rename spec link_libgcc to picolibc_link_libgcc]
  ignore line: [rename spec cpp to picolibc_cpp]
  ignore line: [rename spec cc1 to picolibc_cc1]
  ignore line: [rename spec cc1plus to picolibc_cc1plus]
  ignore line: [COLLECT_GCC=/home/student/.espressif/tools/xtensa-esp-elf/esp-15.2.0_20251204/xtensa-esp-elf/bin/xtensa-esp-elf-gcc]
  ignore line: [COLLECT_LTO_WRAPPER=/home/student/.espressif/tools/xtensa-esp-elf/esp-15.2.0_20251204/xtensa-esp-elf/bin/../libexec/gcc/xtensa-esp-elf/15.2.0/lto-wrapper]
  ignore line: [Target: xtensa-esp-elf]
  ignore line: [Configured with: /builds/idf/crosstool-NG/.build/xtensa-esp-elf/src/gcc/configure --build=x86_64-build_pc-linux-gnu --host=x86_64-build_pc-linux-gnu --target=xtensa-esp-elf --prefix=/builds/idf/crosstool-NG/builds/xtensa-esp-elf --exec_prefix=/builds/idf/crosstool-NG/builds/xtensa-esp-elf --with-local-prefix=/builds/idf/crosstool-NG/builds/xtensa-esp-elf/xtensa-esp-elf --with-sysroot=/builds/idf/crosstool-NG/builds/xtensa-esp-elf/xtensa-esp-elf --with-native-system-header-dir=/include --with-headers=/builds/idf/crosstool-NG/builds/xtensa-esp-elf/xtensa-esp-elf/include --with-newlib --enable-threads=no --disable-shared --with-pkgversion='crosstool-NG esp-15.2.0_20251204' --disable-__cxa_atexit --enable-cxx-flags='-ffunction-sections -fdata-sections' --disable-libgomp --disable-libmudflap --disable-libmpx --disable-libssp --disable-libquadmath --disable-libquadmath-support --disable-libstdcxx-verbose --with-gmp=/builds/idf/crosstool-NG/.build/xtensa-esp-elf/buildtools --with-mpfr=/builds/idf/crosstool-NG/.build/xtensa-esp-elf/buildtools --with-mpc=/builds/idf/crosstool-NG/.build/xtensa-esp-elf/buildtools --with-isl=/builds/idf/crosstool-NG/.build/xtensa-esp-elf/buildtools --enable-lto --enable-target-optspace --without-long-double-128 --enable-plugin --disable-nls --enable-multiarch --enable-languages=c c++ --disable-libstdcxx-verbose --enable-threads=posix --enable-libstdcxx-time=yes --disable-win32-utf8-manifest]
  ignore line: [Thread model: posix]
  ignore line: [Supported LTO compression algorithms: zlib zstd]
  ignore line: [gcc version 15.2.0 (crosstool-NG esp-15.2.0_20251204) ]
  ignore line: [COMPILER_PATH=/home/student/.espressif/tools/xtensa-esp-elf/esp-15.2.0_20251204/xtensa-esp-elf/bin/../libexec/gcc/xtensa-esp-elf/15.2.0/:/home/student/.espressif/tools/xtensa-esp-elf/esp-15.2.0_20251204/xtensa-esp-elf/bin/../libexec/gcc/:/home/student/.espressif/tools/xtensa-esp-elf/esp-15.2.0_20251204/xtensa-esp-elf/bin/../lib/gcc/xtensa-esp-elf/15.2.0/../../../../xtensa-esp-elf/bin/]
  ignore line: [LIBRARY_PATH=/home/student/.espressif/tools/xtensa-esp-elf/esp-15.2.0_20251204/xtensa-esp-elf/bin/../lib/gcc/xtensa-esp-elf/15.2.0/esp32/no-rtti/:/home/student/.espressif/tools/xtensa-esp-elf/esp-15.2.0_20251204/xtensa-esp-elf/bin/../lib/gcc/xtensa-esp-elf/15.2.0/../../../../xtensa-esp-elf/lib/esp32/no-rtti/:/home/student/.espressif/tools/xtensa-esp-elf/esp-15.2.0_20251204/xtensa-esp-elf/bin/../xtensa-esp-elf/lib/esp32/no-rtti/:/home/student/.espressif/tools/xtensa-esp-elf/esp-15.2.0_20251204/xtensa-esp-elf/bin/../lib/gcc/xtensa-esp-elf/15.2.0/:/home/student/.espressif/tools/xtensa-esp-elf/esp-15.2.0_20251204/xtensa-esp-elf/bin/../lib/gcc/:/home/student/.espressif/tools/xtensa-esp-elf/esp-15.2.0_20251204/xtensa-esp-elf/bin/../lib/gcc/xtensa-esp-elf/15.2.0/../../../../xtensa-esp-elf/lib/:/home/student/.espressif/tools/xtensa-esp-elf/esp-15.2.0_20251204/xtensa-esp-elf/bin/../xtensa-esp-elf/lib/:/home/student/.espressif/tools/xtensa-esp-elf/esp-15.2.0_20251204/xtensa-esp-elf/bin/../xtensa-esp-elf/usr/lib/]
  ignore line: [COLLECT_GCC_OPTIONS='-mdynconfig=xtensa_esp32.so' '-Wno-frame-address' '-mlongcalls' '-fno-builtin-memcpy' '-fno-builtin-memset' '-fno-builtin-bzero' '-specs=/home/student/Desktop/ProjekatDisplej/DisplayAudi/build/specs/picolibc.specs' '-nostartfiles' '-fno-rtti' '-v' '-o' 'cmTC_f1fcf' '-dumpdir' 'cmTC_f1fcf.']
  link line: [ /home/student/.espressif/tools/xtensa-esp-elf/esp-15.2.0_20251204/xtensa-esp-elf/bin/../libexec/gcc/xtensa-esp-elf/15.2.0/collect2 -plugin /home/student/.espressif/tools/xtensa-esp-elf/esp-15.2.0_20251204/xtensa-esp-elf/bin/../libexec/gcc/xtensa-esp-elf/15.2.0/liblto_plugin.so -plugin-opt=/home/student/.espressif/tools/xtensa-esp-elf/esp-15.2.0_20251204/xtensa-esp-elf/bin/../libexec/gcc/xtensa-esp-elf/15.2.0/lto-wrapper -plugin-opt=-fresolution=/tmp/ccT5A7nQ.res -plugin-opt=-pass-through=-lgcc -plugin-opt=-pass-through=-lgcc -plugin-opt=-pass-through=-lc -plugin-opt=-pass-through=-lgcc -L/home/student/.espressif/tools/xtensa-esp-elf/esp-15.2.0_20251204/xtensa-esp-elf/bin/../xtensa-esp-elf/../picolibc/xtensa-esp-elf/lib/esp32/no-rtti -L/home/student/.espressif/tools/xtensa-esp-elf/esp-15.2.0_20251204/xtensa-esp-elf/bin/../xtensa-esp-elf/../picolibc/xtensa-esp-elf/lib -Tpicolibc.ld --sysroot=/home/student/.espressif/tools/xtensa-esp-elf/esp-15.2.0_20251204/xtensa-esp-elf/bin/../xtensa-esp-elf --dynconfig=xtensa_esp32.so -o cmTC_f1fcf -L/home/student/.espressif/tools/xtensa-esp-elf/esp-15.2.0_20251204/xtensa-esp-elf/bin/../xtensa-esp-elf/../picolibc/lib/gcc/xtensa-esp-elf/15.2.0/esp32/no-rtti -L/home/student/.espressif/tools/xtensa-esp-elf/esp-15.2.0_20251204/xtensa-esp-elf/bin/../xtensa-esp-elf/../picolibc/lib/gcc/xtensa-esp-elf/15.2.0 -L/home/student/.espressif/tools/xtensa-esp-elf/esp-15.2.0_20251204/xtensa-esp-elf/bin/../lib/gcc/xtensa-esp-elf/15.2.0/esp32/no-rtti -L/home/student/.espressif/tools/xtensa-esp-elf/esp-15.2.0_20251204/xtensa-esp-elf/bin/../lib/gcc/xtensa-esp-elf/15.2.0/../../../../xtensa-esp-elf/lib/esp32/no-rtti -L/home/student/.espressif/tools/xtensa-esp-elf/esp-15.2.0_20251204/xtensa-esp-elf/bin/../xtensa-esp-elf/lib/esp32/no-rtti -L/home/student/.espressif/tools/xtensa-esp-elf/esp-15.2.0_20251204/xtensa-esp-elf/bin/../lib/gcc/xtensa-esp-elf/15.2.0 -L/home/student/.espressif/tools/xtensa-esp-elf/esp-15.2.0_20251204/xtensa-esp-elf/bin/../lib/gcc -L/home/student/.espressif/tools/xtensa-esp-elf/esp-15.2.0_20251204/xtensa-esp-elf/bin/../lib/gcc/xtensa-esp-elf/15.2.0/../../../../xtensa-esp-elf/lib -L/home/student/.espressif/tools/xtensa-esp-elf/esp-15.2.0_20251204/xtensa-esp-elf/bin/../xtensa-esp-elf/lib -L/home/student/.espressif/tools/xtensa-esp-elf/esp-15.2.0_20251204/xtensa-esp-elf/bin/../xtensa-esp-elf/usr/lib @/tmp/ccNCaTtn -lgcc --start-group -lgcc -lc --end-group -lgcc]
    arg [/home/student/.espressif/tools/xtensa-esp-elf/esp-15.2.0_20251204/xtensa-esp-elf/bin/../libexec/gcc/xtensa-esp-elf/15.2.0/collect2] ==> ignore
    arg [-plugin] ==> ignore
    arg [/home/student/.espressif/tools/xtensa-esp-elf/esp-15.2.0_20251204/xtensa-esp-elf/bin/../libexec/gcc/xtensa-esp-elf/15.2.0/liblto_plugin.so] ==> ignore
    arg [-plugin-opt=/home/student/.espressif/tools/xtensa-esp-elf/esp-15.2.0_20251204/xtensa-esp-elf/bin/../libexec/gcc/xtensa-esp-elf/15.2.0/lto-wrapper] ==> ignore
    arg [-plugin-opt=-fresolution=/tmp/ccT5A7nQ.res] ==> ignore
    arg [-plugin-opt=-pass-through=-lgcc] ==> ignore
    arg [-plugin-opt=-pass-through=-lgcc] ==> ignore
    arg [-plugin-opt=-pass-through=-lc] ==> ignore
    arg [-plugin-opt=-pass-through=-lgcc] ==> ignore
    arg [-L/home/student/.espressif/tools/xtensa-esp-elf/esp-15.2.0_20251204/xtensa-esp-elf/bin/../xtensa-esp-elf/../picolibc/xtensa-esp-elf/lib/esp32/no-rtti] ==> dir [/home/student/.espressif/tools/xtensa-esp-elf/esp-15.2.0_20251204/xtensa-esp-elf/bin/../xtensa-esp-elf/../picolibc/xtensa-esp-elf/lib/esp32/no-rtti]
    arg [-L/home/student/.espressif/tools/xtensa-esp-elf/esp-15.2.0_20251204/xtensa-esp-elf/bin/../xtensa-esp-elf/../picolibc/xtensa-esp-elf/lib] ==> dir [/home/student/.espressif/tools/xtensa-esp-elf/esp-15.2.0_20251204/xtensa-esp-elf/bin/../xtensa-esp-elf/../picolibc/xtensa-esp-elf/lib]
    arg [-Tpicolibc.ld] ==> ignore
    arg [--sysroot=/home/student/.espressif/tools/xtensa-esp-elf/esp-15.2.0_20251204/xtensa-esp-elf/bin/../xtensa-esp-elf] ==> ignore
    arg [--dynconfig=xtensa_esp32.so] ==> ignore
    arg [-o] ==> ignore
    arg [cmTC_f1fcf] ==> ignore
    arg [-L/home/student/.espressif/tools/xtensa-esp-elf/esp-15.2.0_20251204/xtensa-esp-elf/bin/../xtensa-esp-elf/../picolibc/lib/gcc/xtensa-esp-elf/15.2.0/esp32/no-rtti] ==> dir [/home/student/.espressif/tools/xtensa-esp-elf/esp-15.2.0_20251204/xtensa-esp-elf/bin/../xtensa-esp-elf/../picolibc/lib/gcc/xtensa-esp-elf/15.2.0/esp32/no-rtti]
    arg [-L/home/student/.espressif/tools/xtensa-esp-elf/esp-15.2.0_20251204/xtensa-esp-elf/bin/../xtensa-esp-elf/../picolibc/lib/gcc/xtensa-esp-elf/15.2.0] ==> dir [/home/student/.espressif/tools/xtensa-esp-elf/esp-15.2.0_20251204/xtensa-esp-elf/bin/../xtensa-esp-elf/../picolibc/lib/gcc/xtensa-esp-elf/15.2.0]
    arg [-L/home/student/.espressif/tools/xtensa-esp-elf/esp-15.2.0_20251204/xtensa-esp-elf/bin/../lib/gcc/xtensa-esp-elf/15.2.0/esp32/no-rtti] ==> dir [/home/student/.espressif/tools/xtensa-esp-elf/esp-15.2.0_20251204/xtensa-esp-elf/bin/../lib/gcc/xtensa-esp-elf/15.2.0/esp32/no-rtti]
    arg [-L/home/student/.espressif/tools/xtensa-esp-elf/esp-15.2.0_20251204/xtensa-esp-elf/bin/../lib/gcc/xtensa-esp-elf/15.2.0/../../../../xtensa-esp-elf/lib/esp32/no-rtti] ==> dir [/home/student/.espressif/tools/xtensa-esp-elf/esp-15.2.0_20251204/xtensa-esp-elf/bin/../lib/gcc/xtensa-esp-elf/15.2.0/../../../../xtensa-esp-elf/lib/esp32/no-rtti]
    arg [-L/home/student/.espressif/tools/xtensa-esp-elf/esp-15.2.0_20251204/xtensa-esp-elf/bin/../xtensa-esp-elf/lib/esp32/no-rtti] ==> dir [/home/student/.espressif/tools/xtensa-esp-elf/esp-15.2.0_20251204/xtensa-esp-elf/bin/../xtensa-esp-elf/lib/esp32/no-rtti]
    arg [-L/home/student/.espressif/tools/xtensa-esp-elf/esp-15.2.0_20251204/xtensa-esp-elf/bin/../lib/gcc/xtensa-esp-elf/15.2.0] ==> dir [/home/student/.espressif/tools/xtensa-esp-elf/esp-15.2.0_20251204/xtensa-esp-elf/bin/../lib/gcc/xtensa-esp-elf/15.2.0]
    arg [-L/home/student/.espressif/tools/xtensa-esp-elf/esp-15.2.0_20251204/xtensa-esp-elf/bin/../lib/gcc] ==> dir [/home/student/.espressif/tools/xtensa-esp-elf/esp-15.2.0_20251204/xtensa-esp-elf/bin/../lib/gcc]
    arg [-L/home/student/.espressif/tools/xtensa-esp-elf/esp-15.2.0_20251204/xtensa-esp-elf/bin/../lib/gcc/xtensa-esp-elf/15.2.0/../../../../xtensa-esp-elf/lib] ==> dir [/home/student/.espressif/tools/xtensa-esp-elf/esp-15.2.0_20251204/xtensa-esp-elf/bin/../lib/gcc/xtensa-esp-elf/15.2.0/../../../../xtensa-esp-elf/lib]
    arg [-L/home/student/.espressif/tools/xtensa-esp-elf/esp-15.2.0_20251204/xtensa-esp-elf/bin/../xtensa-esp-elf/lib] ==> dir [/home/student/.espressif/tools/xtensa-esp-elf/esp-15.2.0_20251204/xtensa-esp-elf/bin/../xtensa-esp-elf/lib]
    arg [-L/home/student/.espressif/tools/xtensa-esp-elf/esp-15.2.0_20251204/xtensa-esp-elf/bin/../xtensa-esp-elf/usr/lib] ==> dir [/home/student/.espressif/tools/xtensa-esp-elf/esp-15.2.0_20251204/xtensa-esp-elf/bin/../xtensa-esp-elf/usr/lib]
    arg [@/tmp/ccNCaTtn] ==> ignore
    arg [-lgcc] ==> lib [gcc]
    arg [--start-group] ==> ignore
    arg [-lgcc] ==> lib [gcc]
    arg [-lc] ==> lib [c]
    arg [--end-group] ==> ignore
    arg [-lgcc] ==> lib [gcc]
  collapse library dir [/home/student/.espressif/tools/xtensa-esp-elf/esp-15.2.0_20251204/xtensa-esp-elf/bin/../xtensa-esp-elf/../picolibc/xtensa-esp-elf/lib/esp32/no-rtti] ==> [/home/student/.espressif/tools/xtensa-esp-elf/esp-15.2.0_20251204/xtensa-esp-elf/picolibc/xtensa-esp-elf/lib/esp32/no-rtti]
  collapse library dir [/home/student/.espressif/tools/xtensa-esp-elf/esp-15.2.0_20251204/xtensa-esp-elf/bin/../xtensa-esp-elf/../picolibc/xtensa-esp-elf/lib] ==> [/home/student/.espressif/tools/xtensa-esp-elf/esp-15.2.0_20251204/xtensa-esp-elf/picolibc/xtensa-esp-elf/lib]
  collapse library dir [/home/student/.espressif/tools/xtensa-esp-elf/esp-15.2.0_20251204/xtensa-esp-elf/bin/../xtensa-esp-elf/../picolibc/lib/gcc/xtensa-esp-elf/15.2.0/esp32/no-rtti] ==> [/home/student/.espressif/tools/xtensa-esp-elf/esp-15.2.0_20251204/xtensa-esp-elf/picolibc/lib/gcc/xtensa-esp-elf/15.2.0/esp32/no-rtti]
  collapse library dir [/home/student/.espressif/tools/xtensa-esp-elf/esp-15.2.0_20251204/xtensa-esp-elf/bin/../xtensa-esp-elf/../picolibc/lib/gcc/xtensa-esp-elf/15.2.0] ==> [/home/student/.espressif/tools/xtensa-esp-elf/esp-15.2.0_20251204/xtensa-esp-elf/picolibc/lib/gcc/xtensa-esp-elf/15.2.0]
  collapse library dir [/home/student/.espressif/tools/xtensa-esp-elf/esp-15.2.0_20251204/xtensa-esp-elf/bin/../lib/gcc/xtensa-esp-elf/15.2.0/esp32/no-rtti] ==> [/home/student/.espressif/tools/xtensa-esp-elf/esp-15.2.0_20251204/xtensa-esp-elf/lib/gcc/xtensa-esp-elf/15.2.0/esp32/no-rtti]
  collapse library dir [/home/student/.espressif/tools/xtensa-esp-elf/esp-15.2.0_20251204/xtensa-esp-elf/bin/../lib/gcc/xtensa-esp-elf/15.2.0/../../../../xtensa-esp-elf/lib/esp32/no-rtti] ==> [/home/student/.espressif/tools/xtensa-esp-elf/esp-15.2.0_20251204/xtensa-esp-elf/xtensa-esp-elf/lib/esp32/no-rtti]
  collapse library dir [/home/student/.espressif/tools/xtensa-esp-elf/esp-15.2.0_20251204/xtensa-esp-elf/bin/../xtensa-esp-elf/lib/esp32/no-rtti] ==> [/home/student/.espressif/tools/xtensa-esp-elf/esp-15.2.0_20251204/xtensa-esp-elf/xtensa-esp-elf/lib/esp32/no-rtti]
  collapse library dir [/home/student/.espressif/tools/xtensa-esp-elf/esp-15.2.0_20251204/xtensa-esp-elf/bin/../lib/gcc/xtensa-esp-elf/15.2.0] ==> [/home/student/.espressif/tools/xtensa-esp-elf/esp-15.2.0_20251204/xtensa-esp-elf/lib/gcc/xtensa-esp-elf/15.2.0]
  collapse library dir [/home/student/.espressif/tools/xtensa-esp-elf/esp-15.2.0_20251204/xtensa-esp-elf/bin/../lib/gcc] ==> [/home/student/.espressif/tools/xtensa-esp-elf/esp-15.2.0_20251204/xtensa-esp-elf/lib/gcc]
  collapse library dir [/home/student/.espressif/tools/xtensa-esp-elf/esp-15.2.0_20251204/xtensa-esp-elf/bin/../lib/gcc/xtensa-esp-elf/15.2.0/../../../../xtensa-esp-elf/lib] ==> [/home/student/.espressif/tools/xtensa-esp-elf/esp-15.2.0_20251204/xtensa-esp-elf/xtensa-esp-elf/lib]
  collapse library dir [/home/student/.espressif/tools/xtensa-esp-elf/esp-15.2.0_20251204/xtensa-esp-elf/bin/../xtensa-esp-elf/lib] ==> [/home/student/.espressif/tools/xtensa-esp-elf/esp-15.2.0_20251204/xtensa-esp-elf/xtensa-esp-elf/lib]
  collapse library dir [/home/student/.espressif/tools/xtensa-esp-elf/esp-15.2.0_20251204/xtensa-esp-elf/bin/../xtensa-esp-elf/usr/lib] ==> [/home/student/.espressif/tools/xtensa-esp-elf/esp-15.2.0_20251204/xtensa-esp-elf/xtensa-esp-elf/usr/lib]
  implicit libs: [gcc;gcc;c;gcc]
  implicit objs: []
  implicit dirs: [/home/student/.espressif/tools/xtensa-esp-elf/esp-15.2.0_20251204/xtensa-esp-elf/picolibc/xtensa-esp-elf/lib/esp32/no-rtti;/home/student/.espressif/tools/xtensa-esp-elf/esp-15.2.0_20251204/xtensa-esp-elf/picolibc/xtensa-esp-elf/lib;/home/student/.espressif/tools/xtensa-esp-elf/esp-15.2.0_20251204/xtensa-esp-elf/picolibc/lib/gcc/xtensa-esp-elf/15.2.0/esp32/no-rtti;/home/student/.espressif/tools/xtensa-esp-elf/esp-15.2.0_20251204/xtensa-esp-elf/picolibc/lib/gcc/xtensa-esp-elf/15.2.0;/home/student/.espressif/tools/xtensa-esp-elf/esp-15.2.0_20251204/xtensa-esp-elf/lib/gcc/xtensa-esp-elf/15.2.0/esp32/no-rtti;/home/student/.espressif/tools/xtensa-esp-elf/esp-15.2.0_20251204/xtensa-esp-elf/xtensa-esp-elf/lib/esp32/no-rtti;/home/student/.espressif/tools/xtensa-esp-elf/esp-15.2.0_20251204/xtensa-esp-elf/lib/gcc/xtensa-esp-elf/15.2.0;/home/student/.espressif/tools/xtensa-esp-elf/esp-15.2.0_20251204/xtensa-esp-elf/lib/gcc;/home/student/.espressif/tools/xtensa-esp-elf/esp-15.2.0_20251204/xtensa-esp-elf/xtensa-esp-elf/lib;/home/student/.espressif/tools/xtensa-esp-elf/esp-15.2.0_20251204/xtensa-esp-elf/xtensa-esp-elf/usr/lib]
  implicit fwks: []


Detecting CXX compiler ABI info compiled with the following output:
Change Dir: /home/student/Desktop/ProjekatDisplej/DisplayAudi/build/CMakeFiles/CMakeTmp

Run Build Command(s):/usr/bin/ninja cmTC_86b54 && [1/2] Building CXX object CMakeFiles/cmTC_86b54.dir/CMakeCXXCompilerABI.cpp.obj
Using built-in specs.
Reading specs from /home/student/Desktop/ProjekatDisplej/DisplayAudi/build/specs/picolibc.specs
rename spec link to picolibc_link
rename spec link_libgcc to picolibc_link_libgcc
rename spec cpp to picolibc_cpp
rename spec cc1 to picolibc_cc1
rename spec cc1plus to picolibc_cc1plus
COLLECT_GCC=/home/student/.espressif/tools/xtensa-esp-elf/esp-15.2.0_20251204/xtensa-esp-elf/bin/xtensa-esp-elf-g++
Target: xtensa-esp-elf
Configured with: /builds/idf/crosstool-NG/.build/xtensa-esp-elf/src/gcc/configure --build=x86_64-build_pc-linux-gnu --host=x86_64-build_pc-linux-gnu --target=xtensa-esp-elf --prefix=/builds/idf/crosstool-NG/builds/xtensa-esp-elf --exec_prefix=/builds/idf/crosstool-NG/builds/xtensa-esp-elf --with-local-prefix=/builds/idf/crosstool-NG/builds/xtensa-esp-elf/xtensa-esp-elf --with-sysroot=/builds/idf/crosstool-NG/builds/xtensa-esp-elf/xtensa-esp-elf --with-native-system-header-dir=/include --with-headers=/builds/idf/crosstool-NG/builds/xtensa-esp-elf/xtensa-esp-elf/include --with-newlib --enable-threads=no --disable-shared --with-pkgversion='crosstool-NG esp-15.2.0_20251204' --disable-__cxa_atexit --enable-cxx-flags='-ffunction-sections -fdata-sections' --disable-libgomp --disable-libmudflap --disable-libmpx --disable-libssp --disable-libquadmath --disable-libquadmath-support --disable-libstdcxx-verbose --with-gmp=/builds/idf/crosstool-NG/.build/xtensa-esp-elf/buildtools --with-mpfr=/builds/idf/crosstool-NG/.build/xtensa-esp-elf/buildtools --with-mpc=/builds/idf/crosstool-NG/.build/xtensa-esp-elf/buildtools --with-isl=/builds/idf/crosstool-NG/.build/xtensa-esp-elf/buildtools --enable-lto --enable-target-optspace --without-long-double-128 --enable-plugin --disable-nls --enable-multiarch --enable-languages=c,c++ --disable-libstdcxx-verbose --enable-threads=posix --enable-libstdcxx-time=yes --disable-win32-utf8-manifest
Thread model: posix
Supported LTO compression algorithms: zlib zstd
gcc version 15.2.0 (crosstool-NG esp-15.2.0_20251204) 
COLLECT_GCC_OPTIONS='-mdynconfig=xtensa_esp32.so' '-Wno-frame-address' '-mlongcalls' '-fno-builtin-memcpy' '-fno-builtin-memset' '-fno-builtin-bzero' '-specs=/home/student/Desktop/ProjekatDisplej/DisplayAudi/build/specs/picolibc.specs' '-fno-rtti' '-v' '-o' 'CMakeFiles/cmTC_86b54.dir/CMakeCXXCompilerABI.cpp.obj' '-c' '-dumpdir' 'CMakeFiles/cmTC_86b54.dir/'
 /home/student/.espressif/tools/xtensa-esp-elf/esp-15.2.0_20251204/xtensa-esp-elf/bin/../libexec/gcc/xtensa-esp-elf/15.2.0/cc1plus -quiet -v -imultilib esp32/no-rtti -iprefix /home/student/.espressif/tools/xtensa-esp-elf/esp-15.2.0_20251204/xtensa-esp-elf/bin/../lib/gcc/xtensa-esp-elf/15.2.0/ -isysroot /home/student/.espressif/tools/xtensa-esp-elf/esp-15.2.0_20251204/xtensa-esp-elf/bin/../xtensa-esp-elf /usr/share/cmake-3.22/Modules/CMakeCXXCompilerABI.cpp -ftls-model=local-exec -quiet -dumpdir CMakeFiles/cmTC_86b54.dir/ -dumpbase CMakeCXXCompilerABI.cpp.cpp -dumpbase-ext .cpp -mdynconfig=xtensa_esp32.so -mlongcalls -Wno-frame-address -version -fno-builtin-memcpy -fno-builtin-memset -fno-builtin-bzero -fno-rtti -isystem /home/student/.espressif/tools/xtensa-esp-elf/esp-15.2.0_20251204/xtensa-esp-elf/bin/../xtensa-esp-elf/../picolibc/include -isystem /home/student/.espressif/tools/xtensa-esp-elf/esp-15.2.0_20251204/xtensa-esp-elf/bin/../xtensa-esp-elf/../picolibc/include/../xtensa-esp-elf/include/c++/15.2.0/xtensa-esp-elf/esp32/no-rtti -ftls-model=local-exec -o /tmp/ccq6TAMd.s
GNU C++17 (crosstool-NG esp-15.2.0_20251204) version 15.2.0 (xtensa-esp-elf)
	compiled by GNU C version 6.3.0, GMP version 6.3.0, MPFR version 4.2.1, MPC version 1.3.1, isl version isl-0.26-GMP

GGC heuristics: --param ggc-min-expand=100 --param ggc-min-heapsize=131072
ignoring duplicate directory "/home/student/.espressif/tools/xtensa-esp-elf/esp-15.2.0_20251204/xtensa-esp-elf/bin/../lib/gcc/../../lib/gcc/xtensa-esp-elf/15.2.0/../../../../xtensa-esp-elf/include/c++/15.2.0"
ignoring duplicate directory "/home/student/.espressif/tools/xtensa-esp-elf/esp-15.2.0_20251204/xtensa-esp-elf/bin/../lib/gcc/../../lib/gcc/xtensa-esp-elf/15.2.0/../../../../xtensa-esp-elf/include/c++/15.2.0/xtensa-esp-elf/esp32/no-rtti"
ignoring duplicate directory "/home/student/.espressif/tools/xtensa-esp-elf/esp-15.2.0_20251204/xtensa-esp-elf/bin/../lib/gcc/../../lib/gcc/xtensa-esp-elf/15.2.0/../../../../xtensa-esp-elf/include/c++/15.2.0/backward"
ignoring duplicate directory "/home/student/.espressif/tools/xtensa-esp-elf/esp-15.2.0_20251204/xtensa-esp-elf/bin/../lib/gcc/../../lib/gcc/xtensa-esp-elf/15.2.0/include"
ignoring nonexistent directory "/home/student/.espressif/tools/xtensa-esp-elf/esp-15.2.0_20251204/xtensa-esp-elf/bin/../xtensa-esp-elf/builds/idf/crosstool-NG/builds/xtensa-esp-elf/xtensa-esp-elf/include"
ignoring duplicate directory "/home/student/.espressif/tools/xtensa-esp-elf/esp-15.2.0_20251204/xtensa-esp-elf/bin/../lib/gcc/../../lib/gcc/xtensa-esp-elf/15.2.0/include-fixed"
ignoring duplicate directory "/home/student/.espressif/tools/xtensa-esp-elf/esp-15.2.0_20251204/xtensa-esp-elf/bin/../lib/gcc/../../lib/gcc/xtensa-esp-elf/15.2.0/../../../../xtensa-esp-elf/include"
ignoring duplicate directory "/home/student/.espressif/tools/xtensa-esp-elf/esp-15.2.0_20251204/xtensa-esp-elf/bin/../xtensa-esp-elf/include"
#include "..." search starts here:
#include <...> search starts here:
 /home/student/.espressif/tools/xtensa-esp-elf/esp-15.2.0_20251204/xtensa-esp-elf/bin/../xtensa-esp-elf/../picolibc/include
 /home/student/.espressif/tools/xtensa-esp-elf/esp-15.2.0_20251204/xtensa-esp-elf/bin/../xtensa-esp-elf/../picolibc/include/../xtensa-esp-elf/include/c++/15.2.0/xtensa-esp-elf/esp32/no-rtti
 /home/student/.espressif/tools/xtensa-esp-elf/esp-15.2.0_20251204/xtensa-esp-elf/bin/../lib/gcc/xtensa-esp-elf/15.2.0/../../../../xtensa-esp-elf/include/c++/15.2.0
 /home/student/.espressif/tools/xtensa-esp-elf/esp-15.2.0_20251204/xtensa-esp-elf/bin/../lib/gcc/xtensa-esp-elf/15.2.0/../../../../xtensa-esp-elf/include/c++/15.2.0/xtensa-esp-elf/esp32/no-rtti
 /home/student/.espressif/tools/xtensa-esp-elf/esp-15.2.0_20251204/xtensa-esp-elf/bin/../lib/gcc/xtensa-esp-elf/15.2.0/../../../../xtensa-esp-elf/include/c++/15.2.0/backward
 /home/student/.espressif/tools/xtensa-esp-elf/esp-15.2.0_20251204/xtensa-esp-elf/bin/../lib/gcc/xtensa-esp-elf/15.2.0/include
 /home/student/.espressif/tools/xtensa-esp-elf/esp-15.2.0_20251204/xtensa-esp-elf/bin/../lib/gcc/xtensa-esp-elf/15.2.0/include-fixed
 /home/student/.espressif/tools/xtensa-esp-elf/esp-15.2.0_20251204/xtensa-esp-elf/bin/../lib/gcc/xtensa-esp-elf/15.2.0/../../../../xtensa-esp-elf/include
End of search list.
Compiler executable checksum: ddaf5163ec1d262ade9e7a5c85eeee1b
COLLECT_GCC_OPTIONS='-mdynconfig=xtensa_esp32.so' '-Wno-frame-address' '-mlongcalls' '-fno-builtin-memcpy' '-fno-builtin-memset' '-fno-builtin-bzero' '-specs=/home/student/Desktop/ProjekatDisplej/DisplayAudi/build/specs/picolibc.specs' '-fno-rtti' '-v' '-o' 'CMakeFiles/cmTC_86b54.dir/CMakeCXXCompilerABI.cpp.obj' '-c' '-dumpdir' 'CMakeFiles/cmTC_86b54.dir/'
 /home/student/.espressif/tools/xtensa-esp-elf/esp-15.2.0_20251204/xtensa-esp-elf/bin/../lib/gcc/xtensa-esp-elf/15.2.0/../../../../xtensa-esp-elf/bin/as --traditional-format --longcalls --dynconfig=xtensa_esp32.so -o CMakeFiles/cmTC_86b54.dir/CMakeCXXCompilerABI.cpp.obj /tmp/ccq6TAMd.s
COMPILER_PATH=/home/student/.espressif/tools/xtensa-esp-elf/esp-15.2.0_20251204/xtensa-esp-elf/bin/../libexec/gcc/xtensa-esp-elf/15.2.0/:/home/student/.espressif/tools/xtensa-esp-elf/esp-15.2.0_20251204/xtensa-esp-elf/bin/../libexec/gcc/:/home/student/.espressif/tools/xtensa-esp-elf/esp-15.2.0_20251204/xtensa-esp-elf/bin/../lib/gcc/xtensa-esp-elf/15.2.0/../../../../xtensa-esp-elf/bin/
LIBRARY_PATH=/home/student/.espressif/tools/xtensa-esp-elf/esp-15.2.0_20251204/xtensa-esp-elf/bin/../lib/gcc/xtensa-esp-elf/15.2.0/esp32/no-rtti/:/home/student/.espressif/tools/xtensa-esp-elf/esp-15.2.0_20251204/xtensa-esp-elf/bin/../lib/gcc/xtensa-esp-elf/15.2.0/../../../../xtensa-esp-elf/lib/esp32/no-rtti/:/home/student/.espressif/tools/xtensa-esp-elf/esp-15.2.0_20251204/xtensa-esp-elf/bin/../xtensa-esp-elf/lib/esp32/no-rtti/:/home/student/.espressif/tools/xtensa-esp-elf/esp-15.2.0_20251204/xtensa-esp-elf/bin/../lib/gcc/xtensa-esp-elf/15.2.0/:/home/student/.espressif/tools/xtensa-esp-elf/esp-15.2.0_20251204/xtensa-esp-elf/bin/../lib/gcc/:/home/student/.espressif/tools/xtensa-esp-elf/esp-15.2.0_20251204/xtensa-esp-elf/bin/../lib/gcc/xtensa-esp-elf/15.2.0/../../../../xtensa-esp-elf/lib/:/home/student/.espressif/tools/xtensa-esp-elf/esp-15.2.0_20251204/xtensa-esp-elf/bin/../xtensa-esp-elf/lib/:/home/student/.espressif/tools/xtensa-esp-elf/esp-15.2.0_20251204/xtensa-esp-elf/bin/../xtensa-esp-elf/usr/lib/
COLLECT_GCC_OPTIONS='-mdynconfig=xtensa_esp32.so' '-Wno-frame-address' '-mlongcalls' '-fno-builtin-memcpy' '-fno-builtin-memset' '-fno-builtin-bzero' '-specs=/home/student/Desktop/ProjekatDisplej/DisplayAudi/build/specs/picolibc.specs' '-fno-rtti' '-v' '-o' 'CMakeFiles/cmTC_86b54.dir/CMakeCXXCompilerABI.cpp.obj' '-c' '-dumpdir' 'CMakeFiles/cmTC_86b54.dir/CMakeCXXCompilerABI.cpp.'
[2/2] Linking CXX executable cmTC_86b54
Using built-in specs.
Reading specs from /home/student/Desktop/ProjekatDisplej/DisplayAudi/build/specs/picolibc.specs
rename spec link to picolibc_link
rename spec link_libgcc to picolibc_link_libgcc
rename spec cpp to picolibc_cpp
rename spec cc1 to picolibc_cc1
rename spec cc1plus to picolibc_cc1plus
COLLECT_GCC=/home/student/.espressif/tools/xtensa-esp-elf/esp-15.2.0_20251204/xtensa-esp-elf/bin/xtensa-esp-elf-g++
COLLECT_LTO_WRAPPER=/home/student/.espressif/tools/xtensa-esp-elf/esp-15.2.0_20251204/xtensa-esp-elf/bin/../libexec/gcc/xtensa-esp-elf/15.2.0/lto-wrapper
Target: xtensa-esp-elf
Configured with: /builds/idf/crosstool-NG/.build/xtensa-esp-elf/src/gcc/configure --build=x86_64-build_pc-linux-gnu --host=x86_64-build_pc-linux-gnu --target=xtensa-esp-elf --prefix=/builds/idf/crosstool-NG/builds/xtensa-esp-elf --exec_prefix=/builds/idf/crosstool-NG/builds/xtensa-esp-elf --with-local-prefix=/builds/idf/crosstool-NG/builds/xtensa-esp-elf/xtensa-esp-elf --with-sysroot=/builds/idf/crosstool-NG/builds/xtensa-esp-elf/xtensa-esp-elf --with-native-system-header-dir=/include --with-headers=/builds/idf/crosstool-NG/builds/xtensa-esp-elf/xtensa-esp-elf/include --with-newlib --enable-threads=no --disable-shared --with-pkgversion='crosstool-NG esp-15.2.0_20251204' --disable-__cxa_atexit --enable-cxx-flags='-ffunction-sections -fdata-sections' --disable-libgomp --disable-libmudflap --disable-libmpx --disable-libssp --disable-libquadmath --disable-libquadmath-support --disable-libstdcxx-verbose --with-gmp=/builds/idf/crosstool-NG/.build/xtensa-esp-elf/buildtools --with-mpfr=/builds/idf/crosstool-NG/.build/xtensa-esp-elf/buildtools --with-mpc=/builds/idf/crosstool-NG/.build/xtensa-esp-elf/buildtools --with-isl=/builds/idf/crosstool-NG/.build/xtensa-esp-elf/buildtools --enable-lto --enable-target-optspace --without-long-double-128 --enable-plugin --disable-nls --enable-multiarch --enable-languages=c,c++ --disable-libstdcxx-verbose --enable-threads=posix --enable-libstdcxx-time=yes --disable-win32-utf8-manifest
Thread model: posix
Supported LTO compression algorithms: zlib zstd
gcc version 15.2.0 (crosstool-NG esp-15.2.0_20251204) 
COMPILER_PATH=/home/student/.espressif/tools/xtensa-esp-elf/esp-15.2.0_20251204/xtensa-esp-elf/bin/../libexec/gcc/xtensa-esp-elf/15.2.0/:/home/student/.espressif/tools/xtensa-esp-elf/esp-15.2.0_20251204/xtensa-esp-elf/bin/../libexec/gcc/:/home/student/.espressif/tools/xtensa-esp-elf/esp-15.2.0_20251204/xtensa-esp-elf/bin/../lib/gcc/xtensa-esp-elf/15.2.0/../../../../xtensa-esp-elf/bin/
LIBRARY_PATH=/home/student/.espressif/tools/xtensa-esp-elf/esp-15.2.0_20251204/xtensa-esp-elf/bin/../lib/gcc/xtensa-esp-elf/15.2.0/esp32/no-rtti/:/home/student/.espressif/tools/xtensa-esp-elf/esp-15.2.0_20251204/xtensa-esp-elf/bin/../lib/gcc/xtensa-esp-elf/15.2.0/../../../../xtensa-esp-elf/lib/esp32/no-rtti/:/home/student/.espressif/tools/xtensa-esp-elf/esp-15.2.0_20251204/xtensa-esp-elf/bin/../xtensa-esp-elf/lib/esp32/no-rtti/:/home/student/.espressif/tools/xtensa-esp-elf/esp-15.2.0_20251204/xtensa-esp-elf/bin/../lib/gcc/xtensa-esp-elf/15.2.0/:/home/student/.espressif/tools/xtensa-esp-elf/esp-15.2.0_20251204/xtensa-esp-elf/bin/../lib/gcc/:/home/student/.espressif/tools/xtensa-esp-elf/esp-15.2.0_20251204/xtensa-esp-elf/bin/../lib/gcc/xtensa-esp-elf/15.2.0/../../../../xtensa-esp-elf/lib/:/home/student/.espressif/tools/xtensa-esp-elf/esp-15.2.0_20251204/xtensa-esp-elf/bin/../xtensa-esp-elf/lib/:/home/student/.espressif/tools/xtensa-esp-elf/esp-15.2.0_20251204/xtensa-esp-elf/bin/../xtensa-esp-elf/usr/lib/
COLLECT_GCC_OPTIONS='-mdynconfig=xtensa_esp32.so' '-Wno-frame-address' '-mlongcalls' '-fno-builtin-memcpy' '-fno-builtin-memset' '-fno-builtin-bzero' '-specs=/home/student/Desktop/ProjekatDisplej/DisplayAudi/build/specs/picolibc.specs' '-nostartfiles' '-fno-rtti' '-v' '-o' 'cmTC_86b54' '-dumpdir' 'cmTC_86b54.'
 /home/student/.espressif/tools/xtensa-esp-elf/esp-15.2.0_20251204/xtensa-esp-elf/bin/../libexec/gcc/xtensa-esp-elf/15.2.0/collect2 -plugin /home/student/.espressif/tools/xtensa-esp-elf/esp-15.2.0_20251204/xtensa-esp-elf/bin/../libexec/gcc/xtensa-esp-elf/15.2.0/liblto_plugin.so -plugin-opt=/home/student/.espressif/tools/xtensa-esp-elf/esp-15.2.0_20251204/xtensa-esp-elf/bin/../libexec/gcc/xtensa-esp-elf/15.2.0/lto-wrapper -plugin-opt=-fresolution=/tmp/cc7EiKNG.res -plugin-opt=-pass-through=-lgcc -plugin-opt=-pass-through=-lgcc -plugin-opt=-pass-through=-lc -plugin-opt=-pass-through=-lgcc -L/home/student/.espressif/tools/xtensa-esp-elf/esp-15.2.0_20251204/xtensa-esp-elf/bin/../xtensa-esp-elf/../picolibc/xtensa-esp-elf/lib/esp32/no-rtti -L/home/student/.espressif/tools/xtensa-esp-elf/esp-15.2.0_20251204/xtensa-esp-elf/bin/../xtensa-esp-elf/../picolibc/xtensa-esp-elf/lib -Tpicolibc.ld --sysroot=/home/student/.espressif/tools/xtensa-esp-elf/esp-15.2.0_20251204/xtensa-esp-elf/bin/../xtensa-esp-elf --dynconfig=xtensa_esp32.so -o cmTC_86b54 -L/home/student/.espressif/tools/xtensa-esp-elf/esp-15.2.0_20251204/xtensa-esp-elf/bin/../xtensa-esp-elf/../picolibc/lib/gcc/xtensa-esp-elf/15.2.0/esp32/no-rtti -L/home/student/.espressif/tools/xtensa-esp-elf/esp-15.2.0_20251204/xtensa-esp-elf/bin/../xtensa-esp-elf/../picolibc/lib/gcc/xtensa-esp-elf/15.2.0 -L/home/student/.espressif/tools/xtensa-esp-elf/esp-15.2.0_20251204/xtensa-esp-elf/bin/../lib/gcc/xtensa-esp-elf/15.2.0/esp32/no-rtti -L/home/student/.espressif/tools/xtensa-esp-elf/esp-15.2.0_20251204/xtensa-esp-elf/bin/../lib/gcc/xtensa-esp-elf/15.2.0/../../../../xtensa-esp-elf/lib/esp32/no-rtti -L/home/student/.espressif/tools/xtensa-esp-elf/esp-15.2.0_20251204/xtensa-esp-elf/bin/../xtensa-esp-elf/lib/esp32/no-rtti -L/home/student/.espressif/tools/xtensa-esp-elf/esp-15.2.0_20251204/xtensa-esp-elf/bin/../lib/gcc/xtensa-esp-elf/15.2.0 -L/home/student/.espressif/tools/xtensa-esp-elf/esp-15.2.0_20251204/xtensa-esp-elf/bin/../lib/gcc -L/home/student/.espressif/tools/xtensa-esp-elf/esp-15.2.0_20251204/xtensa-esp-elf/bin/../lib/gcc/xtensa-esp-elf/15.2.0/../../../../xtensa-esp-elf/lib -L/home/student/.espressif/tools/xtensa-esp-elf/esp-15.2.0_20251204/xtensa-esp-elf/bin/../xtensa-esp-elf/lib -L/home/student/.espressif/tools/xtensa-esp-elf/esp-15.2.0_20251204/xtensa-esp-elf/bin/../xtensa-esp-elf/usr/lib @/tmp/cckMOt2F -lgcc --start-group -lgcc -lc --end-group -lgcc
/home/student/.espressif/tools/xtensa-esp-elf/esp-15.2.0_20251204/xtensa-esp-elf/bin/../lib/gcc/xtensa-esp-elf/15.2.0/../../../../xtensa-esp-elf/bin/ld: warning: cannot find entry symbol _start; defaulting to 10000000
COLLECT_GCC_OPTIONS='-mdynconfig=xtensa_esp32.so' '-Wno-frame-address' '-mlongcalls' '-fno-builtin-memcpy' '-fno-builtin-memset' '-fno-builtin-bzero' '-specs=/home/student/Desktop/ProjekatDisplej/DisplayAudi/build/specs/picolibc.specs' '-nostartfiles' '-fno-rtti' '-v' '-o' 'cmTC_86b54' '-dumpdir' 'cmTC_86b54.'



Parsed CXX implicit include dir info from above output: rv=done
  found start of include info
  found start of implicit include info
    add: [/home/student/.espressif/tools/xtensa-esp-elf/esp-15.2.0_20251204/xtensa-esp-elf/bin/../xtensa-esp-elf/../picolibc/include]
    add: [/home/student/.espressif/tools/xtensa-esp-elf/esp-15.2.0_20251204/xtensa-esp-elf/bin/../xtensa-esp-elf/../picolibc/include/../xtensa-esp-elf/include/c++/15.2.0/xtensa-esp-elf/esp32/no-rtti]
    add: [/home/student/.espressif/tools/xtensa-esp-elf/esp-15.2.0_20251204/xtensa-esp-elf/bin/../lib/gcc/xtensa-esp-elf/15.2.0/../../../../xtensa-esp-elf/include/c++/15.2.0]
    add: [/home/student/.espressif/tools/xtensa-esp-elf/esp-15.2.0_20251204/xtensa-esp-elf/bin/../lib/gcc/xtensa-esp-elf/15.2.0/../../../../xtensa-esp-elf/include/c++/15.2.0/xtensa-esp-elf/esp32/no-rtti]
    add: [/home/student/.espressif/tools/xtensa-esp-elf/esp-15.2.0_20251204/xtensa-esp-elf/bin/../lib/gcc/xtensa-esp-elf/15.2.0/../../../../xtensa-esp-elf/include/c++/15.2.0/backward]
    add: [/home/student/.espressif/tools/xtensa-esp-elf/esp-15.2.0_20251204/xtensa-esp-elf/bin/../lib/gcc/xtensa-esp-elf/15.2.0/include]
    add: [/home/student/.espressif/tools/xtensa-esp-elf/esp-15.2.0_20251204/xtensa-esp-elf/bin/../lib/gcc/xtensa-esp-elf/15.2.0/include-fixed]
    add: [/home/student/.espressif/tools/xtensa-esp-elf/esp-15.2.0_20251204/xtensa-esp-elf/bin/../lib/gcc/xtensa-esp-elf/15.2.0/../../../../xtensa-esp-elf/include]
  end of search list found
  collapse include dir [/home/student/.espressif/tools/xtensa-esp-elf/esp-15.2.0_20251204/xtensa-esp-elf/bin/../xtensa-esp-elf/../picolibc/include] ==> [/home/student/.espressif/tools/xtensa-esp-elf/esp-15.2.0_20251204/xtensa-esp-elf/picolibc/include]
  collapse include dir [/home/student/.espressif/tools/xtensa-esp-elf/esp-15.2.0_20251204/xtensa-esp-elf/bin/../xtensa-esp-elf/../picolibc/include/../xtensa-esp-elf/include/c++/15.2.0/xtensa-esp-elf/esp32/no-rtti] ==> [/home/student/.espressif/tools/xtensa-esp-elf/esp-15.2.0_20251204/xtensa-esp-elf/picolibc/xtensa-esp-elf/include/c++/15.2.0/xtensa-esp-elf/esp32/no-rtti]
  collapse include dir [/home/student/.espressif/tools/xtensa-esp-elf/esp-15.2.0_20251204/xtensa-esp-elf/bin/../lib/gcc/xtensa-esp-elf/15.2.0/../../../../xtensa-esp-elf/include/c++/15.2.0] ==> [/home/student/.espressif/tools/xtensa-esp-elf/esp-15.2.0_20251204/xtensa-esp-elf/xtensa-esp-elf/include/c++/15.2.0]
  collapse include dir [/home/student/.espressif/tools/xtensa-esp-elf/esp-15.2.0_20251204/xtensa-esp-elf/bin/../lib/gcc/xtensa-esp-elf/15.2.0/../../../../xtensa-esp-elf/include/c++/15.2.0/xtensa-esp-elf/esp32/no-rtti] ==> [/home/student/.espressif/tools/xtensa-esp-elf/esp-15.2.0_20251204/xtensa-esp-elf/xtensa-esp-elf/include/c++/15.2.0/xtensa-esp-elf/esp32/no-rtti]
  collapse include dir [/home/student/.espressif/tools/xtensa-esp-elf/esp-15.2.0_20251204/xtensa-esp-elf/bin/../lib/gcc/xtensa-esp-elf/15.2.0/../../../../xtensa-esp-elf/include/c++/15.2.0/backward] ==> [/home/student/.espressif/tools/xtensa-esp-elf/esp-15.2.0_20251204/xtensa-esp-elf/xtensa-esp-elf/include/c++/15.2.0/backward]
  collapse include dir [/home/student/.espressif/tools/xtensa-esp-elf/esp-15.2.0_20251204/xtensa-esp-elf/bin/../lib/gcc/xtensa-esp-elf/15.2.0/include] ==> [/home/student/.espressif/tools/xtensa-esp-elf/esp-15.2.0_20251204/xtensa-esp-elf/lib/gcc/xtensa-esp-elf/15.2.0/include]
  collapse include dir [/home/student/.espressif/tools/xtensa-esp-elf/esp-15.2.0_20251204/xtensa-esp-elf/bin/../lib/gcc/xtensa-esp-elf/15.2.0/include-fixed] ==> [/home/student/.espressif/tools/xtensa-esp-elf/esp-15.2.0_20251204/xtensa-esp-elf/lib/gcc/xtensa-esp-elf/15.2.0/include-fixed]
  collapse include dir [/home/student/.espressif/tools/xtensa-esp-elf/esp-15.2.0_20251204/xtensa-esp-elf/bin/../lib/gcc/xtensa-esp-elf/15.2.0/../../../../xtensa-esp-elf/include] ==> [/home/student/.espressif/tools/xtensa-esp-elf/esp-15.2.0_20251204/xtensa-esp-elf/xtensa-esp-elf/include]
  implicit include dirs: [/home/student/.espressif/tools/xtensa-esp-elf/esp-15.2.0_20251204/xtensa-esp-elf/picolibc/include;/home/student/.espressif/tools/xtensa-esp-elf/esp-15.2.0_20251204/xtensa-esp-elf/picolibc/xtensa-esp-elf/include/c++/15.2.0/xtensa-esp-elf/esp32/no-rtti;/home/student/.espressif/tools/xtensa-esp-elf/esp-15.2.0_20251204/xtensa-esp-elf/xtensa-esp-elf/include/c++/15.2.0;/home/student/.espressif/tools/xtensa-esp-elf/esp-15.2.0_20251204/xtensa-esp-elf/xtensa-esp-elf/include/c++/15.2.0/xtensa-esp-elf/esp32/no-rtti;/home/student/.espressif/tools/xtensa-esp-elf/esp-15.2.0_20251204/xtensa-esp-elf/xtensa-esp-elf/include/c++/15.2.0/backward;/home/student/.espressif/tools/xtensa-esp-elf/esp-15.2.0_20251204/xtensa-esp-elf/lib/gcc/xtensa-esp-elf/15.2.0/include;/home/student/.espressif/tools/xtensa-esp-elf/esp-15.2.0_20251204/xtensa-esp-elf/lib/gcc/xtensa-esp-elf/15.2.0/include-fixed;/home/student/.espressif/tools/xtensa-esp-elf/esp-15.2.0_20251204/xtensa-esp-elf/xtensa-esp-elf/include]


Parsed CXX implicit link information from above output:
  link line regex: [^( *|.*[/\])(xtensa-esp32-elf-ld|CMAKE_LINK_STARTFILE-NOTFOUND|([^/\]+-)?ld|collect2)[^/\]*( |$)]
  ignore line: [Change Dir: /home/student/Desktop/ProjekatDisplej/DisplayAudi/build/CMakeFiles/CMakeTmp]
  ignore line: []
  ignore line: [Run Build Command(s):/usr/bin/ninja cmTC_86b54 && [1/2] Building CXX object CMakeFiles/cmTC_86b54.dir/CMakeCXXCompilerABI.cpp.obj]
  ignore line: [Using built-in specs.]
  ignore line: [Reading specs from /home/student/Desktop/ProjekatDisplej/DisplayAudi/build/specs/picolibc.specs]
  ignore line: [rename spec link to picolibc_link]
  ignore line: [rename spec link_libgcc to picolibc_link_libgcc]
  ignore line: [rename spec cpp to picolibc_cpp]
  ignore line: [rename spec cc1 to picolibc_cc1]
  ignore line: [rename spec cc1plus to picolibc_cc1plus]
  ignore line: [COLLECT_GCC=/home/student/.espressif/tools/xtensa-esp-elf/esp-15.2.0_20251204/xtensa-esp-elf/bin/xtensa-esp-elf-g++]
  ignore line: [Target: xtensa-esp-elf]
  ignore line: [Configured with: /builds/idf/crosstool-NG/.build/xtensa-esp-elf/src/gcc/configure --build=x86_64-build_pc-linux-gnu --host=x86_64-build_pc-linux-gnu --target=xtensa-esp-elf --prefix=/builds/idf/crosstool-NG/builds/xtensa-esp-elf --exec_prefix=/builds/idf/crosstool-NG/builds/xtensa-esp-elf --with-local-prefix=/builds/idf/crosstool-NG/builds/xtensa-esp-elf/xtensa-esp-elf --with-sysroot=/builds/idf/crosstool-NG/builds/xtensa-esp-elf/xtensa-esp-elf --with-native-system-header-dir=/include --with-headers=/builds/idf/crosstool-NG/builds/xtensa-esp-elf/xtensa-esp-elf/include --with-newlib --enable-threads=no --disable-shared --with-pkgversion='crosstool-NG esp-15.2.0_20251204' --disable-__cxa_atexit --enable-cxx-flags='-ffunction-sections -fdata-sections' --disable-libgomp --disable-libmudflap --disable-libmpx --disable-libssp --disable-libquadmath --disable-libquadmath-support --disable-libstdcxx-verbose --with-gmp=/builds/idf/crosstool-NG/.build/xtensa-esp-elf/buildtools --with-mpfr=/builds/idf/crosstool-NG/.build/xtensa-esp-elf/buildtools --with-mpc=/builds/idf/crosstool-NG/.build/xtensa-esp-elf/buildtools --with-isl=/builds/idf/crosstool-NG/.build/xtensa-esp-elf/buildtools --enable-lto --enable-target-optspace --without-long-double-128 --enable-plugin --disable-nls --enable-multiarch --enable-languages=c c++ --disable-libstdcxx-verbose --enable-threads=posix --enable-libstdcxx-time=yes --disable-win32-utf8-manifest]
  ignore line: [Thread model: posix]
  ignore line: [Supported LTO compression algorithms: zlib zstd]
  ignore line: [gcc version 15.2.0 (crosstool-NG esp-15.2.0_20251204) ]
  ignore line: [COLLECT_GCC_OPTIONS='-mdynconfig=xtensa_esp32.so' '-Wno-frame-address' '-mlongcalls' '-fno-builtin-memcpy' '-fno-builtin-memset' '-fno-builtin-bzero' '-specs=/home/student/Desktop/ProjekatDisplej/DisplayAudi/build/specs/picolibc.specs' '-fno-rtti' '-v' '-o' 'CMakeFiles/cmTC_86b54.dir/CMakeCXXCompilerABI.cpp.obj' '-c' '-dumpdir' 'CMakeFiles/cmTC_86b54.dir/']
  ignore line: [ /home/student/.espressif/tools/xtensa-esp-elf/esp-15.2.0_20251204/xtensa-esp-elf/bin/../libexec/gcc/xtensa-esp-elf/15.2.0/cc1plus -quiet -v -imultilib esp32/no-rtti -iprefix /home/student/.espressif/tools/xtensa-esp-elf/esp-15.2.0_20251204/xtensa-esp-elf/bin/../lib/gcc/xtensa-esp-elf/15.2.0/ -isysroot /home/student/.espressif/tools/xtensa-esp-elf/esp-15.2.0_20251204/xtensa-esp-elf/bin/../xtensa-esp-elf /usr/share/cmake-3.22/Modules/CMakeCXXCompilerABI.cpp -ftls-model=local-exec -quiet -dumpdir CMakeFiles/cmTC_86b54.dir/ -dumpbase CMakeCXXCompilerABI.cpp.cpp -dumpbase-ext .cpp -mdynconfig=xtensa_esp32.so -mlongcalls -Wno-frame-address -version -fno-builtin-memcpy -fno-builtin-memset -fno-builtin-bzero -fno-rtti -isystem /home/student/.espressif/tools/xtensa-esp-elf/esp-15.2.0_20251204/xtensa-esp-elf/bin/../xtensa-esp-elf/../picolibc/include -isystem /home/student/.espressif/tools/xtensa-esp-elf/esp-15.2.0_20251204/xtensa-esp-elf/bin/../xtensa-esp-elf/../picolibc/include/../xtensa-esp-elf/include/c++/15.2.0/xtensa-esp-elf/esp32/no-rtti -ftls-model=local-exec -o /tmp/ccq6TAMd.s]
  ignore line: [GNU C++17 (crosstool-NG esp-15.2.0_20251204) version 15.2.0 (xtensa-esp-elf)]
  ignore line: [	compiled by GNU C version 6.3.0  GMP version 6.3.0  MPFR version 4.2.1  MPC version 1.3.1  isl version isl-0.26-GMP]
  ignore line: []
  ignore line: [GGC heuristics: --param ggc-min-expand=100 --param ggc-min-heapsize=131072]
  ignore line: [ignoring duplicate directory "/home/student/.espressif/tools/xtensa-esp-elf/esp-15.2.0_20251204/xtensa-esp-elf/bin/../lib/gcc/../../lib/gcc/xtensa-esp-elf/15.2.0/../../../../xtensa-esp-elf/include/c++/15.2.0"]
  ignore line: [ignoring duplicate directory "/home/student/.espressif/tools/xtensa-esp-elf/esp-15.2.0_20251204/xtensa-esp-elf/bin/../lib/gcc/../../lib/gcc/xtensa-esp-elf/15.2.0/../../../../xtensa-esp-elf/include/c++/15.2.0/xtensa-esp-elf/esp32/no-rtti"]
  ignore line: [ignoring duplicate directory "/home/student/.espressif/tools/xtensa-esp-elf/esp-15.2.0_20251204/xtensa-esp-elf/bin/../lib/gcc/../../lib/gcc/xtensa-esp-elf/15.2.0/../../../../xtensa-esp-elf/include/c++/15.2.0/backward"]
  ignore line: [ignoring duplicate directory "/home/student/.espressif/tools/xtensa-esp-elf/esp-15.2.0_20251204/xtensa-esp-elf/bin/../lib/gcc/../../lib/gcc/xtensa-esp-elf/15.2.0/include"]
  ignore line: [ignoring nonexistent directory "/home/student/.espressif/tools/xtensa-esp-elf/esp-15.2.0_20251204/xtensa-esp-elf/bin/../xtensa-esp-elf/builds/idf/crosstool-NG/builds/xtensa-esp-elf/xtensa-esp-elf/include"]
  ignore line: [ignoring duplicate directory "/home/student/.espressif/tools/xtensa-esp-elf/esp-15.2.0_20251204/xtensa-esp-elf/bin/../lib/gcc/../../lib/gcc/xtensa-esp-elf/15.2.0/include-fixed"]
  ignore line: [ignoring duplicate directory "/home/student/.espressif/tools/xtensa-esp-elf/esp-15.2.0_20251204/xtensa-esp-elf/bin/../lib/gcc/../../lib/gcc/xtensa-esp-elf/15.2.0/../../../../xtensa-esp-elf/include"]
  ignore line: [ignoring duplicate directory "/home/student/.espressif/tools/xtensa-esp-elf/esp-15.2.0_20251204/xtensa-esp-elf/bin/../xtensa-esp-elf/include"]
  ignore line: [#include "..." search starts here:]
  ignore line: [#include <...> search starts here:]
  ignore line: [ /home/student/.espressif/tools/xtensa-esp-elf/esp-15.2.0_20251204/xtensa-esp-elf/bin/../xtensa-esp-elf/../picolibc/include]
  ignore line: [ /home/student/.espressif/tools/xtensa-esp-elf/esp-15.2.0_20251204/xtensa-esp-elf/bin/../xtensa-esp-elf/../picolibc/include/../xtensa-esp-elf/include/c++/15.2.0/xtensa-esp-elf/esp32/no-rtti]
  ignore line: [ /home/student/.espressif/tools/xtensa-esp-elf/esp-15.2.0_20251204/xtensa-esp-elf/bin/../lib/gcc/xtensa-esp-elf/15.2.0/../../../../xtensa-esp-elf/include/c++/15.2.0]
  ignore line: [ /home/student/.espressif/tools/xtensa-esp-elf/esp-15.2.0_20251204/xtensa-esp-elf/bin/../lib/gcc/xtensa-esp-elf/15.2.0/../../../../xtensa-esp-elf/include/c++/15.2.0/xtensa-esp-elf/esp32/no-rtti]
  ignore line: [ /home/student/.espressif/tools/xtensa-esp-elf/esp-15.2.0_20251204/xtensa-esp-elf/bin/../lib/gcc/xtensa-esp-elf/15.2.0/../../../../xtensa-esp-elf/include/c++/15.2.0/backward]
  ignore line: [ /home/student/.espressif/tools/xtensa-esp-elf/esp-15.2.0_20251204/xtensa-esp-elf/bin/../lib/gcc/xtensa-esp-elf/15.2.0/include]
  ignore line: [ /home/student/.espressif/tools/xtensa-esp-elf/esp-15.2.0_20251204/xtensa-esp-elf/bin/../lib/gcc/xtensa-esp-elf/15.2.0/include-fixed]
  ignore line: [ /home/student/.espressif/tools/xtensa-esp-elf/esp-15.2.0_20251204/xtensa-esp-elf/bin/../lib/gcc/xtensa-esp-elf/15.2.0/../../../../xtensa-esp-elf/include]
  ignore line: [End of search list.]
  ignore line: [Compiler executable checksum: ddaf5163ec1d262ade9e7a5c85eeee1b]
  ignore line: [COLLECT_GCC_OPTIONS='-mdynconfig=xtensa_esp32.so' '-Wno-frame-address' '-mlongcalls' '-fno-builtin-memcpy' '-fno-builtin-memset' '-fno-builtin-bzero' '-specs=/home/student/Desktop/ProjekatDisplej/DisplayAudi/build/specs/picolibc.specs' '-fno-rtti' '-v' '-o' 'CMakeFiles/cmTC_86b54.dir/CMakeCXXCompilerABI.cpp.obj' '-c' '-dumpdir' 'CMakeFiles/cmTC_86b54.dir/']
  ignore line: [ /home/student/.espressif/tools/xtensa-esp-elf/esp-15.2.0_20251204/xtensa-esp-elf/bin/../lib/gcc/xtensa-esp-elf/15.2.0/../../../../xtensa-esp-elf/bin/as --traditional-format --longcalls --dynconfig=xtensa_esp32.so -o CMakeFiles/cmTC_86b54.dir/CMakeCXXCompilerABI.cpp.obj /tmp/ccq6TAMd.s]
  ignore line: [COMPILER_PATH=/home/student/.espressif/tools/xtensa-esp-elf/esp-15.2.0_20251204/xtensa-esp-elf/bin/../libexec/gcc/xtensa-esp-elf/15.2.0/:/home/student/.espressif/tools/xtensa-esp-elf/esp-15.2.0_20251204/xtensa-esp-elf/bin/../libexec/gcc/:/home/student/.espressif/tools/xtensa-esp-elf/esp-15.2.0_20251204/xtensa-esp-elf/bin/../lib/gcc/xtensa-esp-elf/15.2.0/../../../../xtensa-esp-elf/bin/]
  ignore line: [LIBRARY_PATH=/home/student/.espressif/tools/xtensa-esp-elf/esp-15.2.0_20251204/xtensa-esp-elf/bin/../lib/gcc/xtensa-esp-elf/15.2.0/esp32/no-rtti/:/home/student/.espressif/tools/xtensa-esp-elf/esp-15.2.0_20251204/xtensa-esp-elf/bin/../lib/gcc/xtensa-esp-elf/15.2.0/../../../../xtensa-esp-elf/lib/esp32/no-rtti/:/home/student/.espressif/tools/xtensa-esp-elf/esp-15.2.0_20251204/xtensa-esp-elf/bin/../xtensa-esp-elf/lib/esp32/no-rtti/:/home/student/.espressif/tools/xtensa-esp-elf/esp-15.2.0_20251204/xtensa-esp-elf/bin/../lib/gcc/xtensa-esp-elf/15.2.0/:/home/student/.espressif/tools/xtensa-esp-elf/esp-15.2.0_20251204/xtensa-esp-elf/bin/../lib/gcc/:/home/student/.espressif/tools/xtensa-esp-elf/esp-15.2.0_20251204/xtensa-esp-elf/bin/../lib/gcc/xtensa-esp-elf/15.2.0/../../../../xtensa-esp-elf/lib/:/home/student/.espressif/tools/xtensa-esp-elf/esp-15.2.0_20251204/xtensa-esp-elf/bin/../xtensa-esp-elf/lib/:/home/student/.espressif/tools/xtensa-esp-elf/esp-15.2.0_20251204/xtensa-esp-elf/bin/../xtensa-esp-elf/usr/lib/]
  ignore line: [COLLECT_GCC_OPTIONS='-mdynconfig=xtensa_esp32.so' '-Wno-frame-address' '-mlongcalls' '-fno-builtin-memcpy' '-fno-builtin-memset' '-fno-builtin-bzero' '-specs=/home/student/Desktop/ProjekatDisplej/DisplayAudi/build/specs/picolibc.specs' '-fno-rtti' '-v' '-o' 'CMakeFiles/cmTC_86b54.dir/CMakeCXXCompilerABI.cpp.obj' '-c' '-dumpdir' 'CMakeFiles/cmTC_86b54.dir/CMakeCXXCompilerABI.cpp.']
  ignore line: [[2/2] Linking CXX executable cmTC_86b54]
  ignore line: [Using built-in specs.]
  ignore line: [Reading specs from /home/student/Desktop/ProjekatDisplej/DisplayAudi/build/specs/picolibc.specs]
  ignore line: [rename spec link to picolibc_link]
  ignore line: [rename spec link_libgcc to picolibc_link_libgcc]
  ignore line: [rename spec cpp to picolibc_cpp]
  ignore line: [rename spec cc1 to picolibc_cc1]
  ignore line: [rename spec cc1plus to picolibc_cc1plus]
  ignore line: [COLLECT_GCC=/home/student/.espressif/tools/xtensa-esp-elf/esp-15.2.0_20251204/xtensa-esp-elf/bin/xtensa-esp-elf-g++]
  ignore line: [COLLECT_LTO_WRAPPER=/home/student/.espressif/tools/xtensa-esp-elf/esp-15.2.0_20251204/xtensa-esp-elf/bin/../libexec/gcc/xtensa-esp-elf/15.2.0/lto-wrapper]
  ignore line: [Target: xtensa-esp-elf]
  ignore line: [Configured with: /builds/idf/crosstool-NG/.build/xtensa-esp-elf/src/gcc/configure --build=x86_64-build_pc-linux-gnu --host=x86_64-build_pc-linux-gnu --target=xtensa-esp-elf --prefix=/builds/idf/crosstool-NG/builds/xtensa-esp-elf --exec_prefix=/builds/idf/crosstool-NG/builds/xtensa-esp-elf --with-local-prefix=/builds/idf/crosstool-NG/builds/xtensa-esp-elf/xtensa-esp-elf --with-sysroot=/builds/idf/crosstool-NG/builds/xtensa-esp-elf/xtensa-esp-elf --with-native-system-header-dir=/include --with-headers=/builds/idf/crosstool-NG/builds/xtensa-esp-elf/xtensa-esp-elf/include --with-newlib --enable-threads=no --disable-shared --with-pkgversion='crosstool-NG esp-15.2.0_20251204' --disable-__cxa_atexit --enable-cxx-flags='-ffunction-sections -fdata-sections' --disable-libgomp --disable-libmudflap --disable-libmpx --disable-libssp --disable-libquadmath --disable-libquadmath-support --disable-libstdcxx-verbose --with-gmp=/builds/idf/crosstool-NG/.build/xtensa-esp-elf/buildtools --with-mpfr=/builds/idf/crosstool-NG/.build/xtensa-esp-elf/buildtools --with-mpc=/builds/idf/crosstool-NG/.build/xtensa-esp-elf/buildtools --with-isl=/builds/idf/crosstool-NG/.build/xtensa-esp-elf/buildtools --enable-lto --enable-target-optspace --without-long-double-128 --enable-plugin --disable-nls --enable-multiarch --enable-languages=c c++ --disable-libstdcxx-verbose --enable-threads=posix --enable-libstdcxx-time=yes --disable-win32-utf8-manifest]
  ignore line: [Thread model: posix]
  ignore line: [Supported LTO compression algorithms: zlib zstd]
  ignore line: [gcc version 15.2.0 (crosstool-NG esp-15.2.0_20251204) ]
  ignore line: [COMPILER_PATH=/home/student/.espressif/tools/xtensa-esp-elf/esp-15.2.0_20251204/xtensa-esp-elf/bin/../libexec/gcc/xtensa-esp-elf/15.2.0/:/home/student/.espressif/tools/xtensa-esp-elf/esp-15.2.0_20251204/xtensa-esp-elf/bin/../libexec/gcc/:/home/student/.espressif/tools/xtensa-esp-elf/esp-15.2.0_20251204/xtensa-esp-elf/bin/../lib/gcc/xtensa-esp-elf/15.2.0/../../../../xtensa-esp-elf/bin/]
  ignore line: [LIBRARY_PATH=/home/student/.espressif/tools/xtensa-esp-elf/esp-15.2.0_20251204/xtensa-esp-elf/bin/../lib/gcc/xtensa-esp-elf/15.2.0/esp32/no-rtti/:/home/student/.espressif/tools/xtensa-esp-elf/esp-15.2.0_20251204/xtensa-esp-elf/bin/../lib/gcc/xtensa-esp-elf/15.2.0/../../../../xtensa-esp-elf/lib/esp32/no-rtti/:/home/student/.espressif/tools/xtensa-esp-elf/esp-15.2.0_20251204/xtensa-esp-elf/bin/../xtensa-esp-elf/lib/esp32/no-rtti/:/home/student/.espressif/tools/xtensa-esp-elf/esp-15.2.0_20251204/xtensa-esp-elf/bin/../lib/gcc/xtensa-esp-elf/15.2.0/:/home/student/.espressif/tools/xtensa-esp-elf/esp-15.2.0_20251204/xtensa-esp-elf/bin/../lib/gcc/:/home/student/.espressif/tools/xtensa-esp-elf/esp-15.2.0_20251204/xtensa-esp-elf/bin/../lib/gcc/xtensa-esp-elf/15.2.0/../../../../xtensa-esp-elf/lib/:/home/student/.espressif/tools/xtensa-esp-elf/esp-15.2.0_20251204/xtensa-esp-elf/bin/../xtensa-esp-elf/lib/:/home/student/.espressif/tools/xtensa-esp-elf/esp-15.2.0_20251204/xtensa-esp-elf/bin/../xtensa-esp-elf/usr/lib/]
  ignore line: [COLLECT_GCC_OPTIONS='-mdynconfig=xtensa_esp32.so' '-Wno-frame-address' '-mlongcalls' '-fno-builtin-memcpy' '-fno-builtin-memset' '-fno-builtin-bzero' '-specs=/home/student/Desktop/ProjekatDisplej/DisplayAudi/build/specs/picolibc.specs' '-nostartfiles' '-fno-rtti' '-v' '-o' 'cmTC_86b54' '-dumpdir' 'cmTC_86b54.']
  link line: [ /home/student/.espressif/tools/xtensa-esp-elf/esp-15.2.0_20251204/xtensa-esp-elf/bin/../libexec/gcc/xtensa-esp-elf/15.2.0/collect2 -plugin /home/student/.espressif/tools/xtensa-esp-elf/esp-15.2.0_20251204/xtensa-esp-elf/bin/../libexec/gcc/xtensa-esp-elf/15.2.0/liblto_plugin.so -plugin-opt=/home/student/.espressif/tools/xtensa-esp-elf/esp-15.2.0_20251204/xtensa-esp-elf/bin/../libexec/gcc/xtensa-esp-elf/15.2.0/lto-wrapper -plugin-opt=-fresolution=/tmp/cc7EiKNG.res -plugin-opt=-pass-through=-lgcc -plugin-opt=-pass-through=-lgcc -plugin-opt=-pass-through=-lc -plugin-opt=-pass-through=-lgcc -L/home/student/.espressif/tools/xtensa-esp-elf/esp-15.2.0_20251204/xtensa-esp-elf/bin/../xtensa-esp-elf/../picolibc/xtensa-esp-elf/lib/esp32/no-rtti -L/home/student/.espressif/tools/xtensa-esp-elf/esp-15.2.0_20251204/xtensa-esp-elf/bin/../xtensa-esp-elf/../picolibc/xtensa-esp-elf/lib -Tpicolibc.ld --sysroot=/home/student/.espressif/tools/xtensa-esp-elf/esp-15.2.0_20251204/xtensa-esp-elf/bin/../xtensa-esp-elf --dynconfig=xtensa_esp32.so -o cmTC_86b54 -L/home/student/.espressif/tools/xtensa-esp-elf/esp-15.2.0_20251204/xtensa-esp-elf/bin/../xtensa-esp-elf/../picolibc/lib/gcc/xtensa-esp-elf/15.2.0/esp32/no-rtti -L/home/student/.espressif/tools/xtensa-esp-elf/esp-15.2.0_20251204/xtensa-esp-elf/bin/../xtensa-esp-elf/../picolibc/lib/gcc/xtensa-esp-elf/15.2.0 -L/home/student/.espressif/tools/xtensa-esp-elf/esp-15.2.0_20251204/xtensa-esp-elf/bin/../lib/gcc/xtensa-esp-elf/15.2.0/esp32/no-rtti -L/home/student/.espressif/tools/xtensa-esp-elf/esp-15.2.0_20251204/xtensa-esp-elf/bin/../lib/gcc/xtensa-esp-elf/15.2.0/../../../../xtensa-esp-elf/lib/esp32/no-rtti -L/home/student/.espressif/tools/xtensa-esp-elf/esp-15.2.0_20251204/xtensa-esp-elf/bin/../xtensa-esp-elf/lib/esp32/no-rtti -L/home/student/.espressif/tools/xtensa-esp-elf/esp-15.2.0_20251204/xtensa-esp-elf/bin/../lib/gcc/xtensa-esp-elf/15.2.0 -L/home/student/.espressif/tools/xtensa-esp-elf/esp-15.2.0_20251204/xtensa-esp-elf/bin/../lib/gcc -L/home/student/.espressif/tools/xtensa-esp-elf/esp-15.2.0_20251204/xtensa-esp-elf/bin/../lib/gcc/xtensa-esp-elf/15.2.0/../../../../xtensa-esp-elf/lib -L/home/student/.espressif/tools/xtensa-esp-elf/esp-15.2.0_20251204/xtensa-esp-elf/bin/../xtensa-esp-elf/lib -L/home/student/.espressif/tools/xtensa-esp-elf/esp-15.2.0_20251204/xtensa-esp-elf/bin/../xtensa-esp-elf/usr/lib @/tmp/cckMOt2F -lgcc --start-group -lgcc -lc --end-group -lgcc]
    arg [/home/student/.espressif/tools/xtensa-esp-elf/esp-15.2.0_20251204/xtensa-esp-elf/bin/../libexec/gcc/xtensa-esp-elf/15.2.0/collect2] ==> ignore
    arg [-plugin] ==> ignore
    arg [/home/student/.espressif/tools/xtensa-esp-elf/esp-15.2.0_20251204/xtensa-esp-elf/bin/../libexec/gcc/xtensa-esp-elf/15.2.0/liblto_plugin.so] ==> ignore
    arg [-plugin-opt=/home/student/.espressif/tools/xtensa-esp-elf/esp-15.2.0_20251204/xtensa-esp-elf/bin/../libexec/gcc/xtensa-esp-elf/15.2.0/lto-wrapper] ==> ignore
    arg [-plugin-opt=-fresolution=/tmp/cc7EiKNG.res] ==> ignore
    arg [-plugin-opt=-pass-through=-lgcc] ==> ignore
    arg [-plugin-opt=-pass-through=-lgcc] ==> ignore
    arg [-plugin-opt=-pass-through=-lc] ==> ignore
    arg [-plugin-opt=-pass-through=-lgcc] ==> ignore
    arg [-L/home/student/.espressif/tools/xtensa-esp-elf/esp-15.2.0_20251204/xtensa-esp-elf/bin/../xtensa-esp-elf/../picolibc/xtensa-esp-elf/lib/esp32/no-rtti] ==> dir [/home/student/.espressif/tools/xtensa-esp-elf/esp-15.2.0_20251204/xtensa-esp-elf/bin/../xtensa-esp-elf/../picolibc/xtensa-esp-elf/lib/esp32/no-rtti]
    arg [-L/home/student/.espressif/tools/xtensa-esp-elf/esp-15.2.0_20251204/xtensa-esp-elf/bin/../xtensa-esp-elf/../picolibc/xtensa-esp-elf/lib] ==> dir [/home/student/.espressif/tools/xtensa-esp-elf/esp-15.2.0_20251204/xtensa-esp-elf/bin/../xtensa-esp-elf/../picolibc/xtensa-esp-elf/lib]
    arg [-Tpicolibc.ld] ==> ignore
    arg [--sysroot=/home/student/.espressif/tools/xtensa-esp-elf/esp-15.2.0_20251204/xtensa-esp-elf/bin/../xtensa-esp-elf] ==> ignore
    arg [--dynconfig=xtensa_esp32.so] ==> ignore
    arg [-o] ==> ignore
    arg [cmTC_86b54] ==> ignore
    arg [-L/home/student/.espressif/tools/xtensa-esp-elf/esp-15.2.0_20251204/xtensa-esp-elf/bin/../xtensa-esp-elf/../picolibc/lib/gcc/xtensa-esp-elf/15.2.0/esp32/no-rtti] ==> dir [/home/student/.espressif/tools/xtensa-esp-elf/esp-15.2.0_20251204/xtensa-esp-elf/bin/../xtensa-esp-elf/../picolibc/lib/gcc/xtensa-esp-elf/15.2.0/esp32/no-rtti]
    arg [-L/home/student/.espressif/tools/xtensa-esp-elf/esp-15.2.0_20251204/xtensa-esp-elf/bin/../xtensa-esp-elf/../picolibc/lib/gcc/xtensa-esp-elf/15.2.0] ==> dir [/home/student/.espressif/tools/xtensa-esp-elf/esp-15.2.0_20251204/xtensa-esp-elf/bin/../xtensa-esp-elf/../picolibc/lib/gcc/xtensa-esp-elf/15.2.0]
    arg [-L/home/student/.espressif/tools/xtensa-esp-elf/esp-15.2.0_20251204/xtensa-esp-elf/bin/../lib/gcc/xtensa-esp-elf/15.2.0/esp32/no-rtti] ==> dir [/home/student/.espressif/tools/xtensa-esp-elf/esp-15.2.0_20251204/xtensa-esp-elf/bin/../lib/gcc/xtensa-esp-elf/15.2.0/esp32/no-rtti]
    arg [-L/home/student/.espressif/tools/xtensa-esp-elf/esp-15.2.0_20251204/xtensa-esp-elf/bin/../lib/gcc/xtensa-esp-elf/15.2.0/../../../../xtensa-esp-elf/lib/esp32/no-rtti] ==> dir [/home/student/.espressif/tools/xtensa-esp-elf/esp-15.2.0_20251204/xtensa-esp-elf/bin/../lib/gcc/xtensa-esp-elf/15.2.0/../../../../xtensa-esp-elf/lib/esp32/no-rtti]
    arg [-L/home/student/.espressif/tools/xtensa-esp-elf/esp-15.2.0_20251204/xtensa-esp-elf/bin/../xtensa-esp-elf/lib/esp32/no-rtti] ==> dir [/home/student/.espressif/tools/xtensa-esp-elf/esp-15.2.0_20251204/xtensa-esp-elf/bin/../xtensa-esp-elf/lib/esp32/no-rtti]
    arg [-L/home/student/.espressif/tools/xtensa-esp-elf/esp-15.2.0_20251204/xtensa-esp-elf/bin/../lib/gcc/xtensa-esp-elf/15.2.0] ==> dir [/home/student/.espressif/tools/xtensa-esp-elf/esp-15.2.0_20251204/xtensa-esp-elf/bin/../lib/gcc/xtensa-esp-elf/15.2.0]
    arg [-L/home/student/.espressif/tools/xtensa-esp-elf/esp-15.2.0_20251204/xtensa-esp-elf/bin/../lib/gcc] ==> dir [/home/student/.espressif/tools/xtensa-esp-elf/esp-15.2.0_20251204/xtensa-esp-elf/bin/../lib/gcc]
    arg [-L/home/student/.espressif/tools/xtensa-esp-elf/esp-15.2.0_20251204/xtensa-esp-elf/bin/../lib/gcc/xtensa-esp-elf/15.2.0/../../../../xtensa-esp-elf/lib] ==> dir [/home/student/.espressif/tools/xtensa-esp-elf/esp-15.2.0_20251204/xtensa-esp-elf/bin/../lib/gcc/xtensa-esp-elf/15.2.0/../../../../xtensa-esp-elf/lib]
    arg [-L/home/student/.espressif/tools/xtensa-esp-elf/esp-15.2.0_20251204/xtensa-esp-elf/bin/../xtensa-esp-elf/lib] ==> dir [/home/student/.espressif/tools/xtensa-esp-elf/esp-15.2.0_20251204/xtensa-esp-elf/bin/../xtensa-esp-elf/lib]
    arg [-L/home/student/.espressif/tools/xtensa-esp-elf/esp-15.2.0_20251204/xtensa-esp-elf/bin/../xtensa-esp-elf/usr/lib] ==> dir [/home/student/.espressif/tools/xtensa-esp-elf/esp-15.2.0_20251204/xtensa-esp-elf/bin/../xtensa-esp-elf/usr/lib]
    arg [@/tmp/cckMOt2F] ==> ignore
    arg [-lgcc] ==> lib [gcc]
    arg [--start-group] ==> ignore
    arg [-lgcc] ==> lib [gcc]
    arg [-lc] ==> lib [c]
    arg [--end-group] ==> ignore
    arg [-lgcc] ==> lib [gcc]
  collapse library dir [/home/student/.espressif/tools/xtensa-esp-elf/esp-15.2.0_20251204/xtensa-esp-elf/bin/../xtensa-esp-elf/../picolibc/xtensa-esp-elf/lib/esp32/no-rtti] ==> [/home/student/.espressif/tools/xtensa-esp-elf/esp-15.2.0_20251204/xtensa-esp-elf/picolibc/xtensa-esp-elf/lib/esp32/no-rtti]
  collapse library dir [/home/student/.espressif/tools/xtensa-esp-elf/esp-15.2.0_20251204/xtensa-esp-elf/bin/../xtensa-esp-elf/../picolibc/xtensa-esp-elf/lib] ==> [/home/student/.espressif/tools/xtensa-esp-elf/esp-15.2.0_20251204/xtensa-esp-elf/picolibc/xtensa-esp-elf/lib]
  collapse library dir [/home/student/.espressif/tools/xtensa-esp-elf/esp-15.2.0_20251204/xtensa-esp-elf/bin/../xtensa-esp-elf/../picolibc/lib/gcc/xtensa-esp-elf/15.2.0/esp32/no-rtti] ==> [/home/student/.espressif/tools/xtensa-esp-elf/esp-15.2.0_20251204/xtensa-esp-elf/picolibc/lib/gcc/xtensa-esp-elf/15.2.0/esp32/no-rtti]
  collapse library dir [/home/student/.espressif/tools/xtensa-esp-elf/esp-15.2.0_20251204/xtensa-esp-elf/bin/../xtensa-esp-elf/../picolibc/lib/gcc/xtensa-esp-elf/15.2.0] ==> [/home/student/.espressif/tools/xtensa-esp-elf/esp-15.2.0_20251204/xtensa-esp-elf/picolibc/lib/gcc/xtensa-esp-elf/15.2.0]
  collapse library dir [/home/student/.espressif/tools/xtensa-esp-elf/esp-15.2.0_20251204/xtensa-esp-elf/bin/../lib/gcc/xtensa-esp-elf/15.2.0/esp32/no-rtti] ==> [/home/student/.espressif/tools/xtensa-esp-elf/esp-15.2.0_20251204/xtensa-esp-elf/lib/gcc/xtensa-esp-elf/15.2.0/esp32/no-rtti]
  collapse library dir [/home/student/.espressif/tools/xtensa-esp-elf/esp-15.2.0_20251204/xtensa-esp-elf/bin/../lib/gcc/xtensa-esp-elf/15.2.0/../../../../xtensa-esp-elf/lib/esp32/no-rtti] ==> [/home/student/.espressif/tools/xtensa-esp-elf/esp-15.2.0_20251204/xtensa-esp-elf/xtensa-esp-elf/lib/esp32/no-rtti]
  collapse library dir [/home/student/.espressif/tools/xtensa-esp-elf/esp-15.2.0_20251204/xtensa-esp-elf/bin/../xtensa-esp-elf/lib/esp32/no-rtti] ==> [/home/student/.espressif/tools/xtensa-esp-elf/esp-15.2.0_20251204/xtensa-esp-elf/xtensa-esp-elf/lib/esp32/no-rtti]
  collapse library dir [/home/student/.espressif/tools/xtensa-esp-elf/esp-15.2.0_20251204/xtensa-esp-elf/bin/../lib/gcc/xtensa-esp-elf/15.2.0] ==> [/home/student/.espressif/tools/xtensa-esp-elf/esp-15.2.0_20251204/xtensa-esp-elf/lib/gcc/xtensa-esp-elf/15.2.0]
  collapse library dir [/home/student/.espressif/tools/xtensa-esp-elf/esp-15.2.0_20251204/xtensa-esp-elf/bin/../lib/gcc] ==> [/home/student/.espressif/tools/xtensa-esp-elf/esp-15.2.0_20251204/xtensa-esp-elf/lib/gcc]
  collapse library dir [/home/student/.espressif/tools/xtensa-esp-elf/esp-15.2.0_20251204/xtensa-esp-elf/bin/../lib/gcc/xtensa-esp-elf/15.2.0/../../../../xtensa-esp-elf/lib] ==> [/home/student/.espressif/tools/xtensa-esp-elf/esp-15.2.0_20251204/xtensa-esp-elf/xtensa-esp-elf/lib]
  collapse library dir [/home/student/.espressif/tools/xtensa-esp-elf/esp-15.2.0_20251204/xtensa-esp-elf/bin/../xtensa-esp-elf/lib] ==> [/home/student/.espressif/tools/xtensa-esp-elf/esp-15.2.0_20251204/xtensa-esp-elf/xtensa-esp-elf/lib]
  collapse library dir [/home/student/.espressif/tools/xtensa-esp-elf/esp-15.2.0_20251204/xtensa-esp-elf/bin/../xtensa-esp-elf/usr/lib] ==> [/home/student/.espressif/tools/xtensa-esp-elf/esp-15.2.0_20251204/xtensa-esp-elf/xtensa-esp-elf/usr/lib]
  implicit libs: [gcc;gcc;c;gcc]
  implicit objs: []
  implicit dirs: [/home/student/.espressif/tools/xtensa-esp-elf/esp-15.2.0_20251204/xtensa-esp-elf/picolibc/xtensa-esp-elf/lib/esp32/no-rtti;/home/student/.espressif/tools/xtensa-esp-elf/esp-15.2.0_20251204/xtensa-esp-elf/picolibc/xtensa-esp-elf/lib;/home/student/.espressif/tools/xtensa-esp-elf/esp-15.2.0_20251204/xtensa-esp-elf/picolibc/lib/gcc/xtensa-esp-elf/15.2.0/esp32/no-rtti;/home/student/.espressif/tools/xtensa-esp-elf/esp-15.2.0_20251204/xtensa-esp-elf/picolibc/lib/gcc/xtensa-esp-elf/15.2.0;/home/student/.espressif/tools/xtensa-esp-elf/esp-15.2.0_20251204/xtensa-esp-elf/lib/gcc/xtensa-esp-elf/15.2.0/esp32/no-rtti;/home/student/.espressif/tools/xtensa-esp-elf/esp-15.2.0_20251204/xtensa-esp-elf/xtensa-esp-elf/lib/esp32/no-rtti;/home/student/.espressif/tools/xtensa-esp-elf/esp-15.2.0_20251204/xtensa-esp-elf/lib/gcc/xtensa-esp-elf/15.2.0;/home/student/.espressif/tools/xtensa-esp-elf/esp-15.2.0_20251204/xtensa-esp-elf/lib/gcc;/home/student/.espressif/tools/xtensa-esp-elf/esp-15.2.0_20251204/xtensa-esp-elf/xtensa-esp-elf/lib;/home/student/.espressif/tools/xtensa-esp-elf/esp-15.2.0_20251204/xtensa-esp-elf/xtensa-esp-elf/usr/lib]
  implicit fwks: []


Detecting C compiler ABI info compiled with the following output:
Change Dir: /home/student/Desktop/ProjekatDisplej/DisplayAudi/build/CMakeFiles/CMakeTmp

Run Build Command(s):/usr/bin/ninja cmTC_a0d30 && [1/2] Building C object CMakeFiles/cmTC_a0d30.dir/CMakeCCompilerABI.c.obj
Using built-in specs.
Reading specs from /home/student/Desktop/ProjekatDisplej/DisplayAudi/build/specs/picolibc.specs
rename spec link to picolibc_link
rename spec link_libgcc to picolibc_link_libgcc
rename spec cpp to picolibc_cpp
rename spec cc1 to picolibc_cc1
rename spec cc1plus to picolibc_cc1plus
COLLECT_GCC=/home/student/.espressif/tools/xtensa-esp-elf/esp-15.2.0_20251204/xtensa-esp-elf/bin/xtensa-esp-elf-gcc
Target: xtensa-esp-elf
Configured with: /builds/idf/crosstool-NG/.build/xtensa-esp-elf/src/gcc/configure --build=x86_64-build_pc-linux-gnu --host=x86_64-build_pc-linux-gnu --target=xtensa-esp-elf --prefix=/builds/idf/crosstool-NG/builds/xtensa-esp-elf --exec_prefix=/builds/idf/crosstool-NG/builds/xtensa-esp-elf --with-local-prefix=/builds/idf/crosstool-NG/builds/xtensa-esp-elf/xtensa-esp-elf --with-sysroot=/builds/idf/crosstool-NG/builds/xtensa-esp-elf/xtensa-esp-elf --with-native-system-header-dir=/include --with-headers=/builds/idf/crosstool-NG/builds/xtensa-esp-elf/xtensa-esp-elf/include --with-newlib --enable-threads=no --disable-shared --with-pkgversion='crosstool-NG esp-15.2.0_20251204' --disable-__cxa_atexit --enable-cxx-flags='-ffunction-sections -fdata-sections' --disable-libgomp --disable-libmudflap --disable-libmpx --disable-libssp --disable-libquadmath --disable-libquadmath-support --disable-libstdcxx-verbose --with-gmp=/builds/idf/crosstool-NG/.build/xtensa-esp-elf/buildtools --with-mpfr=/builds/idf/crosstool-NG/.build/xtensa-esp-elf/buildtools --with-mpc=/builds/idf/crosstool-NG/.build/xtensa-esp-elf/buildtools --with-isl=/builds/idf/crosstool-NG/.build/xtensa-esp-elf/buildtools --enable-lto --enable-target-optspace --without-long-double-128 --enable-plugin --disable-nls --enable-multiarch --enable-languages=c,c++ --disable-libstdcxx-verbose --enable-threads=posix --enable-libstdcxx-time=yes --disable-win32-utf8-manifest
Thread model: posix
Supported LTO compression algorithms: zlib zstd
gcc version 15.2.0 (crosstool-NG esp-15.2.0_20251204) 
COLLECT_GCC_OPTIONS='-mdynconfig=xtensa_esp32.so' '-Wno-frame-address' '-mlongcalls' '-fno-builtin-memcpy' '-fno-builtin-memset' '-fno-builtin-bzero' '-specs=/home/student/Desktop/ProjekatDisplej/DisplayAudi/build/specs/picolibc.specs' '-v' '-o' 'CMakeFiles/cmTC_a0d30.dir/CMakeCCompilerABI.c.obj' '-c' '-dumpdir' 'CMakeFiles/cmTC_a0d30.dir/'
 /home/student/.espressif/tools/xtensa-esp-elf/esp-15.2.0_20251204/xtensa-esp-elf/bin/../libexec/gcc/xtensa-esp-elf/15.2.0/cc1 -quiet -v -imultilib esp32 -iprefix /home/student/.espressif/tools/xtensa-esp-elf/esp-15.2.0_20251204/xtensa-esp-elf/bin/../lib/gcc/xtensa-esp-elf/15.2.0/ -isysroot /home/student/.espressif/tools/xtensa-esp-elf/esp-15.2.0_20251204/xtensa-esp-elf/bin/../xtensa-esp-elf -isystem /home/student/.espressif/tools/xtensa-esp-elf/esp-15.2.0_20251204/xtensa-esp-elf/bin/../xtensa-esp-elf/../picolibc/include -isystem /home/student/.espressif/tools/xtensa-esp-elf/esp-15.2.0_20251204/xtensa-esp-elf/bin/../xtensa-esp-elf/../picolibc/include/../xtensa-esp-elf/include/c++/15.2.0/xtensa-esp-elf/esp32 /usr/share/cmake-3.22/Modules/CMakeCCompilerABI.c -ftls-model=local-exec -quiet -dumpdir CMakeFiles/cmTC_a0d30.dir/ -dumpbase CMakeCCompilerABI.c.c -dumpbase-ext .c -mdynconfig=xtensa_esp32.so -mlongcalls -Wno-frame-address -version -fno-builtin-memcpy -fno-builtin-memset -fno-builtin-bzero -o /tmp/ccxLCM4D.s
GNU C23 (crosstool-NG esp-15.2.0_20251204) version 15.2.0 (xtensa-esp-elf)
	compiled by GNU C version 6.3.0, GMP version 6.3.0, MPFR version 4.2.1, MPC version 1.3.1, isl version isl-0.26-GMP

GGC heuristics: --param ggc-min-expand=100 --param ggc-min-heapsize=131072
ignoring duplicate directory "/home/student/.espressif/tools/xtensa-esp-elf/esp-15.2.0_20251204/xtensa-esp-elf/bin/../lib/gcc/../../lib/gcc/xtensa-esp-elf/15.2.0/include"
ignoring nonexistent directory "/home/student/.espressif/tools/xtensa-esp-elf/esp-15.2.0_20251204/xtensa-esp-elf/bin/../xtensa-esp-elf/builds/idf/crosstool-NG/builds/xtensa-esp-elf/xtensa-esp-elf/include"
ignoring duplicate directory "/home/student/.espressif/tools/xtensa-esp-elf/esp-15.2.0_20251204/xtensa-esp-elf/bin/../lib/gcc/../../lib/gcc/xtensa-esp-elf/15.2.0/include-fixed"
ignoring duplicate directory "/home/student/.espressif/tools/xtensa-esp-elf/esp-15.2.0_20251204/xtensa-esp-elf/bin/../lib/gcc/../../lib/gcc/xtensa-esp-elf/15.2.0/../../../../xtensa-esp-elf/include"
ignoring duplicate directory "/home/student/.espressif/tools/xtensa-esp-elf/esp-15.2.0_20251204/xtensa-esp-elf/bin/../xtensa-esp-elf/include"
#include "..." search starts here:
#include <...> search starts here:
 /home/student/.espressif/tools/xtensa-esp-elf/esp-15.2.0_20251204/xtensa-esp-elf/bin/../xtensa-esp-elf/../picolibc/include
 /home/student/.espressif/tools/xtensa-esp-elf/esp-15.2.0_20251204/xtensa-esp-elf/bin/../xtensa-esp-elf/../picolibc/include/../xtensa-esp-elf/include/c++/15.2.0/xtensa-esp-elf/esp32
 /home/student/.espressif/tools/xtensa-esp-elf/esp-15.2.0_20251204/xtensa-esp-elf/bin/../lib/gcc/xtensa-esp-elf/15.2.0/include
 /home/student/.espressif/tools/xtensa-esp-elf/esp-15.2.0_20251204/xtensa-esp-elf/bin/../lib/gcc/xtensa-esp-elf/15.2.0/include-fixed
 /home/student/.espressif/tools/xtensa-esp-elf/esp-15.2.0_20251204/xtensa-esp-elf/bin/../lib/gcc/xtensa-esp-elf/15.2.0/../../../../xtensa-esp-elf/include
End of search list.
Compiler executable checksum: 023236c824ceaa5629805e8d1b1d2049
COLLECT_GCC_OPTIONS='-mdynconfig=xtensa_esp32.so' '-Wno-frame-address' '-mlongcalls' '-fno-builtin-memcpy' '-fno-builtin-memset' '-fno-builtin-bzero' '-specs=/home/student/Desktop/ProjekatDisplej/DisplayAudi/build/specs/picolibc.specs' '-v' '-o' 'CMakeFiles/cmTC_a0d30.dir/CMakeCCompilerABI.c.obj' '-c' '-dumpdir' 'CMakeFiles/cmTC_a0d30.dir/'
 /home/student/.espressif/tools/xtensa-esp-elf/esp-15.2.0_20251204/xtensa-esp-elf/bin/../lib/gcc/xtensa-esp-elf/15.2.0/../../../../xtensa-esp-elf/bin/as --traditional-format --longcalls --dynconfig=xtensa_esp32.so -o CMakeFiles/cmTC_a0d30.dir/CMakeCCompilerABI.c.obj /tmp/ccxLCM4D.s
COMPILER_PATH=/home/student/.espressif/tools/xtensa-esp-elf/esp-15.2.0_20251204/xtensa-esp-elf/bin/../libexec/gcc/xtensa-esp-elf/15.2.0/:/home/student/.espressif/tools/xtensa-esp-elf/esp-15.2.0_20251204/xtensa-esp-elf/bin/../libexec/gcc/:/home/student/.espressif/tools/xtensa-esp-elf/esp-15.2.0_20251204/xtensa-esp-elf/bin/../lib/gcc/xtensa-esp-elf/15.2.0/../../../../xtensa-esp-elf/bin/
LIBRARY_PATH=/home/student/.espressif/tools/xtensa-esp-elf/esp-15.2.0_20251204/xtensa-esp-elf/bin/../lib/gcc/xtensa-esp-elf/15.2.0/esp32/:/home/student/.espressif/tools/xtensa-esp-elf/esp-15.2.0_20251204/xtensa-esp-elf/bin/../lib/gcc/xtensa-esp-elf/15.2.0/../../../../xtensa-esp-elf/lib/esp32/:/home/student/.espressif/tools/xtensa-esp-elf/esp-15.2.0_20251204/xtensa-esp-elf/bin/../xtensa-esp-elf/lib/esp32/:/home/student/.espressif/tools/xtensa-esp-elf/esp-15.2.0_20251204/xtensa-esp-elf/bin/../lib/gcc/xtensa-esp-elf/15.2.0/:/home/student/.espressif/tools/xtensa-esp-elf/esp-15.2.0_20251204/xtensa-esp-elf/bin/../lib/gcc/:/home/student/.espressif/tools/xtensa-esp-elf/esp-15.2.0_20251204/xtensa-esp-elf/bin/../lib/gcc/xtensa-esp-elf/15.2.0/../../../../xtensa-esp-elf/lib/:/home/student/.espressif/tools/xtensa-esp-elf/esp-15.2.0_20251204/xtensa-esp-elf/bin/../xtensa-esp-elf/lib/:/home/student/.espressif/tools/xtensa-esp-elf/esp-15.2.0_20251204/xtensa-esp-elf/bin/../xtensa-esp-elf/usr/lib/
COLLECT_GCC_OPTIONS='-mdynconfig=xtensa_esp32.so' '-Wno-frame-address' '-mlongcalls' '-fno-builtin-memcpy' '-fno-builtin-memset' '-fno-builtin-bzero' '-specs=/home/student/Desktop/ProjekatDisplej/DisplayAudi/build/specs/picolibc.specs' '-v' '-o' 'CMakeFiles/cmTC_a0d30.dir/CMakeCCompilerABI.c.obj' '-c' '-dumpdir' 'CMakeFiles/cmTC_a0d30.dir/CMakeCCompilerABI.c.'
[2/2] Linking C executable cmTC_a0d30
Using built-in specs.
Reading specs from /home/student/Desktop/ProjekatDisplej/DisplayAudi/build/specs/picolibc.specs
rename spec link to picolibc_link
rename spec link_libgcc to picolibc_link_libgcc
rename spec cpp to picolibc_cpp
rename spec cc1 to picolibc_cc1
rename spec cc1plus to picolibc_cc1plus
COLLECT_GCC=/home/student/.espressif/tools/xtensa-esp-elf/esp-15.2.0_20251204/xtensa-esp-elf/bin/xtensa-esp-elf-gcc
COLLECT_LTO_WRAPPER=/home/student/.espressif/tools/xtensa-esp-elf/esp-15.2.0_20251204/xtensa-esp-elf/bin/../libexec/gcc/xtensa-esp-elf/15.2.0/lto-wrapper
Target: xtensa-esp-elf
Configured with: /builds/idf/crosstool-NG/.build/xtensa-esp-elf/src/gcc/configure --build=x86_64-build_pc-linux-gnu --host=x86_64-build_pc-linux-gnu --target=xtensa-esp-elf --prefix=/builds/idf/crosstool-NG/builds/xtensa-esp-elf --exec_prefix=/builds/idf/crosstool-NG/builds/xtensa-esp-elf --with-local-prefix=/builds/idf/crosstool-NG/builds/xtensa-esp-elf/xtensa-esp-elf --with-sysroot=/builds/idf/crosstool-NG/builds/xtensa-esp-elf/xtensa-esp-elf --with-native-system-header-dir=/include --with-headers=/builds/idf/crosstool-NG/builds/xtensa-esp-elf/xtensa-esp-elf/include --with-newlib --enable-threads=no --disable-shared --with-pkgversion='crosstool-NG esp-15.2.0_20251204' --disable-__cxa_atexit --enable-cxx-flags='-ffunction-sections -fdata-sections' --disable-libgomp --disable-libmudflap --disable-libmpx --disable-libssp --disable-libquadmath --disable-libquadmath-support --disable-libstdcxx-verbose --with-gmp=/builds/idf/crosstool-NG/.build/xtensa-esp-elf/buildtools --with-mpfr=/builds/idf/crosstool-NG/.build/xtensa-esp-elf/buildtools --with-mpc=/builds/idf/crosstool-NG/.build/xtensa-esp-elf/buildtools --with-isl=/builds/idf/crosstool-NG/.build/xtensa-esp-elf/buildtools --enable-lto --enable-target-optspace --without-long-double-128 --enable-plugin --disable-nls --enable-multiarch --enable-languages=c,c++ --disable-libstdcxx-verbose --enable-threads=posix --enable-libstdcxx-time=yes --disable-win32-utf8-manifest
Thread model: posix
Supported LTO compression algorithms: zlib zstd
gcc version 15.2.0 (crosstool-NG esp-15.2.0_20251204) 
COMPILER_PATH=/home/student/.espressif/tools/xtensa-esp-elf/esp-15.2.0_20251204/xtensa-esp-elf/bin/../libexec/gcc/xtensa-esp-elf/15.2.0/:/home/student/.espressif/tools/xtensa-esp-elf/esp-15.2.0_20251204/xtensa-esp-elf/bin/../libexec/gcc/:/home/student/.espressif/tools/xtensa-esp-elf/esp-15.2.0_20251204/xtensa-esp-elf/bin/../lib/gcc/xtensa-esp-elf/15.2.0/../../../../xtensa-esp-elf/bin/
LIBRARY_PATH=/home/student/.espressif/tools/xtensa-esp-elf/esp-15.2.0_20251204/xtensa-esp-elf/bin/../lib/gcc/xtensa-esp-elf/15.2.0/esp32/no-rtti/:/home/student/.espressif/tools/xtensa-esp-elf/esp-15.2.0_20251204/xtensa-esp-elf/bin/../lib/gcc/xtensa-esp-elf/15.2.0/../../../../xtensa-esp-elf/lib/esp32/no-rtti/:/home/student/.espressif/tools/xtensa-esp-elf/esp-15.2.0_20251204/xtensa-esp-elf/bin/../xtensa-esp-elf/lib/esp32/no-rtti/:/home/student/.espressif/tools/xtensa-esp-elf/esp-15.2.0_20251204/xtensa-esp-elf/bin/../lib/gcc/xtensa-esp-elf/15.2.0/:/home/student/.espressif/tools/xtensa-esp-elf/esp-15.2.0_20251204/xtensa-esp-elf/bin/../lib/gcc/:/home/student/.espressif/tools/xtensa-esp-elf/esp-15.2.0_20251204/xtensa-esp-elf/bin/../lib/gcc/xtensa-esp-elf/15.2.0/../../../../xtensa-esp-elf/lib/:/home/student/.espressif/tools/xtensa-esp-elf/esp-15.2.0_20251204/xtensa-esp-elf/bin/../xtensa-esp-elf/lib/:/home/student/.espressif/tools/xtensa-esp-elf/esp-15.2.0_20251204/xtensa-esp-elf/bin/../xtensa-esp-elf/usr/lib/
COLLECT_GCC_OPTIONS='-mdynconfig=xtensa_esp32.so' '-Wno-frame-address' '-mlongcalls' '-fno-builtin-memcpy' '-fno-builtin-memset' '-fno-builtin-bzero' '-specs=/home/student/Desktop/ProjekatDisplej/DisplayAudi/build/specs/picolibc.specs' '-fno-rtti' '-nostartfiles' '-v' '-o' 'cmTC_a0d30' '-dumpdir' 'cmTC_a0d30.'
 /home/student/.espressif/tools/xtensa-esp-elf/esp-15.2.0_20251204/xtensa-esp-elf/bin/../libexec/gcc/xtensa-esp-elf/15.2.0/collect2 -plugin /home/student/.espressif/tools/xtensa-esp-elf/esp-15.2.0_20251204/xtensa-esp-elf/bin/../libexec/gcc/xtensa-esp-elf/15.2.0/liblto_plugin.so -plugin-opt=/home/student/.espressif/tools/xtensa-esp-elf/esp-15.2.0_20251204/xtensa-esp-elf/bin/../libexec/gcc/xtensa-esp-elf/15.2.0/lto-wrapper -plugin-opt=-fresolution=/tmp/cc13Jme2.res -plugin-opt=-pass-through=-lgcc -plugin-opt=-pass-through=-lgcc -plugin-opt=-pass-through=-lc -plugin-opt=-pass-through=-lgcc -L/home/student/.espressif/tools/xtensa-esp-elf/esp-15.2.0_20251204/xtensa-esp-elf/bin/../xtensa-esp-elf/../picolibc/xtensa-esp-elf/lib/esp32/no-rtti -L/home/student/.espressif/tools/xtensa-esp-elf/esp-15.2.0_20251204/xtensa-esp-elf/bin/../xtensa-esp-elf/../picolibc/xtensa-esp-elf/lib -Tpicolibc.ld --sysroot=/home/student/.espressif/tools/xtensa-esp-elf/esp-15.2.0_20251204/xtensa-esp-elf/bin/../xtensa-esp-elf --dynconfig=xtensa_esp32.so -o cmTC_a0d30 -L/home/student/.espressif/tools/xtensa-esp-elf/esp-15.2.0_20251204/xtensa-esp-elf/bin/../xtensa-esp-elf/../picolibc/lib/gcc/xtensa-esp-elf/15.2.0/esp32/no-rtti -L/home/student/.espressif/tools/xtensa-esp-elf/esp-15.2.0_20251204/xtensa-esp-elf/bin/../xtensa-esp-elf/../picolibc/lib/gcc/xtensa-esp-elf/15.2.0 -L/home/student/.espressif/tools/xtensa-esp-elf/esp-15.2.0_20251204/xtensa-esp-elf/bin/../lib/gcc/xtensa-esp-elf/15.2.0/esp32/no-rtti -L/home/student/.espressif/tools/xtensa-esp-elf/esp-15.2.0_20251204/xtensa-esp-elf/bin/../lib/gcc/xtensa-esp-elf/15.2.0/../../../../xtensa-esp-elf/lib/esp32/no-rtti -L/home/student/.espressif/tools/xtensa-esp-elf/esp-15.2.0_20251204/xtensa-esp-elf/bin/../xtensa-esp-elf/lib/esp32/no-rtti -L/home/student/.espressif/tools/xtensa-esp-elf/esp-15.2.0_20251204/xtensa-esp-elf/bin/../lib/gcc/xtensa-esp-elf/15.2.0 -L/home/student/.espressif/tools/xtensa-esp-elf/esp-15.2.0_20251204/xtensa-esp-elf/bin/../lib/gcc -L/home/student/.espressif/tools/xtensa-esp-elf/esp-15.2.0_20251204/xtensa-esp-elf/bin/../lib/gcc/xtensa-esp-elf/15.2.0/../../../../xtensa-esp-elf/lib -L/home/student/.espressif/tools/xtensa-esp-elf/esp-15.2.0_20251204/xtensa-esp-elf/bin/../xtensa-esp-elf/lib -L/home/student/.espressif/tools/xtensa-esp-elf/esp-15.2.0_20251204/xtensa-esp-elf/bin/../xtensa-esp-elf/usr/lib @/tmp/cc2JLsKg -lgcc --start-group -lgcc -lc --end-group -lgcc
/home/student/.espressif/tools/xtensa-esp-elf/esp-15.2.0_20251204/xtensa-esp-elf/bin/../lib/gcc/xtensa-esp-elf/15.2.0/../../../../xtensa-esp-elf/bin/ld: warning: cannot find entry symbol _start; defaulting to 10000000
COLLECT_GCC_OPTIONS='-mdynconfig=xtensa_esp32.so' '-Wno-frame-address' '-mlongcalls' '-fno-builtin-memcpy' '-fno-builtin-memset' '-fno-builtin-bzero' '-specs=/home/student/Desktop/ProjekatDisplej/DisplayAudi/build/specs/picolibc.specs' '-fno-rtti' '-nostartfiles' '-v' '-o' 'cmTC_a0d30' '-dumpdir' 'cmTC_a0d30.'



Parsed C implicit include dir info from above output: rv=done
  found start of include info
  found start of implicit include info
    add: [/home/student/.espressif/tools/xtensa-esp-elf/esp-15.2.0_20251204/xtensa-esp-elf/bin/../xtensa-esp-elf/../picolibc/include]
    add: [/home/student/.espressif/tools/xtensa-esp-elf/esp-15.2.0_20251204/xtensa-esp-elf/bin/../xtensa-esp-elf/../picolibc/include/../xtensa-esp-elf/include/c++/15.2.0/xtensa-esp-elf/esp32]
    add: [/home/student/.espressif/tools/xtensa-esp-elf/esp-15.2.0_20251204/xtensa-esp-elf/bin/../lib/gcc/xtensa-esp-elf/15.2.0/include]
    add: [/home/student/.espressif/tools/xtensa-esp-elf/esp-15.2.0_20251204/xtensa-esp-elf/bin/../lib/gcc/xtensa-esp-elf/15.2.0/include-fixed]
    add: [/home/student/.espressif/tools/xtensa-esp-elf/esp-15.2.0_20251204/xtensa-esp-elf/bin/../lib/gcc/xtensa-esp-elf/15.2.0/../../../../xtensa-esp-elf/include]
  end of search list found
  collapse include dir [/home/student/.espressif/tools/xtensa-esp-elf/esp-15.2.0_20251204/xtensa-esp-elf/bin/../xtensa-esp-elf/../picolibc/include] ==> [/home/student/.espressif/tools/xtensa-esp-elf/esp-15.2.0_20251204/xtensa-esp-elf/picolibc/include]
  collapse include dir [/home/student/.espressif/tools/xtensa-esp-elf/esp-15.2.0_20251204/xtensa-esp-elf/bin/../xtensa-esp-elf/../picolibc/include/../xtensa-esp-elf/include/c++/15.2.0/xtensa-esp-elf/esp32] ==> [/home/student/.espressif/tools/xtensa-esp-elf/esp-15.2.0_20251204/xtensa-esp-elf/picolibc/xtensa-esp-elf/include/c++/15.2.0/xtensa-esp-elf/esp32]
  collapse include dir [/home/student/.espressif/tools/xtensa-esp-elf/esp-15.2.0_20251204/xtensa-esp-elf/bin/../lib/gcc/xtensa-esp-elf/15.2.0/include] ==> [/home/student/.espressif/tools/xtensa-esp-elf/esp-15.2.0_20251204/xtensa-esp-elf/lib/gcc/xtensa-esp-elf/15.2.0/include]
  collapse include dir [/home/student/.espressif/tools/xtensa-esp-elf/esp-15.2.0_20251204/xtensa-esp-elf/bin/../lib/gcc/xtensa-esp-elf/15.2.0/include-fixed] ==> [/home/student/.espressif/tools/xtensa-esp-elf/esp-15.2.0_20251204/xtensa-esp-elf/lib/gcc/xtensa-esp-elf/15.2.0/include-fixed]
  collapse include dir [/home/student/.espressif/tools/xtensa-esp-elf/esp-15.2.0_20251204/xtensa-esp-elf/bin/../lib/gcc/xtensa-esp-elf/15.2.0/../../../../xtensa-esp-elf/include] ==> [/home/student/.espressif/tools/xtensa-esp-elf/esp-15.2.0_20251204/xtensa-esp-elf/xtensa-esp-elf/include]
  implicit include dirs: [/home/student/.espressif/tools/xtensa-esp-elf/esp-15.2.0_20251204/xtensa-esp-elf/picolibc/include;/home/student/.espressif/tools/xtensa-esp-elf/esp-15.2.0_20251204/xtensa-esp-elf/picolibc/xtensa-esp-elf/include/c++/15.2.0/xtensa-esp-elf/esp32;/home/student/.espressif/tools/xtensa-esp-elf/esp-15.2.0_20251204/xtensa-esp-elf/lib/gcc/xtensa-esp-elf/15.2.0/include;/home/student/.espressif/tools/xtensa-esp-elf/esp-15.2.0_20251204/xtensa-esp-elf/lib/gcc/xtensa-esp-elf/15.2.0/include-fixed;/home/student/.espressif/tools/xtensa-esp-elf/esp-15.2.0_20251204/xtensa-esp-elf/xtensa-esp-elf/include]


Parsed C implicit link information from above output:
  link line regex: [^( *|.*[/\])(xtensa-esp32-elf-ld|CMAKE_LINK_STARTFILE-NOTFOUND|([^/\]+-)?ld|collect2)[^/\]*( |$)]
  ignore line: [Change Dir: /home/student/Desktop/ProjekatDisplej/DisplayAudi/build/CMakeFiles/CMakeTmp]
  ignore line: []
  ignore line: [Run Build Command(s):/usr/bin/ninja cmTC_a0d30 && [1/2] Building C object CMakeFiles/cmTC_a0d30.dir/CMakeCCompilerABI.c.obj]
  ignore line: [Using built-in specs.]
  ignore line: [Reading specs from /home/student/Desktop/ProjekatDisplej/DisplayAudi/build/specs/picolibc.specs]
  ignore line: [rename spec link to picolibc_link]
  ignore line: [rename spec link_libgcc to picolibc_link_libgcc]
  ignore line: [rename spec cpp to picolibc_cpp]
  ignore line: [rename spec cc1 to picolibc_cc1]
  ignore line: [rename spec cc1plus to picolibc_cc1plus]
  ignore line: [COLLECT_GCC=/home/student/.espressif/tools/xtensa-esp-elf/esp-15.2.0_20251204/xtensa-esp-elf/bin/xtensa-esp-elf-gcc]
  ignore line: [Target: xtensa-esp-elf]
  ignore line: [Configured with: /builds/idf/crosstool-NG/.build/xtensa-esp-elf/src/gcc/configure --build=x86_64-build_pc-linux-gnu --host=x86_64-build_pc-linux-gnu --target=xtensa-esp-elf --prefix=/builds/idf/crosstool-NG/builds/xtensa-esp-elf --exec_prefix=/builds/idf/crosstool-NG/builds/xtensa-esp-elf --with-local-prefix=/builds/idf/crosstool-NG/builds/xtensa-esp-elf/xtensa-esp-elf --with-sysroot=/builds/idf/crosstool-NG/builds/xtensa-esp-elf/xtensa-esp-elf --with-native-system-header-dir=/include --with-headers=/builds/idf/crosstool-NG/builds/xtensa-esp-elf/xtensa-esp-elf/include --with-newlib --enable-threads=no --disable-shared --with-pkgversion='crosstool-NG esp-15.2.0_20251204' --disable-__cxa_atexit --enable-cxx-flags='-ffunction-sections -fdata-sections' --disable-libgomp --disable-libmudflap --disable-libmpx --disable-libssp --disable-libquadmath --disable-libquadmath-support --disable-libstdcxx-verbose --with-gmp=/builds/idf/crosstool-NG/.build/xtensa-esp-elf/buildtools --with-mpfr=/builds/idf/crosstool-NG/.build/xtensa-esp-elf/buildtools --with-mpc=/builds/idf/crosstool-NG/.build/xtensa-esp-elf/buildtools --with-isl=/builds/idf/crosstool-NG/.build/xtensa-esp-elf/buildtools --enable-lto --enable-target-optspace --without-long-double-128 --enable-plugin --disable-nls --enable-multiarch --enable-languages=c c++ --disable-libstdcxx-verbose --enable-threads=posix --enable-libstdcxx-time=yes --disable-win32-utf8-manifest]
  ignore line: [Thread model: posix]
  ignore line: [Supported LTO compression algorithms: zlib zstd]
  ignore line: [gcc version 15.2.0 (crosstool-NG esp-15.2.0_20251204) ]
  ignore line: [COLLECT_GCC_OPTIONS='-mdynconfig=xtensa_esp32.so' '-Wno-frame-address' '-mlongcalls' '-fno-builtin-memcpy' '-fno-builtin-memset' '-fno-builtin-bzero' '-specs=/home/student/Desktop/ProjekatDisplej/DisplayAudi/build/specs/picolibc.specs' '-v' '-o' 'CMakeFiles/cmTC_a0d30.dir/CMakeCCompilerABI.c.obj' '-c' '-dumpdir' 'CMakeFiles/cmTC_a0d30.dir/']
  ignore line: [ /home/student/.espressif/tools/xtensa-esp-elf/esp-15.2.0_20251204/xtensa-esp-elf/bin/../libexec/gcc/xtensa-esp-elf/15.2.0/cc1 -quiet -v -imultilib esp32 -iprefix /home/student/.espressif/tools/xtensa-esp-elf/esp-15.2.0_20251204/xtensa-esp-elf/bin/../lib/gcc/xtensa-esp-elf/15.2.0/ -isysroot /home/student/.espressif/tools/xtensa-esp-elf/esp-15.2.0_20251204/xtensa-esp-elf/bin/../xtensa-esp-elf -isystem /home/student/.espressif/tools/xtensa-esp-elf/esp-15.2.0_20251204/xtensa-esp-elf/bin/../xtensa-esp-elf/../picolibc/include -isystem /home/student/.espressif/tools/xtensa-esp-elf/esp-15.2.0_20251204/xtensa-esp-elf/bin/../xtensa-esp-elf/../picolibc/include/../xtensa-esp-elf/include/c++/15.2.0/xtensa-esp-elf/esp32 /usr/share/cmake-3.22/Modules/CMakeCCompilerABI.c -ftls-model=local-exec -quiet -dumpdir CMakeFiles/cmTC_a0d30.dir/ -dumpbase CMakeCCompilerABI.c.c -dumpbase-ext .c -mdynconfig=xtensa_esp32.so -mlongcalls -Wno-frame-address -version -fno-builtin-memcpy -fno-builtin-memset -fno-builtin-bzero -o /tmp/ccxLCM4D.s]
  ignore line: [GNU C23 (crosstool-NG esp-15.2.0_20251204) version 15.2.0 (xtensa-esp-elf)]
  ignore line: [	compiled by GNU C version 6.3.0  GMP version 6.3.0  MPFR version 4.2.1  MPC version 1.3.1  isl version isl-0.26-GMP]
  ignore line: []
  ignore line: [GGC heuristics: --param ggc-min-expand=100 --param ggc-min-heapsize=131072]
  ignore line: [ignoring duplicate directory "/home/student/.espressif/tools/xtensa-esp-elf/esp-15.2.0_20251204/xtensa-esp-elf/bin/../lib/gcc/../../lib/gcc/xtensa-esp-elf/15.2.0/include"]
  ignore line: [ignoring nonexistent directory "/home/student/.espressif/tools/xtensa-esp-elf/esp-15.2.0_20251204/xtensa-esp-elf/bin/../xtensa-esp-elf/builds/idf/crosstool-NG/builds/xtensa-esp-elf/xtensa-esp-elf/include"]
  ignore line: [ignoring duplicate directory "/home/student/.espressif/tools/xtensa-esp-elf/esp-15.2.0_20251204/xtensa-esp-elf/bin/../lib/gcc/../../lib/gcc/xtensa-esp-elf/15.2.0/include-fixed"]
  ignore line: [ignoring duplicate directory "/home/student/.espressif/tools/xtensa-esp-elf/esp-15.2.0_20251204/xtensa-esp-elf/bin/../lib/gcc/../../lib/gcc/xtensa-esp-elf/15.2.0/../../../../xtensa-esp-elf/include"]
  ignore line: [ignoring duplicate directory "/home/student/.espressif/tools/xtensa-esp-elf/esp-15.2.0_20251204/xtensa-esp-elf/bin/../xtensa-esp-elf/include"]
  ignore line: [#include "..." search starts here:]
  ignore line: [#include <...> search starts here:]
  ignore line: [ /home/student/.espressif/tools/xtensa-esp-elf/esp-15.2.0_20251204/xtensa-esp-elf/bin/../xtensa-esp-elf/../picolibc/include]
  ignore line: [ /home/student/.espressif/tools/xtensa-esp-elf/esp-15.2.0_20251204/xtensa-esp-elf/bin/../xtensa-esp-elf/../picolibc/include/../xtensa-esp-elf/include/c++/15.2.0/xtensa-esp-elf/esp32]
  ignore line: [ /home/student/.espressif/tools/xtensa-esp-elf/esp-15.2.0_20251204/xtensa-esp-elf/bin/../lib/gcc/xtensa-esp-elf/15.2.0/include]
  ignore line: [ /home/student/.espressif/tools/xtensa-esp-elf/esp-15.2.0_20251204/xtensa-esp-elf/bin/../lib/gcc/xtensa-esp-elf/15.2.0/include-fixed]
  ignore line: [ /home/student/.espressif/tools/xtensa-esp-elf/esp-15.2.0_20251204/xtensa-esp-elf/bin/../lib/gcc/xtensa-esp-elf/15.2.0/../../../../xtensa-esp-elf/include]
  ignore line: [End of search list.]
  ignore line: [Compiler executable checksum: 023236c824ceaa5629805e8d1b1d2049]
  ignore line: [COLLECT_GCC_OPTIONS='-mdynconfig=xtensa_esp32.so' '-Wno-frame-address' '-mlongcalls' '-fno-builtin-memcpy' '-fno-builtin-memset' '-fno-builtin-bzero' '-specs=/home/student/Desktop/ProjekatDisplej/DisplayAudi/build/specs/picolibc.specs' '-v' '-o' 'CMakeFiles/cmTC_a0d30.dir/CMakeCCompilerABI.c.obj' '-c' '-dumpdir' 'CMakeFiles/cmTC_a0d30.dir/']
  ignore line: [ /home/student/.espressif/tools/xtensa-esp-elf/esp-15.2.0_20251204/xtensa-esp-elf/bin/../lib/gcc/xtensa-esp-elf/15.2.0/../../../../xtensa-esp-elf/bin/as --traditional-format --longcalls --dynconfig=xtensa_esp32.so -o CMakeFiles/cmTC_a0d30.dir/CMakeCCompilerABI.c.obj /tmp/ccxLCM4D.s]
  ignore line: [COMPILER_PATH=/home/student/.espressif/tools/xtensa-esp-elf/esp-15.2.0_20251204/xtensa-esp-elf/bin/../libexec/gcc/xtensa-esp-elf/15.2.0/:/home/student/.espressif/tools/xtensa-esp-elf/esp-15.2.0_20251204/xtensa-esp-elf/bin/../libexec/gcc/:/home/student/.espressif/tools/xtensa-esp-elf/esp-15.2.0_20251204/xtensa-esp-elf/bin/../lib/gcc/xtensa-esp-elf/15.2.0/../../../../xtensa-esp-elf/bin/]
  ignore line: [LIBRARY_PATH=/home/student/.espressif/tools/xtensa-esp-elf/esp-15.2.0_20251204/xtensa-esp-elf/bin/../lib/gcc/xtensa-esp-elf/15.2.0/esp32/:/home/student/.espressif/tools/xtensa-esp-elf/esp-15.2.0_20251204/xtensa-esp-elf/bin/../lib/gcc/xtensa-esp-elf/15.2.0/../../../../xtensa-esp-elf/lib/esp32/:/home/student/.espressif/tools/xtensa-esp-elf/esp-15.2.0_20251204/xtensa-esp-elf/bin/../xtensa-esp-elf/lib/esp32/:/home/student/.espressif/tools/xtensa-esp-elf/esp-15.2.0_20251204/xtensa-esp-elf/bin/../lib/gcc/xtensa-esp-elf/15.2.0/:/home/student/.espressif/tools/xtensa-esp-elf/esp-15.2.0_20251204/xtensa-esp-elf/bin/../lib/gcc/:/home/student/.espressif/tools/xtensa-esp-elf/esp-15.2.0_20251204/xtensa-esp-elf/bin/../lib/gcc/xtensa-esp-elf/15.2.0/../../../../xtensa-esp-elf/lib/:/home/student/.espressif/tools/xtensa-esp-elf/esp-15.2.0_20251204/xtensa-esp-elf/bin/../xtensa-esp-elf/lib/:/home/student/.espressif/tools/xtensa-esp-elf/esp-15.2.0_20251204/xtensa-esp-elf/bin/../xtensa-esp-elf/usr/lib/]
  ignore line: [COLLECT_GCC_OPTIONS='-mdynconfig=xtensa_esp32.so' '-Wno-frame-address' '-mlongcalls' '-fno-builtin-memcpy' '-fno-builtin-memset' '-fno-builtin-bzero' '-specs=/home/student/Desktop/ProjekatDisplej/DisplayAudi/build/specs/picolibc.specs' '-v' '-o' 'CMakeFiles/cmTC_a0d30.dir/CMakeCCompilerABI.c.obj' '-c' '-dumpdir' 'CMakeFiles/cmTC_a0d30.dir/CMakeCCompilerABI.c.']
  ignore line: [[2/2] Linking C executable cmTC_a0d30]
  ignore line: [Using built-in specs.]
  ignore line: [Reading specs from /home/student/Desktop/ProjekatDisplej/DisplayAudi/build/specs/picolibc.specs]
  ignore line: [rename spec link to picolibc_link]
  ignore line: [rename spec link_libgcc to picolibc_link_libgcc]
  ignore line: [rename spec cpp to picolibc_cpp]
  ignore line: [rename spec cc1 to picolibc_cc1]
  ignore line: [rename spec cc1plus to picolibc_cc1plus]
  ignore line: [COLLECT_GCC=/home/student/.espressif/tools/xtensa-esp-elf/esp-15.2.0_20251204/xtensa-esp-elf/bin/xtensa-esp-elf-gcc]
  ignore line: [COLLECT_LTO_WRAPPER=/home/student/.espressif/tools/xtensa-esp-elf/esp-15.2.0_20251204/xtensa-esp-elf/bin/../libexec/gcc/xtensa-esp-elf/15.2.0/lto-wrapper]
  ignore line: [Target: xtensa-esp-elf]
  ignore line: [Configured with: /builds/idf/crosstool-NG/.build/xtensa-esp-elf/src/gcc/configure --build=x86_64-build_pc-linux-gnu --host=x86_64-build_pc-linux-gnu --target=xtensa-esp-elf --prefix=/builds/idf/crosstool-NG/builds/xtensa-esp-elf --exec_prefix=/builds/idf/crosstool-NG/builds/xtensa-esp-elf --with-local-prefix=/builds/idf/crosstool-NG/builds/xtensa-esp-elf/xtensa-esp-elf --with-sysroot=/builds/idf/crosstool-NG/builds/xtensa-esp-elf/xtensa-esp-elf --with-native-system-header-dir=/include --with-headers=/builds/idf/crosstool-NG/builds/xtensa-esp-elf/xtensa-esp-elf/include --with-newlib --enable-threads=no --disable-shared --with-pkgversion='crosstool-NG esp-15.2.0_20251204' --disable-__cxa_atexit --enable-cxx-flags='-ffunction-sections -fdata-sections' --disable-libgomp --disable-libmudflap --disable-libmpx --disable-libssp --disable-libquadmath --disable-libquadmath-support --disable-libstdcxx-verbose --with-gmp=/builds/idf/crosstool-NG/.build/xtensa-esp-elf/buildtools --with-mpfr=/builds/idf/crosstool-NG/.build/xtensa-esp-elf/buildtools --with-mpc=/builds/idf/crosstool-NG/.build/xtensa-esp-elf/buildtools --with-isl=/builds/idf/crosstool-NG/.build/xtensa-esp-elf/buildtools --enable-lto --enable-target-optspace --without-long-double-128 --enable-plugin --disable-nls --enable-multiarch --enable-languages=c c++ --disable-libstdcxx-verbose --enable-threads=posix --enable-libstdcxx-time=yes --disable-win32-utf8-manifest]
  ignore line: [Thread model: posix]
  ignore line: [Supported LTO compression algorithms: zlib zstd]
  ignore line: [gcc version 15.2.0 (crosstool-NG esp-15.2.0_20251204) ]
  ignore line: [COMPILER_PATH=/home/student/.espressif/tools/xtensa-esp-elf/esp-15.2.0_20251204/xtensa-esp-elf/bin/../libexec/gcc/xtensa-esp-elf/15.2.0/:/home/student/.espressif/tools/xtensa-esp-elf/esp-15.2.0_20251204/xtensa-esp-elf/bin/../libexec/gcc/:/home/student/.espressif/tools/xtensa-esp-elf/esp-15.2.0_20251204/xtensa-esp-elf/bin/../lib/gcc/xtensa-esp-elf/15.2.0/../../../../xtensa-esp-elf/bin/]
  ignore line: [LIBRARY_PATH=/home/student/.espressif/tools/xtensa-esp-elf/esp-15.2.0_20251204/xtensa-esp-elf/bin/../lib/gcc/xtensa-esp-elf/15.2.0/esp32/no-rtti/:/home/student/.espressif/tools/xtensa-esp-elf/esp-15.2.0_20251204/xtensa-esp-elf/bin/../lib/gcc/xtensa-esp-elf/15.2.0/../../../../xtensa-esp-elf/lib/esp32/no-rtti/:/home/student/.espressif/tools/xtensa-esp-elf/esp-15.2.0_20251204/xtensa-esp-elf/bin/../xtensa-esp-elf/lib/esp32/no-rtti/:/home/student/.espressif/tools/xtensa-esp-elf/esp-15.2.0_20251204/xtensa-esp-elf/bin/../lib/gcc/xtensa-esp-elf/15.2.0/:/home/student/.espressif/tools/xtensa-esp-elf/esp-15.2.0_20251204/xtensa-esp-elf/bin/../lib/gcc/:/home/student/.espressif/tools/xtensa-esp-elf/esp-15.2.0_20251204/xtensa-esp-elf/bin/../lib/gcc/xtensa-esp-elf/15.2.0/../../../../xtensa-esp-elf/lib/:/home/student/.espressif/tools/xtensa-esp-elf/esp-15.2.0_20251204/xtensa-esp-elf/bin/../xtensa-esp-elf/lib/:/home/student/.espressif/tools/xtensa-esp-elf/esp-15.2.0_20251204/xtensa-esp-elf/bin/../xtensa-esp-elf/usr/lib/]
  ignore line: [COLLECT_GCC_OPTIONS='-mdynconfig=xtensa_esp32.so' '-Wno-frame-address' '-mlongcalls' '-fno-builtin-memcpy' '-fno-builtin-memset' '-fno-builtin-bzero' '-specs=/home/student/Desktop/ProjekatDisplej/DisplayAudi/build/specs/picolibc.specs' '-fno-rtti' '-nostartfiles' '-v' '-o' 'cmTC_a0d30' '-dumpdir' 'cmTC_a0d30.']
  link line: [ /home/student/.espressif/tools/xtensa-esp-elf/esp-15.2.0_20251204/xtensa-esp-elf/bin/../libexec/gcc/xtensa-esp-elf/15.2.0/collect2 -plugin /home/student/.espressif/tools/xtensa-esp-elf/esp-15.2.0_20251204/xtensa-esp-elf/bin/../libexec/gcc/xtensa-esp-elf/15.2.0/liblto_plugin.so -plugin-opt=/home/student/.espressif/tools/xtensa-esp-elf/esp-15.2.0_20251204/xtensa-esp-elf/bin/../libexec/gcc/xtensa-esp-elf/15.2.0/lto-wrapper -plugin-opt=-fresolution=/tmp/cc13Jme2.res -plugin-opt=-pass-through=-lgcc -plugin-opt=-pass-through=-lgcc -plugin-opt=-pass-through=-lc -plugin-opt=-pass-through=-lgcc -L/home/student/.espressif/tools/xtensa-esp-elf/esp-15.2.0_20251204/xtensa-esp-elf/bin/../xtensa-esp-elf/../picolibc/xtensa-esp-elf/lib/esp32/no-rtti -L/home/student/.espressif/tools/xtensa-esp-elf/esp-15.2.0_20251204/xtensa-esp-elf/bin/../xtensa-esp-elf/../picolibc/xtensa-esp-elf/lib -Tpicolibc.ld --sysroot=/home/student/.espressif/tools/xtensa-esp-elf/esp-15.2.0_20251204/xtensa-esp-elf/bin/../xtensa-esp-elf --dynconfig=xtensa_esp32.so -o cmTC_a0d30 -L/home/student/.espressif/tools/xtensa-esp-elf/esp-15.2.0_20251204/xtensa-esp-elf/bin/../xtensa-esp-elf/../picolibc/lib/gcc/xtensa-esp-elf/15.2.0/esp32/no-rtti -L/home/student/.espressif/tools/xtensa-esp-elf/esp-15.2.0_20251204/xtensa-esp-elf/bin/../xtensa-esp-elf/../picolibc/lib/gcc/xtensa-esp-elf/15.2.0 -L/home/student/.espressif/tools/xtensa-esp-elf/esp-15.2.0_20251204/xtensa-esp-elf/bin/../lib/gcc/xtensa-esp-elf/15.2.0/esp32/no-rtti -L/home/student/.espressif/tools/xtensa-esp-elf/esp-15.2.0_20251204/xtensa-esp-elf/bin/../lib/gcc/xtensa-esp-elf/15.2.0/../../../../xtensa-esp-elf/lib/esp32/no-rtti -L/home/student/.espressif/tools/xtensa-esp-elf/esp-15.2.0_20251204/xtensa-esp-elf/bin/../xtensa-esp-elf/lib/esp32/no-rtti -L/home/student/.espressif/tools/xtensa-esp-elf/esp-15.2.0_20251204/xtensa-esp-elf/bin/../lib/gcc/xtensa-esp-elf/15.2.0 -L/home/student/.espressif/tools/xtensa-esp-elf/esp-15.2.0_20251204/xtensa-esp-elf/bin/../lib/gcc -L/home/student/.espressif/tools/xtensa-esp-elf/esp-15.2.0_20251204/xtensa-esp-elf/bin/../lib/gcc/xtensa-esp-elf/15.2.0/../../../../xtensa-esp-elf/lib -L/home/student/.espressif/tools/xtensa-esp-elf/esp-15.2.0_20251204/xtensa-esp-elf/bin/../xtensa-esp-elf/lib -L/home/student/.espressif/tools/xtensa-esp-elf/esp-15.2.0_20251204/xtensa-esp-elf/bin/../xtensa-esp-elf/usr/lib @/tmp/cc2JLsKg -lgcc --start-group -lgcc -lc --end-group -lgcc]
    arg [/home/student/.espressif/tools/xtensa-esp-elf/esp-15.2.0_20251204/xtensa-esp-elf/bin/../libexec/gcc/xtensa-esp-elf/15.2.0/collect2] ==> ignore
    arg [-plugin] ==> ignore
    arg [/home/student/.espressif/tools/xtensa-esp-elf/esp-15.2.0_20251204/xtensa-esp-elf/bin/../libexec/gcc/xtensa-esp-elf/15.2.0/liblto_plugin.so] ==> ignore
    arg [-plugin-opt=/home/student/.espressif/tools/xtensa-esp-elf/esp-15.2.0_20251204/xtensa-esp-elf/bin/../libexec/gcc/xtensa-esp-elf/15.2.0/lto-wrapper] ==> ignore
    arg [-plugin-opt=-fresolution=/tmp/cc13Jme2.res] ==> ignore
    arg [-plugin-opt=-pass-through=-lgcc] ==> ignore
    arg [-plugin-opt=-pass-through=-lgcc] ==> ignore
    arg [-plugin-opt=-pass-through=-lc] ==> ignore
    arg [-plugin-opt=-pass-through=-lgcc] ==> ignore
    arg [-L/home/student/.espressif/tools/xtensa-esp-elf/esp-15.2.0_20251204/xtensa-esp-elf/bin/../xtensa-esp-elf/../picolibc/xtensa-esp-elf/lib/esp32/no-rtti] ==> dir [/home/student/.espressif/tools/xtensa-esp-elf/esp-15.2.0_20251204/xtensa-esp-elf/bin/../xtensa-esp-elf/../picolibc/xtensa-esp-elf/lib/esp32/no-rtti]
    arg [-L/home/student/.espressif/tools/xtensa-esp-elf/esp-15.2.0_20251204/xtensa-esp-elf/bin/../xtensa-esp-elf/../picolibc/xtensa-esp-elf/lib] ==> dir [/home/student/.espressif/tools/xtensa-esp-elf/esp-15.2.0_20251204/xtensa-esp-elf/bin/../xtensa-esp-elf/../picolibc/xtensa-esp-elf/lib]
    arg [-Tpicolibc.ld] ==> ignore
    arg [--sysroot=/home/student/.espressif/tools/xtensa-esp-elf/esp-15.2.0_20251204/xtensa-esp-elf/bin/../xtensa-esp-elf] ==> ignore
    arg [--dynconfig=xtensa_esp32.so] ==> ignore
    arg [-o] ==> ignore
    arg [cmTC_a0d30] ==> ignore
    arg [-L/home/student/.espressif/tools/xtensa-esp-elf/esp-15.2.0_20251204/xtensa-esp-elf/bin/../xtensa-esp-elf/../picolibc/lib/gcc/xtensa-esp-elf/15.2.0/esp32/no-rtti] ==> dir [/home/student/.espressif/tools/xtensa-esp-elf/esp-15.2.0_20251204/xtensa-esp-elf/bin/../xtensa-esp-elf/../picolibc/lib/gcc/xtensa-esp-elf/15.2.0/esp32/no-rtti]
    arg [-L/home/student/.espressif/tools/xtensa-esp-elf/esp-15.2.0_20251204/xtensa-esp-elf/bin/../xtensa-esp-elf/../picolibc/lib/gcc/xtensa-esp-elf/15.2.0] ==> dir [/home/student/.espressif/tools/xtensa-esp-elf/esp-15.2.0_20251204/xtensa-esp-elf/bin/../xtensa-esp-elf/../picolibc/lib/gcc/xtensa-esp-elf/15.2.0]
    arg [-L/home/student/.espressif/tools/xtensa-esp-elf/esp-15.2.0_20251204/xtensa-esp-elf/bin/../lib/gcc/xtensa-esp-elf/15.2.0/esp32/no-rtti] ==> dir [/home/student/.espressif/tools/xtensa-esp-elf/esp-15.2.0_20251204/xtensa-esp-elf/bin/../lib/gcc/xtensa-esp-elf/15.2.0/esp32/no-rtti]
    arg [-L/home/student/.espressif/tools/xtensa-esp-elf/esp-15.2.0_20251204/xtensa-esp-elf/bin/../lib/gcc/xtensa-esp-elf/15.2.0/../../../../xtensa-esp-elf/lib/esp32/no-rtti] ==> dir [/home/student/.espressif/tools/xtensa-esp-elf/esp-15.2.0_20251204/xtensa-esp-elf/bin/../lib/gcc/xtensa-esp-elf/15.2.0/../../../../xtensa-esp-elf/lib/esp32/no-rtti]
    arg [-L/home/student/.espressif/tools/xtensa-esp-elf/esp-15.2.0_20251204/xtensa-esp-elf/bin/../xtensa-esp-elf/lib/esp32/no-rtti] ==> dir [/home/student/.espressif/tools/xtensa-esp-elf/esp-15.2.0_20251204/xtensa-esp-elf/bin/../xtensa-esp-elf/lib/esp32/no-rtti]
    arg [-L/home/student/.espressif/tools/xtensa-esp-elf/esp-15.2.0_20251204/xtensa-esp-elf/bin/../lib/gcc/xtensa-esp-elf/15.2.0] ==> dir [/home/student/.espressif/tools/xtensa-esp-elf/esp-15.2.0_20251204/xtensa-esp-elf/bin/../lib/gcc/xtensa-esp-elf/15.2.0]
    arg [-L/home/student/.espressif/tools/xtensa-esp-elf/esp-15.2.0_20251204/xtensa-esp-elf/bin/../lib/gcc] ==> dir [/home/student/.espressif/tools/xtensa-esp-elf/esp-15.2.0_20251204/xtensa-esp-elf/bin/../lib/gcc]
    arg [-L/home/student/.espressif/tools/xtensa-esp-elf/esp-15.2.0_20251204/xtensa-esp-elf/bin/../lib/gcc/xtensa-esp-elf/15.2.0/../../../../xtensa-esp-elf/lib] ==> dir [/home/student/.espressif/tools/xtensa-esp-elf/esp-15.2.0_20251204/xtensa-esp-elf/bin/../lib/gcc/xtensa-esp-elf/15.2.0/../../../../xtensa-esp-elf/lib]
    arg [-L/home/student/.espressif/tools/xtensa-esp-elf/esp-15.2.0_20251204/xtensa-esp-elf/bin/../xtensa-esp-elf/lib] ==> dir [/home/student/.espressif/tools/xtensa-esp-elf/esp-15.2.0_20251204/xtensa-esp-elf/bin/../xtensa-esp-elf/lib]
    arg [-L/home/student/.espressif/tools/xtensa-esp-elf/esp-15.2.0_20251204/xtensa-esp-elf/bin/../xtensa-esp-elf/usr/lib] ==> dir [/home/student/.espressif/tools/xtensa-esp-elf/esp-15.2.0_20251204/xtensa-esp-elf/bin/../xtensa-esp-elf/usr/lib]
    arg [@/tmp/cc2JLsKg] ==> ignore
    arg [-lgcc] ==> lib [gcc]
    arg [--start-group] ==> ignore
    arg [-lgcc] ==> lib [gcc]
    arg [-lc] ==> lib [c]
    arg [--end-group] ==> ignore
    arg [-lgcc] ==> lib [gcc]
  collapse library dir [/home/student/.espressif/tools/xtensa-esp-elf/esp-15.2.0_20251204/xtensa-esp-elf/bin/../xtensa-esp-elf/../picolibc/xtensa-esp-elf/lib/esp32/no-rtti] ==> [/home/student/.espressif/tools/xtensa-esp-elf/esp-15.2.0_20251204/xtensa-esp-elf/picolibc/xtensa-esp-elf/lib/esp32/no-rtti]
  collapse library dir [/home/student/.espressif/tools/xtensa-esp-elf/esp-15.2.0_20251204/xtensa-esp-elf/bin/../xtensa-esp-elf/../picolibc/xtensa-esp-elf/lib] ==> [/home/student/.espressif/tools/xtensa-esp-elf/esp-15.2.0_20251204/xtensa-esp-elf/picolibc/xtensa-esp-elf/lib]
  collapse library dir [/home/student/.espressif/tools/xtensa-esp-elf/esp-15.2.0_20251204/xtensa-esp-elf/bin/../xtensa-esp-elf/../picolibc/lib/gcc/xtensa-esp-elf/15.2.0/esp32/no-rtti] ==> [/home/student/.espressif/tools/xtensa-esp-elf/esp-15.2.0_20251204/xtensa-esp-elf/picolibc/lib/gcc/xtensa-esp-elf/15.2.0/esp32/no-rtti]
  collapse library dir [/home/student/.espressif/tools/xtensa-esp-elf/esp-15.2.0_20251204/xtensa-esp-elf/bin/../xtensa-esp-elf/../picolibc/lib/gcc/xtensa-esp-elf/15.2.0] ==> [/home/student/.espressif/tools/xtensa-esp-elf/esp-15.2.0_20251204/xtensa-esp-elf/picolibc/lib/gcc/xtensa-esp-elf/15.2.0]
  collapse library dir [/home/student/.espressif/tools/xtensa-esp-elf/esp-15.2.0_20251204/xtensa-esp-elf/bin/../lib/gcc/xtensa-esp-elf/15.2.0/esp32/no-rtti] ==> [/home/student/.espressif/tools/xtensa-esp-elf/esp-15.2.0_20251204/xtensa-esp-elf/lib/gcc/xtensa-esp-elf/15.2.0/esp32/no-rtti]
  collapse library dir [/home/student/.espressif/tools/xtensa-esp-elf/esp-15.2.0_20251204/xtensa-esp-elf/bin/../lib/gcc/xtensa-esp-elf/15.2.0/../../../../xtensa-esp-elf/lib/esp32/no-rtti] ==> [/home/student/.espressif/tools/xtensa-esp-elf/esp-15.2.0_20251204/xtensa-esp-elf/xtensa-esp-elf/lib/esp32/no-rtti]
  collapse library dir [/home/student/.espressif/tools/xtensa-esp-elf/esp-15.2.0_20251204/xtensa-esp-elf/bin/../xtensa-esp-elf/lib/esp32/no-rtti] ==> [/home/student/.espressif/tools/xtensa-esp-elf/esp-15.2.0_20251204/xtensa-esp-elf/xtensa-esp-elf/lib/esp32/no-rtti]
  collapse library dir [/home/student/.espressif/tools/xtensa-esp-elf/esp-15.2.0_20251204/xtensa-esp-elf/bin/../lib/gcc/xtensa-esp-elf/15.2.0] ==> [/home/student/.espressif/tools/xtensa-esp-elf/esp-15.2.0_20251204/xtensa-esp-elf/lib/gcc/xtensa-esp-elf/15.2.0]
  collapse library dir [/home/student/.espressif/tools/xtensa-esp-elf/esp-15.2.0_20251204/xtensa-esp-elf/bin/../lib/gcc] ==> [/home/student/.espressif/tools/xtensa-esp-elf/esp-15.2.0_20251204/xtensa-esp-elf/lib/gcc]
  collapse library dir [/home/student/.espressif/tools/xtensa-esp-elf/esp-15.2.0_20251204/xtensa-esp-elf/bin/../lib/gcc/xtensa-esp-elf/15.2.0/../../../../xtensa-esp-elf/lib] ==> [/home/student/.espressif/tools/xtensa-esp-elf/esp-15.2.0_20251204/xtensa-esp-elf/xtensa-esp-elf/lib]
  collapse library dir [/home/student/.espressif/tools/xtensa-esp-elf/esp-15.2.0_20251204/xtensa-esp-elf/bin/../xtensa-esp-elf/lib] ==> [/home/student/.espressif/tools/xtensa-esp-elf/esp-15.2.0_20251204/xtensa-esp-elf/xtensa-esp-elf/lib]
  collapse library dir [/home/student/.espressif/tools/xtensa-esp-elf/esp-15.2.0_20251204/xtensa-esp-elf/bin/../xtensa-esp-elf/usr/lib] ==> [/home/student/.espressif/tools/xtensa-esp-elf/esp-15.2.0_20251204/xtensa-esp-elf/xtensa-esp-elf/usr/lib]
  implicit libs: [gcc;gcc;c;gcc]
  implicit objs: []
  implicit dirs: [/home/student/.espressif/tools/xtensa-esp-elf/esp-15.2.0_20251204/xtensa-esp-elf/picolibc/xtensa-esp-elf/lib/esp32/no-rtti;/home/student/.espressif/tools/xtensa-esp-elf/esp-15.2.0_20251204/xtensa-esp-elf/picolibc/xtensa-esp-elf/lib;/home/student/.espressif/tools/xtensa-esp-elf/esp-15.2.0_20251204/xtensa-esp-elf/picolibc/lib/gcc/xtensa-esp-elf/15.2.0/esp32/no-rtti;/home/student/.espressif/tools/xtensa-esp-elf/esp-15.2.0_20251204/xtensa-esp-elf/picolibc/lib/gcc/xtensa-esp-elf/15.2.0;/home/student/.espressif/tools/xtensa-esp-elf/esp-15.2.0_20251204/xtensa-esp-elf/lib/gcc/xtensa-esp-elf/15.2.0/esp32/no-rtti;/home/student/.espressif/tools/xtensa-esp-elf/esp-15.2.0_20251204/xtensa-esp-elf/xtensa-esp-elf/lib/esp32/no-rtti;/home/student/.espressif/tools/xtensa-esp-elf/esp-15.2.0_20251204/xtensa-esp-elf/lib/gcc/xtensa-esp-elf/15.2.0;/home/student/.espressif/tools/xtensa-esp-elf/esp-15.2.0_20251204/xtensa-esp-elf/lib/gcc;/home/student/.espressif/tools/xtensa-esp-elf/esp-15.2.0_20251204/xtensa-esp-elf/xtensa-esp-elf/lib;/home/student/.espressif/tools/xtensa-esp-elf/esp-15.2.0_20251204/xtensa-esp-elf/xtensa-esp-elf/usr/lib]
  implicit fwks: []


Detecting CXX compiler ABI info compiled with the following output:
Change Dir: /home/student/Desktop/ProjekatDisplej/DisplayAudi/build/CMakeFiles/CMakeTmp

Run Build Command(s):/usr/bin/ninja cmTC_00475 && [1/2] Building CXX object CMakeFiles/cmTC_00475.dir/CMakeCXXCompilerABI.cpp.obj
Using built-in specs.
Reading specs from /home/student/Desktop/ProjekatDisplej/DisplayAudi/build/specs/picolibc.specs
rename spec link to picolibc_link
rename spec link_libgcc to picolibc_link_libgcc
rename spec cpp to picolibc_cpp
rename spec cc1 to picolibc_cc1
rename spec cc1plus to picolibc_cc1plus
COLLECT_GCC=/home/student/.espressif/tools/xtensa-esp-elf/esp-15.2.0_20251204/xtensa-esp-elf/bin/xtensa-esp-elf-g++
Target: xtensa-esp-elf
Configured with: /builds/idf/crosstool-NG/.build/xtensa-esp-elf/src/gcc/configure --build=x86_64-build_pc-linux-gnu --host=x86_64-build_pc-linux-gnu --target=xtensa-esp-elf --prefix=/builds/idf/crosstool-NG/builds/xtensa-esp-elf --exec_prefix=/builds/idf/crosstool-NG/builds/xtensa-esp-elf --with-local-prefix=/builds/idf/crosstool-NG/builds/xtensa-esp-elf/xtensa-esp-elf --with-sysroot=/builds/idf/crosstool-NG/builds/xtensa-esp-elf/xtensa-esp-elf --with-native-system-header-dir=/include --with-headers=/builds/idf/crosstool-NG/builds/xtensa-esp-elf/xtensa-esp-elf/include --with-newlib --enable-threads=no --disable-shared --with-pkgversion='crosstool-NG esp-15.2.0_20251204' --disable-__cxa_atexit --enable-cxx-flags='-ffunction-sections -fdata-sections' --disable-libgomp --disable-libmudflap --disable-libmpx --disable-libssp --disable-libquadmath --disable-libquadmath-support --disable-libstdcxx-verbose --with-gmp=/builds/idf/crosstool-NG/.build/xtensa-esp-elf/buildtools --with-mpfr=/builds/idf/crosstool-NG/.build/xtensa-esp-elf/buildtools --with-mpc=/builds/idf/crosstool-NG/.build/xtensa-esp-elf/buildtools --with-isl=/builds/idf/crosstool-NG/.build/xtensa-esp-elf/buildtools --enable-lto --enable-target-optspace --without-long-double-128 --enable-plugin --disable-nls --enable-multiarch --enable-languages=c,c++ --disable-libstdcxx-verbose --enable-threads=posix --enable-libstdcxx-time=yes --disable-win32-utf8-manifest
Thread model: posix
Supported LTO compression algorithms: zlib zstd
gcc version 15.2.0 (crosstool-NG esp-15.2.0_20251204) 
COLLECT_GCC_OPTIONS='-mdynconfig=xtensa_esp32.so' '-fno-rtti' '-Wno-frame-address' '-mlongcalls' '-fno-builtin-memcpy' '-fno-builtin-memset' '-fno-builtin-bzero' '-specs=/home/student/Desktop/ProjekatDisplej/DisplayAudi/build/specs/picolibc.specs' '-v' '-o' 'CMakeFiles/cmTC_00475.dir/CMakeCXXCompilerABI.cpp.obj' '-c' '-dumpdir' 'CMakeFiles/cmTC_00475.dir/'
 /home/student/.espressif/tools/xtensa-esp-elf/esp-15.2.0_20251204/xtensa-esp-elf/bin/../libexec/gcc/xtensa-esp-elf/15.2.0/cc1plus -quiet -v -imultilib esp32/no-rtti -iprefix /home/student/.espressif/tools/xtensa-esp-elf/esp-15.2.0_20251204/xtensa-esp-elf/bin/../lib/gcc/xtensa-esp-elf/15.2.0/ -isysroot /home/student/.espressif/tools/xtensa-esp-elf/esp-15.2.0_20251204/xtensa-esp-elf/bin/../xtensa-esp-elf /usr/share/cmake-3.22/Modules/CMakeCXXCompilerABI.cpp -ftls-model=local-exec -quiet -dumpdir CMakeFiles/cmTC_00475.dir/ -dumpbase CMakeCXXCompilerABI.cpp.cpp -dumpbase-ext .cpp -mdynconfig=xtensa_esp32.so -mlongcalls -Wno-frame-address -version -fno-rtti -fno-builtin-memcpy -fno-builtin-memset -fno-builtin-bzero -isystem /home/student/.espressif/tools/xtensa-esp-elf/esp-15.2.0_20251204/xtensa-esp-elf/bin/../xtensa-esp-elf/../picolibc/include -isystem /home/student/.espressif/tools/xtensa-esp-elf/esp-15.2.0_20251204/xtensa-esp-elf/bin/../xtensa-esp-elf/../picolibc/include/../xtensa-esp-elf/include/c++/15.2.0/xtensa-esp-elf/esp32/no-rtti -ftls-model=local-exec -o /tmp/ccFnrOZm.s
GNU C++17 (crosstool-NG esp-15.2.0_20251204) version 15.2.0 (xtensa-esp-elf)
	compiled by GNU C version 6.3.0, GMP version 6.3.0, MPFR version 4.2.1, MPC version 1.3.1, isl version isl-0.26-GMP

GGC heuristics: --param ggc-min-expand=100 --param ggc-min-heapsize=131072
ignoring duplicate directory "/home/student/.espressif/tools/xtensa-esp-elf/esp-15.2.0_20251204/xtensa-esp-elf/bin/../lib/gcc/../../lib/gcc/xtensa-esp-elf/15.2.0/../../../../xtensa-esp-elf/include/c++/15.2.0"
ignoring duplicate directory "/home/student/.espressif/tools/xtensa-esp-elf/esp-15.2.0_20251204/xtensa-esp-elf/bin/../lib/gcc/../../lib/gcc/xtensa-esp-elf/15.2.0/../../../../xtensa-esp-elf/include/c++/15.2.0/xtensa-esp-elf/esp32/no-rtti"
ignoring duplicate directory "/home/student/.espressif/tools/xtensa-esp-elf/esp-15.2.0_20251204/xtensa-esp-elf/bin/../lib/gcc/../../lib/gcc/xtensa-esp-elf/15.2.0/../../../../xtensa-esp-elf/include/c++/15.2.0/backward"
ignoring duplicate directory "/home/student/.espressif/tools/xtensa-esp-elf/esp-15.2.0_20251204/xtensa-esp-elf/bin/../lib/gcc/../../lib/gcc/xtensa-esp-elf/15.2.0/include"
ignoring nonexistent directory "/home/student/.espressif/tools/xtensa-esp-elf/esp-15.2.0_20251204/xtensa-esp-elf/bin/../xtensa-esp-elf/builds/idf/crosstool-NG/builds/xtensa-esp-elf/xtensa-esp-elf/include"
ignoring duplicate directory "/home/student/.espressif/tools/xtensa-esp-elf/esp-15.2.0_20251204/xtensa-esp-elf/bin/../lib/gcc/../../lib/gcc/xtensa-esp-elf/15.2.0/include-fixed"
ignoring duplicate directory "/home/student/.espressif/tools/xtensa-esp-elf/esp-15.2.0_20251204/xtensa-esp-elf/bin/../lib/gcc/../../lib/gcc/xtensa-esp-elf/15.2.0/../../../../xtensa-esp-elf/include"
ignoring duplicate directory "/home/student/.espressif/tools/xtensa-esp-elf/esp-15.2.0_20251204/xtensa-esp-elf/bin/../xtensa-esp-elf/include"
#include "..." search starts here:
#include <...> search starts here:
 /home/student/.espressif/tools/xtensa-esp-elf/esp-15.2.0_20251204/xtensa-esp-elf/bin/../xtensa-esp-elf/../picolibc/include
 /home/student/.espressif/tools/xtensa-esp-elf/esp-15.2.0_20251204/xtensa-esp-elf/bin/../xtensa-esp-elf/../picolibc/include/../xtensa-esp-elf/include/c++/15.2.0/xtensa-esp-elf/esp32/no-rtti
 /home/student/.espressif/tools/xtensa-esp-elf/esp-15.2.0_20251204/xtensa-esp-elf/bin/../lib/gcc/xtensa-esp-elf/15.2.0/../../../../xtensa-esp-elf/include/c++/15.2.0
 /home/student/.espressif/tools/xtensa-esp-elf/esp-15.2.0_20251204/xtensa-esp-elf/bin/../lib/gcc/xtensa-esp-elf/15.2.0/../../../../xtensa-esp-elf/include/c++/15.2.0/xtensa-esp-elf/esp32/no-rtti
 /home/student/.espressif/tools/xtensa-esp-elf/esp-15.2.0_20251204/xtensa-esp-elf/bin/../lib/gcc/xtensa-esp-elf/15.2.0/../../../../xtensa-esp-elf/include/c++/15.2.0/backward
 /home/student/.espressif/tools/xtensa-esp-elf/esp-15.2.0_20251204/xtensa-esp-elf/bin/../lib/gcc/xtensa-esp-elf/15.2.0/include
 /home/student/.espressif/tools/xtensa-esp-elf/esp-15.2.0_20251204/xtensa-esp-elf/bin/../lib/gcc/xtensa-esp-elf/15.2.0/include-fixed
 /home/student/.espressif/tools/xtensa-esp-elf/esp-15.2.0_20251204/xtensa-esp-elf/bin/../lib/gcc/xtensa-esp-elf/15.2.0/../../../../xtensa-esp-elf/include
End of search list.
Compiler executable checksum: ddaf5163ec1d262ade9e7a5c85eeee1b
COLLECT_GCC_OPTIONS='-mdynconfig=xtensa_esp32.so' '-fno-rtti' '-Wno-frame-address' '-mlongcalls' '-fno-builtin-memcpy' '-fno-builtin-memset' '-fno-builtin-bzero' '-specs=/home/student/Desktop/ProjekatDisplej/DisplayAudi/build/specs/picolibc.specs' '-v' '-o' 'CMakeFiles/cmTC_00475.dir/CMakeCXXCompilerABI.cpp.obj' '-c' '-dumpdir' 'CMakeFiles/cmTC_00475.dir/'
 /home/student/.espressif/tools/xtensa-esp-elf/esp-15.2.0_20251204/xtensa-esp-elf/bin/../lib/gcc/xtensa-esp-elf/15.2.0/../../../../xtensa-esp-elf/bin/as --traditional-format --longcalls --dynconfig=xtensa_esp32.so -o CMakeFiles/cmTC_00475.dir/CMakeCXXCompilerABI.cpp.obj /tmp/ccFnrOZm.s
COMPILER_PATH=/home/student/.espressif/tools/xtensa-esp-elf/esp-15.2.0_20251204/xtensa-esp-elf/bin/../libexec/gcc/xtensa-esp-elf/15.2.0/:/home/student/.espressif/tools/xtensa-esp-elf/esp-15.2.0_20251204/xtensa-esp-elf/bin/../libexec/gcc/:/home/student/.espressif/tools/xtensa-esp-elf/esp-15.2.0_20251204/xtensa-esp-elf/bin/../lib/gcc/xtensa-esp-elf/15.2.0/../../../../xtensa-esp-elf/bin/
LIBRARY_PATH=/home/student/.espressif/tools/xtensa-esp-elf/esp-15.2.0_20251204/xtensa-esp-elf/bin/../lib/gcc/xtensa-esp-elf/15.2.0/esp32/no-rtti/:/home/student/.espressif/tools/xtensa-esp-elf/esp-15.2.0_20251204/xtensa-esp-elf/bin/../lib/gcc/xtensa-esp-elf/15.2.0/../../../../xtensa-esp-elf/lib/esp32/no-rtti/:/home/student/.espressif/tools/xtensa-esp-elf/esp-15.2.0_20251204/xtensa-esp-elf/bin/../xtensa-esp-elf/lib/esp32/no-rtti/:/home/student/.espressif/tools/xtensa-esp-elf/esp-15.2.0_20251204/xtensa-esp-elf/bin/../lib/gcc/xtensa-esp-elf/15.2.0/:/home/student/.espressif/tools/xtensa-esp-elf/esp-15.2.0_20251204/xtensa-esp-elf/bin/../lib/gcc/:/home/student/.espressif/tools/xtensa-esp-elf/esp-15.2.0_20251204/xtensa-esp-elf/bin/../lib/gcc/xtensa-esp-elf/15.2.0/../../../../xtensa-esp-elf/lib/:/home/student/.espressif/tools/xtensa-esp-elf/esp-15.2.0_20251204/xtensa-esp-elf/bin/../xtensa-esp-elf/lib/:/home/student/.espressif/tools/xtensa-esp-elf/esp-15.2.0_20251204/xtensa-esp-elf/bin/../xtensa-esp-elf/usr/lib/
COLLECT_GCC_OPTIONS='-mdynconfig=xtensa_esp32.so' '-fno-rtti' '-Wno-frame-address' '-mlongcalls' '-fno-builtin-memcpy' '-fno-builtin-memset' '-fno-builtin-bzero' '-specs=/home/student/Desktop/ProjekatDisplej/DisplayAudi/build/specs/picolibc.specs' '-v' '-o' 'CMakeFiles/cmTC_00475.dir/CMakeCXXCompilerABI.cpp.obj' '-c' '-dumpdir' 'CMakeFiles/cmTC_00475.dir/CMakeCXXCompilerABI.cpp.'
[2/2] Linking CXX executable cmTC_00475
Using built-in specs.
Reading specs from /home/student/Desktop/ProjekatDisplej/DisplayAudi/build/specs/picolibc.specs
rename spec link to picolibc_link
rename spec link_libgcc to picolibc_link_libgcc
rename spec cpp to picolibc_cpp
rename spec cc1 to picolibc_cc1
rename spec cc1plus to picolibc_cc1plus
COLLECT_GCC=/home/student/.espressif/tools/xtensa-esp-elf/esp-15.2.0_20251204/xtensa-esp-elf/bin/xtensa-esp-elf-g++
COLLECT_LTO_WRAPPER=/home/student/.espressif/tools/xtensa-esp-elf/esp-15.2.0_20251204/xtensa-esp-elf/bin/../libexec/gcc/xtensa-esp-elf/15.2.0/lto-wrapper
Target: xtensa-esp-elf
Configured with: /builds/idf/crosstool-NG/.build/xtensa-esp-elf/src/gcc/configure --build=x86_64-build_pc-linux-gnu --host=x86_64-build_pc-linux-gnu --target=xtensa-esp-elf --prefix=/builds/idf/crosstool-NG/builds/xtensa-esp-elf --exec_prefix=/builds/idf/crosstool-NG/builds/xtensa-esp-elf --with-local-prefix=/builds/idf/crosstool-NG/builds/xtensa-esp-elf/xtensa-esp-elf --with-sysroot=/builds/idf/crosstool-NG/builds/xtensa-esp-elf/xtensa-esp-elf --with-native-system-header-dir=/include --with-headers=/builds/idf/crosstool-NG/builds/xtensa-esp-elf/xtensa-esp-elf/include --with-newlib --enable-threads=no --disable-shared --with-pkgversion='crosstool-NG esp-15.2.0_20251204' --disable-__cxa_atexit --enable-cxx-flags='-ffunction-sections -fdata-sections' --disable-libgomp --disable-libmudflap --disable-libmpx --disable-libssp --disable-libquadmath --disable-libquadmath-support --disable-libstdcxx-verbose --with-gmp=/builds/idf/crosstool-NG/.build/xtensa-esp-elf/buildtools --with-mpfr=/builds/idf/crosstool-NG/.build/xtensa-esp-elf/buildtools --with-mpc=/builds/idf/crosstool-NG/.build/xtensa-esp-elf/buildtools --with-isl=/builds/idf/crosstool-NG/.build/xtensa-esp-elf/buildtools --enable-lto --enable-target-optspace --without-long-double-128 --enable-plugin --disable-nls --enable-multiarch --enable-languages=c,c++ --disable-libstdcxx-verbose --enable-threads=posix --enable-libstdcxx-time=yes --disable-win32-utf8-manifest
Thread model: posix
Supported LTO compression algorithms: zlib zstd
gcc version 15.2.0 (crosstool-NG esp-15.2.0_20251204) 
COMPILER_PATH=/home/student/.espressif/tools/xtensa-esp-elf/esp-15.2.0_20251204/xtensa-esp-elf/bin/../libexec/gcc/xtensa-esp-elf/15.2.0/:/home/student/.espressif/tools/xtensa-esp-elf/esp-15.2.0_20251204/xtensa-esp-elf/bin/../libexec/gcc/:/home/student/.espressif/tools/xtensa-esp-elf/esp-15.2.0_20251204/xtensa-esp-elf/bin/../lib/gcc/xtensa-esp-elf/15.2.0/../../../../xtensa-esp-elf/bin/
LIBRARY_PATH=/home/student/.espressif/tools/xtensa-esp-elf/esp-15.2.0_20251204/xtensa-esp-elf/bin/../lib/gcc/xtensa-esp-elf/15.2.0/esp32/no-rtti/:/home/student/.espressif/tools/xtensa-esp-elf/esp-15.2.0_20251204/xtensa-esp-elf/bin/../lib/gcc/xtensa-esp-elf/15.2.0/../../../../xtensa-esp-elf/lib/esp32/no-rtti/:/home/student/.espressif/tools/xtensa-esp-elf/esp-15.2.0_20251204/xtensa-esp-elf/bin/../xtensa-esp-elf/lib/esp32/no-rtti/:/home/student/.espressif/tools/xtensa-esp-elf/esp-15.2.0_20251204/xtensa-esp-elf/bin/../lib/gcc/xtensa-esp-elf/15.2.0/:/home/student/.espressif/tools/xtensa-esp-elf/esp-15.2.0_20251204/xtensa-esp-elf/bin/../lib/gcc/:/home/student/.espressif/tools/xtensa-esp-elf/esp-15.2.0_20251204/xtensa-esp-elf/bin/../lib/gcc/xtensa-esp-elf/15.2.0/../../../../xtensa-esp-elf/lib/:/home/student/.espressif/tools/xtensa-esp-elf/esp-15.2.0_20251204/xtensa-esp-elf/bin/../xtensa-esp-elf/lib/:/home/student/.espressif/tools/xtensa-esp-elf/esp-15.2.0_20251204/xtensa-esp-elf/bin/../xtensa-esp-elf/usr/lib/
COLLECT_GCC_OPTIONS='-mdynconfig=xtensa_esp32.so' '-Wno-frame-address' '-mlongcalls' '-fno-builtin-memcpy' '-fno-builtin-memset' '-fno-builtin-bzero' '-specs=/home/student/Desktop/ProjekatDisplej/DisplayAudi/build/specs/picolibc.specs' '-fno-rtti' '-nostartfiles' '-v' '-o' 'cmTC_00475' '-dumpdir' 'cmTC_00475.'
 /home/student/.espressif/tools/xtensa-esp-elf/esp-15.2.0_20251204/xtensa-esp-elf/bin/../libexec/gcc/xtensa-esp-elf/15.2.0/collect2 -plugin /home/student/.espressif/tools/xtensa-esp-elf/esp-15.2.0_20251204/xtensa-esp-elf/bin/../libexec/gcc/xtensa-esp-elf/15.2.0/liblto_plugin.so -plugin-opt=/home/student/.espressif/tools/xtensa-esp-elf/esp-15.2.0_20251204/xtensa-esp-elf/bin/../libexec/gcc/xtensa-esp-elf/15.2.0/lto-wrapper -plugin-opt=-fresolution=/tmp/ccQed4we.res -plugin-opt=-pass-through=-lgcc -plugin-opt=-pass-through=-lgcc -plugin-opt=-pass-through=-lc -plugin-opt=-pass-through=-lgcc -L/home/student/.espressif/tools/xtensa-esp-elf/esp-15.2.0_20251204/xtensa-esp-elf/bin/../xtensa-esp-elf/../picolibc/xtensa-esp-elf/lib/esp32/no-rtti -L/home/student/.espressif/tools/xtensa-esp-elf/esp-15.2.0_20251204/xtensa-esp-elf/bin/../xtensa-esp-elf/../picolibc/xtensa-esp-elf/lib -Tpicolibc.ld --sysroot=/home/student/.espressif/tools/xtensa-esp-elf/esp-15.2.0_20251204/xtensa-esp-elf/bin/../xtensa-esp-elf --dynconfig=xtensa_esp32.so -o cmTC_00475 -L/home/student/.espressif/tools/xtensa-esp-elf/esp-15.2.0_20251204/xtensa-esp-elf/bin/../xtensa-esp-elf/../picolibc/lib/gcc/xtensa-esp-elf/15.2.0/esp32/no-rtti -L/home/student/.espressif/tools/xtensa-esp-elf/esp-15.2.0_20251204/xtensa-esp-elf/bin/../xtensa-esp-elf/../picolibc/lib/gcc/xtensa-esp-elf/15.2.0 -L/home/student/.espressif/tools/xtensa-esp-elf/esp-15.2.0_20251204/xtensa-esp-elf/bin/../lib/gcc/xtensa-esp-elf/15.2.0/esp32/no-rtti -L/home/student/.espressif/tools/xtensa-esp-elf/esp-15.2.0_20251204/xtensa-esp-elf/bin/../lib/gcc/xtensa-esp-elf/15.2.0/../../../../xtensa-esp-elf/lib/esp32/no-rtti -L/home/student/.espressif/tools/xtensa-esp-elf/esp-15.2.0_20251204/xtensa-esp-elf/bin/../xtensa-esp-elf/lib/esp32/no-rtti -L/home/student/.espressif/tools/xtensa-esp-elf/esp-15.2.0_20251204/xtensa-esp-elf/bin/../lib/gcc/xtensa-esp-elf/15.2.0 -L/home/student/.espressif/tools/xtensa-esp-elf/esp-15.2.0_20251204/xtensa-esp-elf/bin/../lib/gcc -L/home/student/.espressif/tools/xtensa-esp-elf/esp-15.2.0_20251204/xtensa-esp-elf/bin/../lib/gcc/xtensa-esp-elf/15.2.0/../../../../xtensa-esp-elf/lib -L/home/student/.espressif/tools/xtensa-esp-elf/esp-15.2.0_20251204/xtensa-esp-elf/bin/../xtensa-esp-elf/lib -L/home/student/.espressif/tools/xtensa-esp-elf/esp-15.2.0_20251204/xtensa-esp-elf/bin/../xtensa-esp-elf/usr/lib @/tmp/ccNhV2dE -lgcc --start-group -lgcc -lc --end-group -lgcc
/home/student/.espressif/tools/xtensa-esp-elf/esp-15.2.0_20251204/xtensa-esp-elf/bin/../lib/gcc/xtensa-esp-elf/15.2.0/../../../../xtensa-esp-elf/bin/ld: warning: cannot find entry symbol _start; defaulting to 10000000
COLLECT_GCC_OPTIONS='-mdynconfig=xtensa_esp32.so' '-Wno-frame-address' '-mlongcalls' '-fno-builtin-memcpy' '-fno-builtin-memset' '-fno-builtin-bzero' '-specs=/home/student/Desktop/ProjekatDisplej/DisplayAudi/build/specs/picolibc.specs' '-fno-rtti' '-nostartfiles' '-v' '-o' 'cmTC_00475' '-dumpdir' 'cmTC_00475.'



Parsed CXX implicit include dir info from above output: rv=done
  found start of include info
  found start of implicit include info
    add: [/home/student/.espressif/tools/xtensa-esp-elf/esp-15.2.0_20251204/xtensa-esp-elf/bin/../xtensa-esp-elf/../picolibc/include]
    add: [/home/student/.espressif/tools/xtensa-esp-elf/esp-15.2.0_20251204/xtensa-esp-elf/bin/../xtensa-esp-elf/../picolibc/include/../xtensa-esp-elf/include/c++/15.2.0/xtensa-esp-elf/esp32/no-rtti]
    add: [/home/student/.espressif/tools/xtensa-esp-elf/esp-15.2.0_20251204/xtensa-esp-elf/bin/../lib/gcc/xtensa-esp-elf/15.2.0/../../../../xtensa-esp-elf/include/c++/15.2.0]
    add: [/home/student/.espressif/tools/xtensa-esp-elf/esp-15.2.0_20251204/xtensa-esp-elf/bin/../lib/gcc/xtensa-esp-elf/15.2.0/../../../../xtensa-esp-elf/include/c++/15.2.0/xtensa-esp-elf/esp32/no-rtti]
    add: [/home/student/.espressif/tools/xtensa-esp-elf/esp-15.2.0_20251204/xtensa-esp-elf/bin/../lib/gcc/xtensa-esp-elf/15.2.0/../../../../xtensa-esp-elf/include/c++/15.2.0/backward]
    add: [/home/student/.espressif/tools/xtensa-esp-elf/esp-15.2.0_20251204/xtensa-esp-elf/bin/../lib/gcc/xtensa-esp-elf/15.2.0/include]
    add: [/home/student/.espressif/tools/xtensa-esp-elf/esp-15.2.0_20251204/xtensa-esp-elf/bin/../lib/gcc/xtensa-esp-elf/15.2.0/include-fixed]
    add: [/home/student/.espressif/tools/xtensa-esp-elf/esp-15.2.0_20251204/xtensa-esp-elf/bin/../lib/gcc/xtensa-esp-elf/15.2.0/../../../../xtensa-esp-elf/include]
  end of search list found
  collapse include dir [/home/student/.espressif/tools/xtensa-esp-elf/esp-15.2.0_20251204/xtensa-esp-elf/bin/../xtensa-esp-elf/../picolibc/include] ==> [/home/student/.espressif/tools/xtensa-esp-elf/esp-15.2.0_20251204/xtensa-esp-elf/picolibc/include]
  collapse include dir [/home/student/.espressif/tools/xtensa-esp-elf/esp-15.2.0_20251204/xtensa-esp-elf/bin/../xtensa-esp-elf/../picolibc/include/../xtensa-esp-elf/include/c++/15.2.0/xtensa-esp-elf/esp32/no-rtti] ==> [/home/student/.espressif/tools/xtensa-esp-elf/esp-15.2.0_20251204/xtensa-esp-elf/picolibc/xtensa-esp-elf/include/c++/15.2.0/xtensa-esp-elf/esp32/no-rtti]
  collapse include dir [/home/student/.espressif/tools/xtensa-esp-elf/esp-15.2.0_20251204/xtensa-esp-elf/bin/../lib/gcc/xtensa-esp-elf/15.2.0/../../../../xtensa-esp-elf/include/c++/15.2.0] ==> [/home/student/.espressif/tools/xtensa-esp-elf/esp-15.2.0_20251204/xtensa-esp-elf/xtensa-esp-elf/include/c++/15.2.0]
  collapse include dir [/home/student/.espressif/tools/xtensa-esp-elf/esp-15.2.0_20251204/xtensa-esp-elf/bin/../lib/gcc/xtensa-esp-elf/15.2.0/../../../../xtensa-esp-elf/include/c++/15.2.0/xtensa-esp-elf/esp32/no-rtti] ==> [/home/student/.espressif/tools/xtensa-esp-elf/esp-15.2.0_20251204/xtensa-esp-elf/xtensa-esp-elf/include/c++/15.2.0/xtensa-esp-elf/esp32/no-rtti]
  collapse include dir [/home/student/.espressif/tools/xtensa-esp-elf/esp-15.2.0_20251204/xtensa-esp-elf/bin/../lib/gcc/xtensa-esp-elf/15.2.0/../../../../xtensa-esp-elf/include/c++/15.2.0/backward] ==> [/home/student/.espressif/tools/xtensa-esp-elf/esp-15.2.0_20251204/xtensa-esp-elf/xtensa-esp-elf/include/c++/15.2.0/backward]
  collapse include dir [/home/student/.espressif/tools/xtensa-esp-elf/esp-15.2.0_20251204/xtensa-esp-elf/bin/../lib/gcc/xtensa-esp-elf/15.2.0/include] ==> [/home/student/.espressif/tools/xtensa-esp-elf/esp-15.2.0_20251204/xtensa-esp-elf/lib/gcc/xtensa-esp-elf/15.2.0/include]
  collapse include dir [/home/student/.espressif/tools/xtensa-esp-elf/esp-15.2.0_20251204/xtensa-esp-elf/bin/../lib/gcc/xtensa-esp-elf/15.2.0/include-fixed] ==> [/home/student/.espressif/tools/xtensa-esp-elf/esp-15.2.0_20251204/xtensa-esp-elf/lib/gcc/xtensa-esp-elf/15.2.0/include-fixed]
  collapse include dir [/home/student/.espressif/tools/xtensa-esp-elf/esp-15.2.0_20251204/xtensa-esp-elf/bin/../lib/gcc/xtensa-esp-elf/15.2.0/../../../../xtensa-esp-elf/include] ==> [/home/student/.espressif/tools/xtensa-esp-elf/esp-15.2.0_20251204/xtensa-esp-elf/xtensa-esp-elf/include]
  implicit include dirs: [/home/student/.espressif/tools/xtensa-esp-elf/esp-15.2.0_20251204/xtensa-esp-elf/picolibc/include;/home/student/.espressif/tools/xtensa-esp-elf/esp-15.2.0_20251204/xtensa-esp-elf/picolibc/xtensa-esp-elf/include/c++/15.2.0/xtensa-esp-elf/esp32/no-rtti;/home/student/.espressif/tools/xtensa-esp-elf/esp-15.2.0_20251204/xtensa-esp-elf/xtensa-esp-elf/include/c++/15.2.0;/home/student/.espressif/tools/xtensa-esp-elf/esp-15.2.0_20251204/xtensa-esp-elf/xtensa-esp-elf/include/c++/15.2.0/xtensa-esp-elf/esp32/no-rtti;/home/student/.espressif/tools/xtensa-esp-elf/esp-15.2.0_20251204/xtensa-esp-elf/xtensa-esp-elf/include/c++/15.2.0/backward;/home/student/.espressif/tools/xtensa-esp-elf/esp-15.2.0_20251204/xtensa-esp-elf/lib/gcc/xtensa-esp-elf/15.2.0/include;/home/student/.espressif/tools/xtensa-esp-elf/esp-15.2.0_20251204/xtensa-esp-elf/lib/gcc/xtensa-esp-elf/15.2.0/include-fixed;/home/student/.espressif/tools/xtensa-esp-elf/esp-15.2.0_20251204/xtensa-esp-elf/xtensa-esp-elf/include]


Parsed CXX implicit link information from above output:
  link line regex: [^( *|.*[/\])(xtensa-esp32-elf-ld|CMAKE_LINK_STARTFILE-NOTFOUND|([^/\]+-)?ld|collect2)[^/\]*( |$)]
  ignore line: [Change Dir: /home/student/Desktop/ProjekatDisplej/DisplayAudi/build/CMakeFiles/CMakeTmp]
  ignore line: []
  ignore line: [Run Build Command(s):/usr/bin/ninja cmTC_00475 && [1/2] Building CXX object CMakeFiles/cmTC_00475.dir/CMakeCXXCompilerABI.cpp.obj]
  ignore line: [Using built-in specs.]
  ignore line: [Reading specs from /home/student/Desktop/ProjekatDisplej/DisplayAudi/build/specs/picolibc.specs]
  ignore line: [rename spec link to picolibc_link]
  ignore line: [rename spec link_libgcc to picolibc_link_libgcc]
  ignore line: [rename spec cpp to picolibc_cpp]
  ignore line: [rename spec cc1 to picolibc_cc1]
  ignore line: [rename spec cc1plus to picolibc_cc1plus]
  ignore line: [COLLECT_GCC=/home/student/.espressif/tools/xtensa-esp-elf/esp-15.2.0_20251204/xtensa-esp-elf/bin/xtensa-esp-elf-g++]
  ignore line: [Target: xtensa-esp-elf]
  ignore line: [Configured with: /builds/idf/crosstool-NG/.build/xtensa-esp-elf/src/gcc/configure --build=x86_64-build_pc-linux-gnu --host=x86_64-build_pc-linux-gnu --target=xtensa-esp-elf --prefix=/builds/idf/crosstool-NG/builds/xtensa-esp-elf --exec_prefix=/builds/idf/crosstool-NG/builds/xtensa-esp-elf --with-local-prefix=/builds/idf/crosstool-NG/builds/xtensa-esp-elf/xtensa-esp-elf --with-sysroot=/builds/idf/crosstool-NG/builds/xtensa-esp-elf/xtensa-esp-elf --with-native-system-header-dir=/include --with-headers=/builds/idf/crosstool-NG/builds/xtensa-esp-elf/xtensa-esp-elf/include --with-newlib --enable-threads=no --disable-shared --with-pkgversion='crosstool-NG esp-15.2.0_20251204' --disable-__cxa_atexit --enable-cxx-flags='-ffunction-sections -fdata-sections' --disable-libgomp --disable-libmudflap --disable-libmpx --disable-libssp --disable-libquadmath --disable-libquadmath-support --disable-libstdcxx-verbose --with-gmp=/builds/idf/crosstool-NG/.build/xtensa-esp-elf/buildtools --with-mpfr=/builds/idf/crosstool-NG/.build/xtensa-esp-elf/buildtools --with-mpc=/builds/idf/crosstool-NG/.build/xtensa-esp-elf/buildtools --with-isl=/builds/idf/crosstool-NG/.build/xtensa-esp-elf/buildtools --enable-lto --enable-target-optspace --without-long-double-128 --enable-plugin --disable-nls --enable-multiarch --enable-languages=c c++ --disable-libstdcxx-verbose --enable-threads=posix --enable-libstdcxx-time=yes --disable-win32-utf8-manifest]
  ignore line: [Thread model: posix]
  ignore line: [Supported LTO compression algorithms: zlib zstd]
  ignore line: [gcc version 15.2.0 (crosstool-NG esp-15.2.0_20251204) ]
  ignore line: [COLLECT_GCC_OPTIONS='-mdynconfig=xtensa_esp32.so' '-fno-rtti' '-Wno-frame-address' '-mlongcalls' '-fno-builtin-memcpy' '-fno-builtin-memset' '-fno-builtin-bzero' '-specs=/home/student/Desktop/ProjekatDisplej/DisplayAudi/build/specs/picolibc.specs' '-v' '-o' 'CMakeFiles/cmTC_00475.dir/CMakeCXXCompilerABI.cpp.obj' '-c' '-dumpdir' 'CMakeFiles/cmTC_00475.dir/']
  ignore line: [ /home/student/.espressif/tools/xtensa-esp-elf/esp-15.2.0_20251204/xtensa-esp-elf/bin/../libexec/gcc/xtensa-esp-elf/15.2.0/cc1plus -quiet -v -imultilib esp32/no-rtti -iprefix /home/student/.espressif/tools/xtensa-esp-elf/esp-15.2.0_20251204/xtensa-esp-elf/bin/../lib/gcc/xtensa-esp-elf/15.2.0/ -isysroot /home/student/.espressif/tools/xtensa-esp-elf/esp-15.2.0_20251204/xtensa-esp-elf/bin/../xtensa-esp-elf /usr/share/cmake-3.22/Modules/CMakeCXXCompilerABI.cpp -ftls-model=local-exec -quiet -dumpdir CMakeFiles/cmTC_00475.dir/ -dumpbase CMakeCXXCompilerABI.cpp.cpp -dumpbase-ext .cpp -mdynconfig=xtensa_esp32.so -mlongcalls -Wno-frame-address -version -fno-rtti -fno-builtin-memcpy -fno-builtin-memset -fno-builtin-bzero -isystem /home/student/.espressif/tools/xtensa-esp-elf/esp-15.2.0_20251204/xtensa-esp-elf/bin/../xtensa-esp-elf/../picolibc/include -isystem /home/student/.espressif/tools/xtensa-esp-elf/esp-15.2.0_20251204/xtensa-esp-elf/bin/../xtensa-esp-elf/../picolibc/include/../xtensa-esp-elf/include/c++/15.2.0/xtensa-esp-elf/esp32/no-rtti -ftls-model=local-exec -o /tmp/ccFnrOZm.s]
  ignore line: [GNU C++17 (crosstool-NG esp-15.2.0_20251204) version 15.2.0 (xtensa-esp-elf)]
  ignore line: [	compiled by GNU C version 6.3.0  GMP version 6.3.0  MPFR version 4.2.1  MPC version 1.3.1  isl version isl-0.26-GMP]
  ignore line: []
  ignore line: [GGC heuristics: --param ggc-min-expand=100 --param ggc-min-heapsize=131072]
  ignore line: [ignoring duplicate directory "/home/student/.espressif/tools/xtensa-esp-elf/esp-15.2.0_20251204/xtensa-esp-elf/bin/../lib/gcc/../../lib/gcc/xtensa-esp-elf/15.2.0/../../../../xtensa-esp-elf/include/c++/15.2.0"]
  ignore line: [ignoring duplicate directory "/home/student/.espressif/tools/xtensa-esp-elf/esp-15.2.0_20251204/xtensa-esp-elf/bin/../lib/gcc/../../lib/gcc/xtensa-esp-elf/15.2.0/../../../../xtensa-esp-elf/include/c++/15.2.0/xtensa-esp-elf/esp32/no-rtti"]
  ignore line: [ignoring duplicate directory "/home/student/.espressif/tools/xtensa-esp-elf/esp-15.2.0_20251204/xtensa-esp-elf/bin/../lib/gcc/../../lib/gcc/xtensa-esp-elf/15.2.0/../../../../xtensa-esp-elf/include/c++/15.2.0/backward"]
  ignore line: [ignoring duplicate directory "/home/student/.espressif/tools/xtensa-esp-elf/esp-15.2.0_20251204/xtensa-esp-elf/bin/../lib/gcc/../../lib/gcc/xtensa-esp-elf/15.2.0/include"]
  ignore line: [ignoring nonexistent directory "/home/student/.espressif/tools/xtensa-esp-elf/esp-15.2.0_20251204/xtensa-esp-elf/bin/../xtensa-esp-elf/builds/idf/crosstool-NG/builds/xtensa-esp-elf/xtensa-esp-elf/include"]
  ignore line: [ignoring duplicate directory "/home/student/.espressif/tools/xtensa-esp-elf/esp-15.2.0_20251204/xtensa-esp-elf/bin/../lib/gcc/../../lib/gcc/xtensa-esp-elf/15.2.0/include-fixed"]
  ignore line: [ignoring duplicate directory "/home/student/.espressif/tools/xtensa-esp-elf/esp-15.2.0_20251204/xtensa-esp-elf/bin/../lib/gcc/../../lib/gcc/xtensa-esp-elf/15.2.0/../../../../xtensa-esp-elf/include"]
  ignore line: [ignoring duplicate directory "/home/student/.espressif/tools/xtensa-esp-elf/esp-15.2.0_20251204/xtensa-esp-elf/bin/../xtensa-esp-elf/include"]
  ignore line: [#include "..." search starts here:]
  ignore line: [#include <...> search starts here:]
  ignore line: [ /home/student/.espressif/tools/xtensa-esp-elf/esp-15.2.0_20251204/xtensa-esp-elf/bin/../xtensa-esp-elf/../picolibc/include]
  ignore line: [ /home/student/.espressif/tools/xtensa-esp-elf/esp-15.2.0_20251204/xtensa-esp-elf/bin/../xtensa-esp-elf/../picolibc/include/../xtensa-esp-elf/include/c++/15.2.0/xtensa-esp-elf/esp32/no-rtti]
  ignore line: [ /home/student/.espressif/tools/xtensa-esp-elf/esp-15.2.0_20251204/xtensa-esp-elf/bin/../lib/gcc/xtensa-esp-elf/15.2.0/../../../../xtensa-esp-elf/include/c++/15.2.0]
  ignore line: [ /home/student/.espressif/tools/xtensa-esp-elf/esp-15.2.0_20251204/xtensa-esp-elf/bin/../lib/gcc/xtensa-esp-elf/15.2.0/../../../../xtensa-esp-elf/include/c++/15.2.0/xtensa-esp-elf/esp32/no-rtti]
  ignore line: [ /home/student/.espressif/tools/xtensa-esp-elf/esp-15.2.0_20251204/xtensa-esp-elf/bin/../lib/gcc/xtensa-esp-elf/15.2.0/../../../../xtensa-esp-elf/include/c++/15.2.0/backward]
  ignore line: [ /home/student/.espressif/tools/xtensa-esp-elf/esp-15.2.0_20251204/xtensa-esp-elf/bin/../lib/gcc/xtensa-esp-elf/15.2.0/include]
  ignore line: [ /home/student/.espressif/tools/xtensa-esp-elf/esp-15.2.0_20251204/xtensa-esp-elf/bin/../lib/gcc/xtensa-esp-elf/15.2.0/include-fixed]
  ignore line: [ /home/student/.espressif/tools/xtensa-esp-elf/esp-15.2.0_20251204/xtensa-esp-elf/bin/../lib/gcc/xtensa-esp-elf/15.2.0/../../../../xtensa-esp-elf/include]
  ignore line: [End of search list.]
  ignore line: [Compiler executable checksum: ddaf5163ec1d262ade9e7a5c85eeee1b]
  ignore line: [COLLECT_GCC_OPTIONS='-mdynconfig=xtensa_esp32.so' '-fno-rtti' '-Wno-frame-address' '-mlongcalls' '-fno-builtin-memcpy' '-fno-builtin-memset' '-fno-builtin-bzero' '-specs=/home/student/Desktop/ProjekatDisplej/DisplayAudi/build/specs/picolibc.specs' '-v' '-o' 'CMakeFiles/cmTC_00475.dir/CMakeCXXCompilerABI.cpp.obj' '-c' '-dumpdir' 'CMakeFiles/cmTC_00475.dir/']
  ignore line: [ /home/student/.espressif/tools/xtensa-esp-elf/esp-15.2.0_20251204/xtensa-esp-elf/bin/../lib/gcc/xtensa-esp-elf/15.2.0/../../../../xtensa-esp-elf/bin/as --traditional-format --longcalls --dynconfig=xtensa_esp32.so -o CMakeFiles/cmTC_00475.dir/CMakeCXXCompilerABI.cpp.obj /tmp/ccFnrOZm.s]
  ignore line: [COMPILER_PATH=/home/student/.espressif/tools/xtensa-esp-elf/esp-15.2.0_20251204/xtensa-esp-elf/bin/../libexec/gcc/xtensa-esp-elf/15.2.0/:/home/student/.espressif/tools/xtensa-esp-elf/esp-15.2.0_20251204/xtensa-esp-elf/bin/../libexec/gcc/:/home/student/.espressif/tools/xtensa-esp-elf/esp-15.2.0_20251204/xtensa-esp-elf/bin/../lib/gcc/xtensa-esp-elf/15.2.0/../../../../xtensa-esp-elf/bin/]
  ignore line: [LIBRARY_PATH=/home/student/.espressif/tools/xtensa-esp-elf/esp-15.2.0_20251204/xtensa-esp-elf/bin/../lib/gcc/xtensa-esp-elf/15.2.0/esp32/no-rtti/:/home/student/.espressif/tools/xtensa-esp-elf/esp-15.2.0_20251204/xtensa-esp-elf/bin/../lib/gcc/xtensa-esp-elf/15.2.0/../../../../xtensa-esp-elf/lib/esp32/no-rtti/:/home/student/.espressif/tools/xtensa-esp-elf/esp-15.2.0_20251204/xtensa-esp-elf/bin/../xtensa-esp-elf/lib/esp32/no-rtti/:/home/student/.espressif/tools/xtensa-esp-elf/esp-15.2.0_20251204/xtensa-esp-elf/bin/../lib/gcc/xtensa-esp-elf/15.2.0/:/home/student/.espressif/tools/xtensa-esp-elf/esp-15.2.0_20251204/xtensa-esp-elf/bin/../lib/gcc/:/home/student/.espressif/tools/xtensa-esp-elf/esp-15.2.0_20251204/xtensa-esp-elf/bin/../lib/gcc/xtensa-esp-elf/15.2.0/../../../../xtensa-esp-elf/lib/:/home/student/.espressif/tools/xtensa-esp-elf/esp-15.2.0_20251204/xtensa-esp-elf/bin/../xtensa-esp-elf/lib/:/home/student/.espressif/tools/xtensa-esp-elf/esp-15.2.0_20251204/xtensa-esp-elf/bin/../xtensa-esp-elf/usr/lib/]
  ignore line: [COLLECT_GCC_OPTIONS='-mdynconfig=xtensa_esp32.so' '-fno-rtti' '-Wno-frame-address' '-mlongcalls' '-fno-builtin-memcpy' '-fno-builtin-memset' '-fno-builtin-bzero' '-specs=/home/student/Desktop/ProjekatDisplej/DisplayAudi/build/specs/picolibc.specs' '-v' '-o' 'CMakeFiles/cmTC_00475.dir/CMakeCXXCompilerABI.cpp.obj' '-c' '-dumpdir' 'CMakeFiles/cmTC_00475.dir/CMakeCXXCompilerABI.cpp.']
  ignore line: [[2/2] Linking CXX executable cmTC_00475]
  ignore line: [Using built-in specs.]
  ignore line: [Reading specs from /home/student/Desktop/ProjekatDisplej/DisplayAudi/build/specs/picolibc.specs]
  ignore line: [rename spec link to picolibc_link]
  ignore line: [rename spec link_libgcc to picolibc_link_libgcc]
  ignore line: [rename spec cpp to picolibc_cpp]
  ignore line: [rename spec cc1 to picolibc_cc1]
  ignore line: [rename spec cc1plus to picolibc_cc1plus]
  ignore line: [COLLECT_GCC=/home/student/.espressif/tools/xtensa-esp-elf/esp-15.2.0_20251204/xtensa-esp-elf/bin/xtensa-esp-elf-g++]
  ignore line: [COLLECT_LTO_WRAPPER=/home/student/.espressif/tools/xtensa-esp-elf/esp-15.2.0_20251204/xtensa-esp-elf/bin/../libexec/gcc/xtensa-esp-elf/15.2.0/lto-wrapper]
  ignore line: [Target: xtensa-esp-elf]
  ignore line: [Configured with: /builds/idf/crosstool-NG/.build/xtensa-esp-elf/src/gcc/configure --build=x86_64-build_pc-linux-gnu --host=x86_64-build_pc-linux-gnu --target=xtensa-esp-elf --prefix=/builds/idf/crosstool-NG/builds/xtensa-esp-elf --exec_prefix=/builds/idf/crosstool-NG/builds/xtensa-esp-elf --with-local-prefix=/builds/idf/crosstool-NG/builds/xtensa-esp-elf/xtensa-esp-elf --with-sysroot=/builds/idf/crosstool-NG/builds/xtensa-esp-elf/xtensa-esp-elf --with-native-system-header-dir=/include --with-headers=/builds/idf/crosstool-NG/builds/xtensa-esp-elf/xtensa-esp-elf/include --with-newlib --enable-threads=no --disable-shared --with-pkgversion='crosstool-NG esp-15.2.0_20251204' --disable-__cxa_atexit --enable-cxx-flags='-ffunction-sections -fdata-sections' --disable-libgomp --disable-libmudflap --disable-libmpx --disable-libssp --disable-libquadmath --disable-libquadmath-support --disable-libstdcxx-verbose --with-gmp=/builds/idf/crosstool-NG/.build/xtensa-esp-elf/buildtools --with-mpfr=/builds/idf/crosstool-NG/.build/xtensa-esp-elf/buildtools --with-mpc=/builds/idf/crosstool-NG/.build/xtensa-esp-elf/buildtools --with-isl=/builds/idf/crosstool-NG/.build/xtensa-esp-elf/buildtools --enable-lto --enable-target-optspace --without-long-double-128 --enable-plugin --disable-nls --enable-multiarch --enable-languages=c c++ --disable-libstdcxx-verbose --enable-threads=posix --enable-libstdcxx-time=yes --disable-win32-utf8-manifest]
  ignore line: [Thread model: posix]
  ignore line: [Supported LTO compression algorithms: zlib zstd]
  ignore line: [gcc version 15.2.0 (crosstool-NG esp-15.2.0_20251204) ]
  ignore line: [COMPILER_PATH=/home/student/.espressif/tools/xtensa-esp-elf/esp-15.2.0_20251204/xtensa-esp-elf/bin/../libexec/gcc/xtensa-esp-elf/15.2.0/:/home/student/.espressif/tools/xtensa-esp-elf/esp-15.2.0_20251204/xtensa-esp-elf/bin/../libexec/gcc/:/home/student/.espressif/tools/xtensa-esp-elf/esp-15.2.0_20251204/xtensa-esp-elf/bin/../lib/gcc/xtensa-esp-elf/15.2.0/../../../../xtensa-esp-elf/bin/]
  ignore line: [LIBRARY_PATH=/home/student/.espressif/tools/xtensa-esp-elf/esp-15.2.0_20251204/xtensa-esp-elf/bin/../lib/gcc/xtensa-esp-elf/15.2.0/esp32/no-rtti/:/home/student/.espressif/tools/xtensa-esp-elf/esp-15.2.0_20251204/xtensa-esp-elf/bin/../lib/gcc/xtensa-esp-elf/15.2.0/../../../../xtensa-esp-elf/lib/esp32/no-rtti/:/home/student/.espressif/tools/xtensa-esp-elf/esp-15.2.0_20251204/xtensa-esp-elf/bin/../xtensa-esp-elf/lib/esp32/no-rtti/:/home/student/.espressif/tools/xtensa-esp-elf/esp-15.2.0_20251204/xtensa-esp-elf/bin/../lib/gcc/xtensa-esp-elf/15.2.0/:/home/student/.espressif/tools/xtensa-esp-elf/esp-15.2.0_20251204/xtensa-esp-elf/bin/../lib/gcc/:/home/student/.espressif/tools/xtensa-esp-elf/esp-15.2.0_20251204/xtensa-esp-elf/bin/../lib/gcc/xtensa-esp-elf/15.2.0/../../../../xtensa-esp-elf/lib/:/home/student/.espressif/tools/xtensa-esp-elf/esp-15.2.0_20251204/xtensa-esp-elf/bin/../xtensa-esp-elf/lib/:/home/student/.espressif/tools/xtensa-esp-elf/esp-15.2.0_20251204/xtensa-esp-elf/bin/../xtensa-esp-elf/usr/lib/]
  ignore line: [COLLECT_GCC_OPTIONS='-mdynconfig=xtensa_esp32.so' '-Wno-frame-address' '-mlongcalls' '-fno-builtin-memcpy' '-fno-builtin-memset' '-fno-builtin-bzero' '-specs=/home/student/Desktop/ProjekatDisplej/DisplayAudi/build/specs/picolibc.specs' '-fno-rtti' '-nostartfiles' '-v' '-o' 'cmTC_00475' '-dumpdir' 'cmTC_00475.']
  link line: [ /home/student/.espressif/tools/xtensa-esp-elf/esp-15.2.0_20251204/xtensa-esp-elf/bin/../libexec/gcc/xtensa-esp-elf/15.2.0/collect2 -plugin /home/student/.espressif/tools/xtensa-esp-elf/esp-15.2.0_20251204/xtensa-esp-elf/bin/../libexec/gcc/xtensa-esp-elf/15.2.0/liblto_plugin.so -plugin-opt=/home/student/.espressif/tools/xtensa-esp-elf/esp-15.2.0_20251204/xtensa-esp-elf/bin/../libexec/gcc/xtensa-esp-elf/15.2.0/lto-wrapper -plugin-opt=-fresolution=/tmp/ccQed4we.res -plugin-opt=-pass-through=-lgcc -plugin-opt=-pass-through=-lgcc -plugin-opt=-pass-through=-lc -plugin-opt=-pass-through=-lgcc -L/home/student/.espressif/tools/xtensa-esp-elf/esp-15.2.0_20251204/xtensa-esp-elf/bin/../xtensa-esp-elf/../picolibc/xtensa-esp-elf/lib/esp32/no-rtti -L/home/student/.espressif/tools/xtensa-esp-elf/esp-15.2.0_20251204/xtensa-esp-elf/bin/../xtensa-esp-elf/../picolibc/xtensa-esp-elf/lib -Tpicolibc.ld --sysroot=/home/student/.espressif/tools/xtensa-esp-elf/esp-15.2.0_20251204/xtensa-esp-elf/bin/../xtensa-esp-elf --dynconfig=xtensa_esp32.so -o cmTC_00475 -L/home/student/.espressif/tools/xtensa-esp-elf/esp-15.2.0_20251204/xtensa-esp-elf/bin/../xtensa-esp-elf/../picolibc/lib/gcc/xtensa-esp-elf/15.2.0/esp32/no-rtti -L/home/student/.espressif/tools/xtensa-esp-elf/esp-15.2.0_20251204/xtensa-esp-elf/bin/../xtensa-esp-elf/../picolibc/lib/gcc/xtensa-esp-elf/15.2.0 -L/home/student/.espressif/tools/xtensa-esp-elf/esp-15.2.0_20251204/xtensa-esp-elf/bin/../lib/gcc/xtensa-esp-elf/15.2.0/esp32/no-rtti -L/home/student/.espressif/tools/xtensa-esp-elf/esp-15.2.0_20251204/xtensa-esp-elf/bin/../lib/gcc/xtensa-esp-elf/15.2.0/../../../../xtensa-esp-elf/lib/esp32/no-rtti -L/home/student/.espressif/tools/xtensa-esp-elf/esp-15.2.0_20251204/xtensa-esp-elf/bin/../xtensa-esp-elf/lib/esp32/no-rtti -L/home/student/.espressif/tools/xtensa-esp-elf/esp-15.2.0_20251204/xtensa-esp-elf/bin/../lib/gcc/xtensa-esp-elf/15.2.0 -L/home/student/.espressif/tools/xtensa-esp-elf/esp-15.2.0_20251204/xtensa-esp-elf/bin/../lib/gcc -L/home/student/.espressif/tools/xtensa-esp-elf/esp-15.2.0_20251204/xtensa-esp-elf/bin/../lib/gcc/xtensa-esp-elf/15.2.0/../../../../xtensa-esp-elf/lib -L/home/student/.espressif/tools/xtensa-esp-elf/esp-15.2.0_20251204/xtensa-esp-elf/bin/../xtensa-esp-elf/lib -L/home/student/.espressif/tools/xtensa-esp-elf/esp-15.2.0_20251204/xtensa-esp-elf/bin/../xtensa-esp-elf/usr/lib @/tmp/ccNhV2dE -lgcc --start-group -lgcc -lc --end-group -lgcc]
    arg [/home/student/.espressif/tools/xtensa-esp-elf/esp-15.2.0_20251204/xtensa-esp-elf/bin/../libexec/gcc/xtensa-esp-elf/15.2.0/collect2] ==> ignore
    arg [-plugin] ==> ignore
    arg [/home/student/.espressif/tools/xtensa-esp-elf/esp-15.2.0_20251204/xtensa-esp-elf/bin/../libexec/gcc/xtensa-esp-elf/15.2.0/liblto_plugin.so] ==> ignore
    arg [-plugin-opt=/home/student/.espressif/tools/xtensa-esp-elf/esp-15.2.0_20251204/xtensa-esp-elf/bin/../libexec/gcc/xtensa-esp-elf/15.2.0/lto-wrapper] ==> ignore
    arg [-plugin-opt=-fresolution=/tmp/ccQed4we.res] ==> ignore
    arg [-plugin-opt=-pass-through=-lgcc] ==> ignore
    arg [-plugin-opt=-pass-through=-lgcc] ==> ignore
    arg [-plugin-opt=-pass-through=-lc] ==> ignore
    arg [-plugin-opt=-pass-through=-lgcc] ==> ignore
    arg [-L/home/student/.espressif/tools/xtensa-esp-elf/esp-15.2.0_20251204/xtensa-esp-elf/bin/../xtensa-esp-elf/../picolibc/xtensa-esp-elf/lib/esp32/no-rtti] ==> dir [/home/student/.espressif/tools/xtensa-esp-elf/esp-15.2.0_20251204/xtensa-esp-elf/bin/../xtensa-esp-elf/../picolibc/xtensa-esp-elf/lib/esp32/no-rtti]
    arg [-L/home/student/.espressif/tools/xtensa-esp-elf/esp-15.2.0_20251204/xtensa-esp-elf/bin/../xtensa-esp-elf/../picolibc/xtensa-esp-elf/lib] ==> dir [/home/student/.espressif/tools/xtensa-esp-elf/esp-15.2.0_20251204/xtensa-esp-elf/bin/../xtensa-esp-elf/../picolibc/xtensa-esp-elf/lib]
    arg [-Tpicolibc.ld] ==> ignore
    arg [--sysroot=/home/student/.espressif/tools/xtensa-esp-elf/esp-15.2.0_20251204/xtensa-esp-elf/bin/../xtensa-esp-elf] ==> ignore
    arg [--dynconfig=xtensa_esp32.so] ==> ignore
    arg [-o] ==> ignore
    arg [cmTC_00475] ==> ignore
    arg [-L/home/student/.espressif/tools/xtensa-esp-elf/esp-15.2.0_20251204/xtensa-esp-elf/bin/../xtensa-esp-elf/../picolibc/lib/gcc/xtensa-esp-elf/15.2.0/esp32/no-rtti] ==> dir [/home/student/.espressif/tools/xtensa-esp-elf/esp-15.2.0_20251204/xtensa-esp-elf/bin/../xtensa-esp-elf/../picolibc/lib/gcc/xtensa-esp-elf/15.2.0/esp32/no-rtti]
    arg [-L/home/student/.espressif/tools/xtensa-esp-elf/esp-15.2.0_20251204/xtensa-esp-elf/bin/../xtensa-esp-elf/../picolibc/lib/gcc/xtensa-esp-elf/15.2.0] ==> dir [/home/student/.espressif/tools/xtensa-esp-elf/esp-15.2.0_20251204/xtensa-esp-elf/bin/../xtensa-esp-elf/../picolibc/lib/gcc/xtensa-esp-elf/15.2.0]
    arg [-L/home/student/.espressif/tools/xtensa-esp-elf/esp-15.2.0_20251204/xtensa-esp-elf/bin/../lib/gcc/xtensa-esp-elf/15.2.0/esp32/no-rtti] ==> dir [/home/student/.espressif/tools/xtensa-esp-elf/esp-15.2.0_20251204/xtensa-esp-elf/bin/../lib/gcc/xtensa-esp-elf/15.2.0/esp32/no-rtti]
    arg [-L/home/student/.espressif/tools/xtensa-esp-elf/esp-15.2.0_20251204/xtensa-esp-elf/bin/../lib/gcc/xtensa-esp-elf/15.2.0/../../../../xtensa-esp-elf/lib/esp32/no-rtti] ==> dir [/home/student/.espressif/tools/xtensa-esp-elf/esp-15.2.0_20251204/xtensa-esp-elf/bin/../lib/gcc/xtensa-esp-elf/15.2.0/../../../../xtensa-esp-elf/lib/esp32/no-rtti]
    arg [-L/home/student/.espressif/tools/xtensa-esp-elf/esp-15.2.0_20251204/xtensa-esp-elf/bin/../xtensa-esp-elf/lib/esp32/no-rtti] ==> dir [/home/student/.espressif/tools/xtensa-esp-elf/esp-15.2.0_20251204/xtensa-esp-elf/bin/../xtensa-esp-elf/lib/esp32/no-rtti]
    arg [-L/home/student/.espressif/tools/xtensa-esp-elf/esp-15.2.0_20251204/xtensa-esp-elf/bin/../lib/gcc/xtensa-esp-elf/15.2.0] ==> dir [/home/student/.espressif/tools/xtensa-esp-elf/esp-15.2.0_20251204/xtensa-esp-elf/bin/../lib/gcc/xtensa-esp-elf/15.2.0]
    arg [-L/home/student/.espressif/tools/xtensa-esp-elf/esp-15.2.0_20251204/xtensa-esp-elf/bin/../lib/gcc] ==> dir [/home/student/.espressif/tools/xtensa-esp-elf/esp-15.2.0_20251204/xtensa-esp-elf/bin/../lib/gcc]
    arg [-L/home/student/.espressif/tools/xtensa-esp-elf/esp-15.2.0_20251204/xtensa-esp-elf/bin/../lib/gcc/xtensa-esp-elf/15.2.0/../../../../xtensa-esp-elf/lib] ==> dir [/home/student/.espressif/tools/xtensa-esp-elf/esp-15.2.0_20251204/xtensa-esp-elf/bin/../lib/gcc/xtensa-esp-elf/15.2.0/../../../../xtensa-esp-elf/lib]
    arg [-L/home/student/.espressif/tools/xtensa-esp-elf/esp-15.2.0_20251204/xtensa-esp-elf/bin/../xtensa-esp-elf/lib] ==> dir [/home/student/.espressif/tools/xtensa-esp-elf/esp-15.2.0_20251204/xtensa-esp-elf/bin/../xtensa-esp-elf/lib]
    arg [-L/home/student/.espressif/tools/xtensa-esp-elf/esp-15.2.0_20251204/xtensa-esp-elf/bin/../xtensa-esp-elf/usr/lib] ==> dir [/home/student/.espressif/tools/xtensa-esp-elf/esp-15.2.0_20251204/xtensa-esp-elf/bin/../xtensa-esp-elf/usr/lib]
    arg [@/tmp/ccNhV2dE] ==> ignore
    arg [-lgcc] ==> lib [gcc]
    arg [--start-group] ==> ignore
    arg [-lgcc] ==> lib [gcc]
    arg [-lc] ==> lib [c]
    arg [--end-group] ==> ignore
    arg [-lgcc] ==> lib [gcc]
  collapse library dir [/home/student/.espressif/tools/xtensa-esp-elf/esp-15.2.0_20251204/xtensa-esp-elf/bin/../xtensa-esp-elf/../picolibc/xtensa-esp-elf/lib/esp32/no-rtti] ==> [/home/student/.espressif/tools/xtensa-esp-elf/esp-15.2.0_20251204/xtensa-esp-elf/picolibc/xtensa-esp-elf/lib/esp32/no-rtti]
  collapse library dir [/home/student/.espressif/tools/xtensa-esp-elf/esp-15.2.0_20251204/xtensa-esp-elf/bin/../xtensa-esp-elf/../picolibc/xtensa-esp-elf/lib] ==> [/home/student/.espressif/tools/xtensa-esp-elf/esp-15.2.0_20251204/xtensa-esp-elf/picolibc/xtensa-esp-elf/lib]
  collapse library dir [/home/student/.espressif/tools/xtensa-esp-elf/esp-15.2.0_20251204/xtensa-esp-elf/bin/../xtensa-esp-elf/../picolibc/lib/gcc/xtensa-esp-elf/15.2.0/esp32/no-rtti] ==> [/home/student/.espressif/tools/xtensa-esp-elf/esp-15.2.0_20251204/xtensa-esp-elf/picolibc/lib/gcc/xtensa-esp-elf/15.2.0/esp32/no-rtti]
  collapse library dir [/home/student/.espressif/tools/xtensa-esp-elf/esp-15.2.0_20251204/xtensa-esp-elf/bin/../xtensa-esp-elf/../picolibc/lib/gcc/xtensa-esp-elf/15.2.0] ==> [/home/student/.espressif/tools/xtensa-esp-elf/esp-15.2.0_20251204/xtensa-esp-elf/picolibc/lib/gcc/xtensa-esp-elf/15.2.0]
  collapse library dir [/home/student/.espressif/tools/xtensa-esp-elf/esp-15.2.0_20251204/xtensa-esp-elf/bin/../lib/gcc/xtensa-esp-elf/15.2.0/esp32/no-rtti] ==> [/home/student/.espressif/tools/xtensa-esp-elf/esp-15.2.0_20251204/xtensa-esp-elf/lib/gcc/xtensa-esp-elf/15.2.0/esp32/no-rtti]
  collapse library dir [/home/student/.espressif/tools/xtensa-esp-elf/esp-15.2.0_20251204/xtensa-esp-elf/bin/../lib/gcc/xtensa-esp-elf/15.2.0/../../../../xtensa-esp-elf/lib/esp32/no-rtti] ==> [/home/student/.espressif/tools/xtensa-esp-elf/esp-15.2.0_20251204/xtensa-esp-elf/xtensa-esp-elf/lib/esp32/no-rtti]
  collapse library dir [/home/student/.espressif/tools/xtensa-esp-elf/esp-15.2.0_20251204/xtensa-esp-elf/bin/../xtensa-esp-elf/lib/esp32/no-rtti] ==> [/home/student/.espressif/tools/xtensa-esp-elf/esp-15.2.0_20251204/xtensa-esp-elf/xtensa-esp-elf/lib/esp32/no-rtti]
  collapse library dir [/home/student/.espressif/tools/xtensa-esp-elf/esp-15.2.0_20251204/xtensa-esp-elf/bin/../lib/gcc/xtensa-esp-elf/15.2.0] ==> [/home/student/.espressif/tools/xtensa-esp-elf/esp-15.2.0_20251204/xtensa-esp-elf/lib/gcc/xtensa-esp-elf/15.2.0]
  collapse library dir [/home/student/.espressif/tools/xtensa-esp-elf/esp-15.2.0_20251204/xtensa-esp-elf/bin/../lib/gcc] ==> [/home/student/.espressif/tools/xtensa-esp-elf/esp-15.2.0_20251204/xtensa-esp-elf/lib/gcc]
  collapse library dir [/home/student/.espressif/tools/xtensa-esp-elf/esp-15.2.0_20251204/xtensa-esp-elf/bin/../lib/gcc/xtensa-esp-elf/15.2.0/../../../../xtensa-esp-elf/lib] ==> [/home/student/.espressif/tools/xtensa-esp-elf/esp-15.2.0_20251204/xtensa-esp-elf/xtensa-esp-elf/lib]
  collapse library dir [/home/student/.espressif/tools/xtensa-esp-elf/esp-15.2.0_20251204/xtensa-esp-elf/bin/../xtensa-esp-elf/lib] ==> [/home/student/.espressif/tools/xtensa-esp-elf/esp-15.2.0_20251204/xtensa-esp-elf/xtensa-esp-elf/lib]
  collapse library dir [/home/student/.espressif/tools/xtensa-esp-elf/esp-15.2.0_20251204/xtensa-esp-elf/bin/../xtensa-esp-elf/usr/lib] ==> [/home/student/.espressif/tools/xtensa-esp-elf/esp-15.2.0_20251204/xtensa-esp-elf/xtensa-esp-elf/usr/lib]
  implicit libs: [gcc;gcc;c;gcc]
  implicit objs: []
  implicit dirs: [/home/student/.espressif/tools/xtensa-esp-elf/esp-15.2.0_20251204/xtensa-esp-elf/picolibc/xtensa-esp-elf/lib/esp32/no-rtti;/home/student/.espressif/tools/xtensa-esp-elf/esp-15.2.0_20251204/xtensa-esp-elf/picolibc/xtensa-esp-elf/lib;/home/student/.espressif/tools/xtensa-esp-elf/esp-15.2.0_20251204/xtensa-esp-elf/picolibc/lib/gcc/xtensa-esp-elf/15.2.0/esp32/no-rtti;/home/student/.espressif/tools/xtensa-esp-elf/esp-15.2.0_20251204/xtensa-esp-elf/picolibc/lib/gcc/xtensa-esp-elf/15.2.0;/home/student/.espressif/tools/xtensa-esp-elf/esp-15.2.0_20251204/xtensa-esp-elf/lib/gcc/xtensa-esp-elf/15.2.0/esp32/no-rtti;/home/student/.espressif/tools/xtensa-esp-elf/esp-15.2.0_20251204/xtensa-esp-elf/xtensa-esp-elf/lib/esp32/no-rtti;/home/student/.espressif/tools/xtensa-esp-elf/esp-15.2.0_20251204/xtensa-esp-elf/lib/gcc/xtensa-esp-elf/15.2.0;/home/student/.espressif/tools/xtensa-esp-elf/esp-15.2.0_20251204/xtensa-esp-elf/lib/gcc;/home/student/.espressif/tools/xtensa-esp-elf/esp-15.2.0_20251204/xtensa-esp-elf/xtensa-esp-elf/lib;/home/student/.espressif/tools/xtensa-esp-elf/esp-15.2.0_20251204/xtensa-esp-elf/xtensa-esp-elf/usr/lib]
  implicit fwks: []


Detecting C compiler ABI info compiled with the following output:
Change Dir: /home/student/Desktop/ProjekatDisplej/DisplayAudi/build/CMakeFiles/CMakeTmp

Run Build Command(s):/usr/bin/ninja cmTC_6ff76 && [1/2] Building C object CMakeFiles/cmTC_6ff76.dir/CMakeCCompilerABI.c.obj
Using built-in specs.
Reading specs from /home/student/Desktop/ProjekatDisplej/DisplayAudi/build/specs/picolibc.specs
rename spec link to picolibc_link
rename spec link_libgcc to picolibc_link_libgcc
rename spec cpp to picolibc_cpp
rename spec cc1 to picolibc_cc1
rename spec cc1plus to picolibc_cc1plus
COLLECT_GCC=/home/student/.espressif/tools/xtensa-esp-elf/esp-15.2.0_20251204/xtensa-esp-elf/bin/xtensa-esp-elf-gcc
Target: xtensa-esp-elf
Configured with: /builds/idf/crosstool-NG/.build/xtensa-esp-elf/src/gcc/configure --build=x86_64-build_pc-linux-gnu --host=x86_64-build_pc-linux-gnu --target=xtensa-esp-elf --prefix=/builds/idf/crosstool-NG/builds/xtensa-esp-elf --exec_prefix=/builds/idf/crosstool-NG/builds/xtensa-esp-elf --with-local-prefix=/builds/idf/crosstool-NG/builds/xtensa-esp-elf/xtensa-esp-elf --with-sysroot=/builds/idf/crosstool-NG/builds/xtensa-esp-elf/xtensa-esp-elf --with-native-system-header-dir=/include --with-headers=/builds/idf/crosstool-NG/builds/xtensa-esp-elf/xtensa-esp-elf/include --with-newlib --enable-threads=no --disable-shared --with-pkgversion='crosstool-NG esp-15.2.0_20251204' --disable-__cxa_atexit --enable-cxx-flags='-ffunction-sections -fdata-sections' --disable-libgomp --disable-libmudflap --disable-libmpx --disable-libssp --disable-libquadmath --disable-libquadmath-support --disable-libstdcxx-verbose --with-gmp=/builds/idf/crosstool-NG/.build/xtensa-esp-elf/buildtools --with-mpfr=/builds/idf/crosstool-NG/.build/xtensa-esp-elf/buildtools --with-mpc=/builds/idf/crosstool-NG/.build/xtensa-esp-elf/buildtools --with-isl=/builds/idf/crosstool-NG/.build/xtensa-esp-elf/buildtools --enable-lto --enable-target-optspace --without-long-double-128 --enable-plugin --disable-nls --enable-multiarch --enable-languages=c,c++ --disable-libstdcxx-verbose --enable-threads=posix --enable-libstdcxx-time=yes --disable-win32-utf8-manifest
Thread model: posix
Supported LTO compression algorithms: zlib zstd
gcc version 15.2.0 (crosstool-NG esp-15.2.0_20251204) 
COLLECT_GCC_OPTIONS='-mdynconfig=xtensa_esp32.so' '-Wno-frame-address' '-mlongcalls' '-fno-builtin-memcpy' '-fno-builtin-memset' '-fno-builtin-bzero' '-specs=/home/student/Desktop/ProjekatDisplej/DisplayAudi/build/specs/picolibc.specs' '-v' '-o' 'CMakeFiles/cmTC_6ff76.dir/CMakeCCompilerABI.c.obj' '-c' '-dumpdir' 'CMakeFiles/cmTC_6ff76.dir/'
 /home/student/.espressif/tools/xtensa-esp-elf/esp-15.2.0_20251204/xtensa-esp-elf/bin/../libexec/gcc/xtensa-esp-elf/15.2.0/cc1 -quiet -v -imultilib esp32 -iprefix /home/student/.espressif/tools/xtensa-esp-elf/esp-15.2.0_20251204/xtensa-esp-elf/bin/../lib/gcc/xtensa-esp-elf/15.2.0/ -isysroot /home/student/.espressif/tools/xtensa-esp-elf/esp-15.2.0_20251204/xtensa-esp-elf/bin/../xtensa-esp-elf -isystem /home/student/.espressif/tools/xtensa-esp-elf/esp-15.2.0_20251204/xtensa-esp-elf/bin/../xtensa-esp-elf/../picolibc/include -isystem /home/student/.espressif/tools/xtensa-esp-elf/esp-15.2.0_20251204/xtensa-esp-elf/bin/../xtensa-esp-elf/../picolibc/include/../xtensa-esp-elf/include/c++/15.2.0/xtensa-esp-elf/esp32 /usr/share/cmake-3.22/Modules/CMakeCCompilerABI.c -ftls-model=local-exec -quiet -dumpdir CMakeFiles/cmTC_6ff76.dir/ -dumpbase CMakeCCompilerABI.c.c -dumpbase-ext .c -mdynconfig=xtensa_esp32.so -mlongcalls -Wno-frame-address -version -fno-builtin-memcpy -fno-builtin-memset -fno-builtin-bzero -o /tmp/ccBV2Wx4.s
GNU C23 (crosstool-NG esp-15.2.0_20251204) version 15.2.0 (xtensa-esp-elf)
	compiled by GNU C version 6.3.0, GMP version 6.3.0, MPFR version 4.2.1, MPC version 1.3.1, isl version isl-0.26-GMP

GGC heuristics: --param ggc-min-expand=100 --param ggc-min-heapsize=131072
ignoring duplicate directory "/home/student/.espressif/tools/xtensa-esp-elf/esp-15.2.0_20251204/xtensa-esp-elf/bin/../lib/gcc/../../lib/gcc/xtensa-esp-elf/15.2.0/include"
ignoring nonexistent directory "/home/student/.espressif/tools/xtensa-esp-elf/esp-15.2.0_20251204/xtensa-esp-elf/bin/../xtensa-esp-elf/builds/idf/crosstool-NG/builds/xtensa-esp-elf/xtensa-esp-elf/include"
ignoring duplicate directory "/home/student/.espressif/tools/xtensa-esp-elf/esp-15.2.0_20251204/xtensa-esp-elf/bin/../lib/gcc/../../lib/gcc/xtensa-esp-elf/15.2.0/include-fixed"
ignoring duplicate directory "/home/student/.espressif/tools/xtensa-esp-elf/esp-15.2.0_20251204/xtensa-esp-elf/bin/../lib/gcc/../../lib/gcc/xtensa-esp-elf/15.2.0/../../../../xtensa-esp-elf/include"
ignoring duplicate directory "/home/student/.espressif/tools/xtensa-esp-elf/esp-15.2.0_20251204/xtensa-esp-elf/bin/../xtensa-esp-elf/include"
#include "..." search starts here:
#include <...> search starts here:
 /home/student/.espressif/tools/xtensa-esp-elf/esp-15.2.0_20251204/xtensa-esp-elf/bin/../xtensa-esp-elf/../picolibc/include
 /home/student/.espressif/tools/xtensa-esp-elf/esp-15.2.0_20251204/xtensa-esp-elf/bin/../xtensa-esp-elf/../picolibc/include/../xtensa-esp-elf/include/c++/15.2.0/xtensa-esp-elf/esp32
 /home/student/.espressif/tools/xtensa-esp-elf/esp-15.2.0_20251204/xtensa-esp-elf/bin/../lib/gcc/xtensa-esp-elf/15.2.0/include
 /home/student/.espressif/tools/xtensa-esp-elf/esp-15.2.0_20251204/xtensa-esp-elf/bin/../lib/gcc/xtensa-esp-elf/15.2.0/include-fixed
 /home/student/.espressif/tools/xtensa-esp-elf/esp-15.2.0_20251204/xtensa-esp-elf/bin/../lib/gcc/xtensa-esp-elf/15.2.0/../../../../xtensa-esp-elf/include
End of search list.
Compiler executable checksum: 023236c824ceaa5629805e8d1b1d2049
COLLECT_GCC_OPTIONS='-mdynconfig=xtensa_esp32.so' '-Wno-frame-address' '-mlongcalls' '-fno-builtin-memcpy' '-fno-builtin-memset' '-fno-builtin-bzero' '-specs=/home/student/Desktop/ProjekatDisplej/DisplayAudi/build/specs/picolibc.specs' '-v' '-o' 'CMakeFiles/cmTC_6ff76.dir/CMakeCCompilerABI.c.obj' '-c' '-dumpdir' 'CMakeFiles/cmTC_6ff76.dir/'
 /home/student/.espressif/tools/xtensa-esp-elf/esp-15.2.0_20251204/xtensa-esp-elf/bin/../lib/gcc/xtensa-esp-elf/15.2.0/../../../../xtensa-esp-elf/bin/as --traditional-format --longcalls --dynconfig=xtensa_esp32.so -o CMakeFiles/cmTC_6ff76.dir/CMakeCCompilerABI.c.obj /tmp/ccBV2Wx4.s
COMPILER_PATH=/home/student/.espressif/tools/xtensa-esp-elf/esp-15.2.0_20251204/xtensa-esp-elf/bin/../libexec/gcc/xtensa-esp-elf/15.2.0/:/home/student/.espressif/tools/xtensa-esp-elf/esp-15.2.0_20251204/xtensa-esp-elf/bin/../libexec/gcc/:/home/student/.espressif/tools/xtensa-esp-elf/esp-15.2.0_20251204/xtensa-esp-elf/bin/../lib/gcc/xtensa-esp-elf/15.2.0/../../../../xtensa-esp-elf/bin/
LIBRARY_PATH=/home/student/.espressif/tools/xtensa-esp-elf/esp-15.2.0_20251204/xtensa-esp-elf/bin/../lib/gcc/xtensa-esp-elf/15.2.0/esp32/:/home/student/.espressif/tools/xtensa-esp-elf/esp-15.2.0_20251204/xtensa-esp-elf/bin/../lib/gcc/xtensa-esp-elf/15.2.0/../../../../xtensa-esp-elf/lib/esp32/:/home/student/.espressif/tools/xtensa-esp-elf/esp-15.2.0_20251204/xtensa-esp-elf/bin/../xtensa-esp-elf/lib/esp32/:/home/student/.espressif/tools/xtensa-esp-elf/esp-15.2.0_20251204/xtensa-esp-elf/bin/../lib/gcc/xtensa-esp-elf/15.2.0/:/home/student/.espressif/tools/xtensa-esp-elf/esp-15.2.0_20251204/xtensa-esp-elf/bin/../lib/gcc/:/home/student/.espressif/tools/xtensa-esp-elf/esp-15.2.0_20251204/xtensa-esp-elf/bin/../lib/gcc/xtensa-esp-elf/15.2.0/../../../../xtensa-esp-elf/lib/:/home/student/.espressif/tools/xtensa-esp-elf/esp-15.2.0_20251204/xtensa-esp-elf/bin/../xtensa-esp-elf/lib/:/home/student/.espressif/tools/xtensa-esp-elf/esp-15.2.0_20251204/xtensa-esp-elf/bin/../xtensa-esp-elf/usr/lib/
COLLECT_GCC_OPTIONS='-mdynconfig=xtensa_esp32.so' '-Wno-frame-address' '-mlongcalls' '-fno-builtin-memcpy' '-fno-builtin-memset' '-fno-builtin-bzero' '-specs=/home/student/Desktop/ProjekatDisplej/DisplayAudi/build/specs/picolibc.specs' '-v' '-o' 'CMakeFiles/cmTC_6ff76.dir/CMakeCCompilerABI.c.obj' '-c' '-dumpdir' 'CMakeFiles/cmTC_6ff76.dir/CMakeCCompilerABI.c.'
[2/2] Linking C executable cmTC_6ff76
Using built-in specs.
Reading specs from /home/student/Desktop/ProjekatDisplej/DisplayAudi/build/specs/picolibc.specs
rename spec link to picolibc_link
rename spec link_libgcc to picolibc_link_libgcc
rename spec cpp to picolibc_cpp
rename spec cc1 to picolibc_cc1
rename spec cc1plus to picolibc_cc1plus
COLLECT_GCC=/home/student/.espressif/tools/xtensa-esp-elf/esp-15.2.0_20251204/xtensa-esp-elf/bin/xtensa-esp-elf-gcc
COLLECT_LTO_WRAPPER=/home/student/.espressif/tools/xtensa-esp-elf/esp-15.2.0_20251204/xtensa-esp-elf/bin/../libexec/gcc/xtensa-esp-elf/15.2.0/lto-wrapper
Target: xtensa-esp-elf
Configured with: /builds/idf/crosstool-NG/.build/xtensa-esp-elf/src/gcc/configure --build=x86_64-build_pc-linux-gnu --host=x86_64-build_pc-linux-gnu --target=xtensa-esp-elf --prefix=/builds/idf/crosstool-NG/builds/xtensa-esp-elf --exec_prefix=/builds/idf/crosstool-NG/builds/xtensa-esp-elf --with-local-prefix=/builds/idf/crosstool-NG/builds/xtensa-esp-elf/xtensa-esp-elf --with-sysroot=/builds/idf/crosstool-NG/builds/xtensa-esp-elf/xtensa-esp-elf --with-native-system-header-dir=/include --with-headers=/builds/idf/crosstool-NG/builds/xtensa-esp-elf/xtensa-esp-elf/include --with-newlib --enable-threads=no --disable-shared --with-pkgversion='crosstool-NG esp-15.2.0_20251204' --disable-__cxa_atexit --enable-cxx-flags='-ffunction-sections -fdata-sections' --disable-libgomp --disable-libmudflap --disable-libmpx --disable-libssp --disable-libquadmath --disable-libquadmath-support --disable-libstdcxx-verbose --with-gmp=/builds/idf/crosstool-NG/.build/xtensa-esp-elf/buildtools --with-mpfr=/builds/idf/crosstool-NG/.build/xtensa-esp-elf/buildtools --with-mpc=/builds/idf/crosstool-NG/.build/xtensa-esp-elf/buildtools --with-isl=/builds/idf/crosstool-NG/.build/xtensa-esp-elf/buildtools --enable-lto --enable-target-optspace --without-long-double-128 --enable-plugin --disable-nls --enable-multiarch --enable-languages=c,c++ --disable-libstdcxx-verbose --enable-threads=posix --enable-libstdcxx-time=yes --disable-win32-utf8-manifest
Thread model: posix
Supported LTO compression algorithms: zlib zstd
gcc version 15.2.0 (crosstool-NG esp-15.2.0_20251204) 
COMPILER_PATH=/home/student/.espressif/tools/xtensa-esp-elf/esp-15.2.0_20251204/xtensa-esp-elf/bin/../libexec/gcc/xtensa-esp-elf/15.2.0/:/home/student/.espressif/tools/xtensa-esp-elf/esp-15.2.0_20251204/xtensa-esp-elf/bin/../libexec/gcc/:/home/student/.espressif/tools/xtensa-esp-elf/esp-15.2.0_20251204/xtensa-esp-elf/bin/../lib/gcc/xtensa-esp-elf/15.2.0/../../../../xtensa-esp-elf/bin/
LIBRARY_PATH=/home/student/.espressif/tools/xtensa-esp-elf/esp-15.2.0_20251204/xtensa-esp-elf/bin/../lib/gcc/xtensa-esp-elf/15.2.0/esp32/no-rtti/:/home/student/.espressif/tools/xtensa-esp-elf/esp-15.2.0_20251204/xtensa-esp-elf/bin/../lib/gcc/xtensa-esp-elf/15.2.0/../../../../xtensa-esp-elf/lib/esp32/no-rtti/:/home/student/.espressif/tools/xtensa-esp-elf/esp-15.2.0_20251204/xtensa-esp-elf/bin/../xtensa-esp-elf/lib/esp32/no-rtti/:/home/student/.espressif/tools/xtensa-esp-elf/esp-15.2.0_20251204/xtensa-esp-elf/bin/../lib/gcc/xtensa-esp-elf/15.2.0/:/home/student/.espressif/tools/xtensa-esp-elf/esp-15.2.0_20251204/xtensa-esp-elf/bin/../lib/gcc/:/home/student/.espressif/tools/xtensa-esp-elf/esp-15.2.0_20251204/xtensa-esp-elf/bin/../lib/gcc/xtensa-esp-elf/15.2.0/../../../../xtensa-esp-elf/lib/:/home/student/.espressif/tools/xtensa-esp-elf/esp-15.2.0_20251204/xtensa-esp-elf/bin/../xtensa-esp-elf/lib/:/home/student/.espressif/tools/xtensa-esp-elf/esp-15.2.0_20251204/xtensa-esp-elf/bin/../xtensa-esp-elf/usr/lib/
COLLECT_GCC_OPTIONS='-mdynconfig=xtensa_esp32.so' '-Wno-frame-address' '-mlongcalls' '-fno-builtin-memcpy' '-fno-builtin-memset' '-fno-builtin-bzero' '-specs=/home/student/Desktop/ProjekatDisplej/DisplayAudi/build/specs/picolibc.specs' '-nostartfiles' '-fno-rtti' '-v' '-o' 'cmTC_6ff76' '-dumpdir' 'cmTC_6ff76.'
 /home/student/.espressif/tools/xtensa-esp-elf/esp-15.2.0_20251204/xtensa-esp-elf/bin/../libexec/gcc/xtensa-esp-elf/15.2.0/collect2 -plugin /home/student/.espressif/tools/xtensa-esp-elf/esp-15.2.0_20251204/xtensa-esp-elf/bin/../libexec/gcc/xtensa-esp-elf/15.2.0/liblto_plugin.so -plugin-opt=/home/student/.espressif/tools/xtensa-esp-elf/esp-15.2.0_20251204/xtensa-esp-elf/bin/../libexec/gcc/xtensa-esp-elf/15.2.0/lto-wrapper -plugin-opt=-fresolution=/tmp/ccwkkGDK.res -plugin-opt=-pass-through=-lgcc -plugin-opt=-pass-through=-lgcc -plugin-opt=-pass-through=-lc -plugin-opt=-pass-through=-lgcc -L/home/student/.espressif/tools/xtensa-esp-elf/esp-15.2.0_20251204/xtensa-esp-elf/bin/../xtensa-esp-elf/../picolibc/xtensa-esp-elf/lib/esp32/no-rtti -L/home/student/.espressif/tools/xtensa-esp-elf/esp-15.2.0_20251204/xtensa-esp-elf/bin/../xtensa-esp-elf/../picolibc/xtensa-esp-elf/lib -Tpicolibc.ld --sysroot=/home/student/.espressif/tools/xtensa-esp-elf/esp-15.2.0_20251204/xtensa-esp-elf/bin/../xtensa-esp-elf --dynconfig=xtensa_esp32.so -o cmTC_6ff76 -L/home/student/.espressif/tools/xtensa-esp-elf/esp-15.2.0_20251204/xtensa-esp-elf/bin/../xtensa-esp-elf/../picolibc/lib/gcc/xtensa-esp-elf/15.2.0/esp32/no-rtti -L/home/student/.espressif/tools/xtensa-esp-elf/esp-15.2.0_20251204/xtensa-esp-elf/bin/../xtensa-esp-elf/../picolibc/lib/gcc/xtensa-esp-elf/15.2.0 -L/home/student/.espressif/tools/xtensa-esp-elf/esp-15.2.0_20251204/xtensa-esp-elf/bin/../lib/gcc/xtensa-esp-elf/15.2.0/esp32/no-rtti -L/home/student/.espressif/tools/xtensa-esp-elf/esp-15.2.0_20251204/xtensa-esp-elf/bin/../lib/gcc/xtensa-esp-elf/15.2.0/../../../../xtensa-esp-elf/lib/esp32/no-rtti -L/home/student/.espressif/tools/xtensa-esp-elf/esp-15.2.0_20251204/xtensa-esp-elf/bin/../xtensa-esp-elf/lib/esp32/no-rtti -L/home/student/.espressif/tools/xtensa-esp-elf/esp-15.2.0_20251204/xtensa-esp-elf/bin/../lib/gcc/xtensa-esp-elf/15.2.0 -L/home/student/.espressif/tools/xtensa-esp-elf/esp-15.2.0_20251204/xtensa-esp-elf/bin/../lib/gcc -L/home/student/.espressif/tools/xtensa-esp-elf/esp-15.2.0_20251204/xtensa-esp-elf/bin/../lib/gcc/xtensa-esp-elf/15.2.0/../../../../xtensa-esp-elf/lib -L/home/student/.espressif/tools/xtensa-esp-elf/esp-15.2.0_20251204/xtensa-esp-elf/bin/../xtensa-esp-elf/lib -L/home/student/.espressif/tools/xtensa-esp-elf/esp-15.2.0_20251204/xtensa-esp-elf/bin/../xtensa-esp-elf/usr/lib @/tmp/cck43Zal -lgcc --start-group -lgcc -lc --end-group -lgcc
/home/student/.espressif/tools/xtensa-esp-elf/esp-15.2.0_20251204/xtensa-esp-elf/bin/../lib/gcc/xtensa-esp-elf/15.2.0/../../../../xtensa-esp-elf/bin/ld: warning: cannot find entry symbol _start; defaulting to 10000000
COLLECT_GCC_OPTIONS='-mdynconfig=xtensa_esp32.so' '-Wno-frame-address' '-mlongcalls' '-fno-builtin-memcpy' '-fno-builtin-memset' '-fno-builtin-bzero' '-specs=/home/student/Desktop/ProjekatDisplej/DisplayAudi/build/specs/picolibc.specs' '-nostartfiles' '-fno-rtti' '-v' '-o' 'cmTC_6ff76' '-dumpdir' 'cmTC_6ff76.'



Parsed C implicit include dir info from above output: rv=done
  found start of include info
  found start of implicit include info
    add: [/home/student/.espressif/tools/xtensa-esp-elf/esp-15.2.0_20251204/xtensa-esp-elf/bin/../xtensa-esp-elf/../picolibc/include]
    add: [/home/student/.espressif/tools/xtensa-esp-elf/esp-15.2.0_20251204/xtensa-esp-elf/bin/../xtensa-esp-elf/../picolibc/include/../xtensa-esp-elf/include/c++/15.2.0/xtensa-esp-elf/esp32]
    add: [/home/student/.espressif/tools/xtensa-esp-elf/esp-15.2.0_20251204/xtensa-esp-elf/bin/../lib/gcc/xtensa-esp-elf/15.2.0/include]
    add: [/home/student/.espressif/tools/xtensa-esp-elf/esp-15.2.0_20251204/xtensa-esp-elf/bin/../lib/gcc/xtensa-esp-elf/15.2.0/include-fixed]
    add: [/home/student/.espressif/tools/xtensa-esp-elf/esp-15.2.0_20251204/xtensa-esp-elf/bin/../lib/gcc/xtensa-esp-elf/15.2.0/../../../../xtensa-esp-elf/include]
  end of search list found
  collapse include dir [/home/student/.espressif/tools/xtensa-esp-elf/esp-15.2.0_20251204/xtensa-esp-elf/bin/../xtensa-esp-elf/../picolibc/include] ==> [/home/student/.espressif/tools/xtensa-esp-elf/esp-15.2.0_20251204/xtensa-esp-elf/picolibc/include]
  collapse include dir [/home/student/.espressif/tools/xtensa-esp-elf/esp-15.2.0_20251204/xtensa-esp-elf/bin/../xtensa-esp-elf/../picolibc/include/../xtensa-esp-elf/include/c++/15.2.0/xtensa-esp-elf/esp32] ==> [/home/student/.espressif/tools/xtensa-esp-elf/esp-15.2.0_20251204/xtensa-esp-elf/picolibc/xtensa-esp-elf/include/c++/15.2.0/xtensa-esp-elf/esp32]
  collapse include dir [/home/student/.espressif/tools/xtensa-esp-elf/esp-15.2.0_20251204/xtensa-esp-elf/bin/../lib/gcc/xtensa-esp-elf/15.2.0/include] ==> [/home/student/.espressif/tools/xtensa-esp-elf/esp-15.2.0_20251204/xtensa-esp-elf/lib/gcc/xtensa-esp-elf/15.2.0/include]
  collapse include dir [/home/student/.espressif/tools/xtensa-esp-elf/esp-15.2.0_20251204/xtensa-esp-elf/bin/../lib/gcc/xtensa-esp-elf/15.2.0/include-fixed] ==> [/home/student/.espressif/tools/xtensa-esp-elf/esp-15.2.0_20251204/xtensa-esp-elf/lib/gcc/xtensa-esp-elf/15.2.0/include-fixed]
  collapse include dir [/home/student/.espressif/tools/xtensa-esp-elf/esp-15.2.0_20251204/xtensa-esp-elf/bin/../lib/gcc/xtensa-esp-elf/15.2.0/../../../../xtensa-esp-elf/include] ==> [/home/student/.espressif/tools/xtensa-esp-elf/esp-15.2.0_20251204/xtensa-esp-elf/xtensa-esp-elf/include]
  implicit include dirs: [/home/student/.espressif/tools/xtensa-esp-elf/esp-15.2.0_20251204/xtensa-esp-elf/picolibc/include;/home/student/.espressif/tools/xtensa-esp-elf/esp-15.2.0_20251204/xtensa-esp-elf/picolibc/xtensa-esp-elf/include/c++/15.2.0/xtensa-esp-elf/esp32;/home/student/.espressif/tools/xtensa-esp-elf/esp-15.2.0_20251204/xtensa-esp-elf/lib/gcc/xtensa-esp-elf/15.2.0/include;/home/student/.espressif/tools/xtensa-esp-elf/esp-15.2.0_20251204/xtensa-esp-elf/lib/gcc/xtensa-esp-elf/15.2.0/include-fixed;/home/student/.espressif/tools/xtensa-esp-elf/esp-15.2.0_20251204/xtensa-esp-elf/xtensa-esp-elf/include]


Parsed C implicit link information from above output:
  link line regex: [^( *|.*[/\])(xtensa-esp32-elf-ld|CMAKE_LINK_STARTFILE-NOTFOUND|([^/\]+-)?ld|collect2)[^/\]*( |$)]
  ignore line: [Change Dir: /home/student/Desktop/ProjekatDisplej/DisplayAudi/build/CMakeFiles/CMakeTmp]
  ignore line: []
  ignore line: [Run Build Command(s):/usr/bin/ninja cmTC_6ff76 && [1/2] Building C object CMakeFiles/cmTC_6ff76.dir/CMakeCCompilerABI.c.obj]
  ignore line: [Using built-in specs.]
  ignore line: [Reading specs from /home/student/Desktop/ProjekatDisplej/DisplayAudi/build/specs/picolibc.specs]
  ignore line: [rename spec link to picolibc_link]
  ignore line: [rename spec link_libgcc to picolibc_link_libgcc]
  ignore line: [rename spec cpp to picolibc_cpp]
  ignore line: [rename spec cc1 to picolibc_cc1]
  ignore line: [rename spec cc1plus to picolibc_cc1plus]
  ignore line: [COLLECT_GCC=/home/student/.espressif/tools/xtensa-esp-elf/esp-15.2.0_20251204/xtensa-esp-elf/bin/xtensa-esp-elf-gcc]
  ignore line: [Target: xtensa-esp-elf]
  ignore line: [Configured with: /builds/idf/crosstool-NG/.build/xtensa-esp-elf/src/gcc/configure --build=x86_64-build_pc-linux-gnu --host=x86_64-build_pc-linux-gnu --target=xtensa-esp-elf --prefix=/builds/idf/crosstool-NG/builds/xtensa-esp-elf --exec_prefix=/builds/idf/crosstool-NG/builds/xtensa-esp-elf --with-local-prefix=/builds/idf/crosstool-NG/builds/xtensa-esp-elf/xtensa-esp-elf --with-sysroot=/builds/idf/crosstool-NG/builds/xtensa-esp-elf/xtensa-esp-elf --with-native-system-header-dir=/include --with-headers=/builds/idf/crosstool-NG/builds/xtensa-esp-elf/xtensa-esp-elf/include --with-newlib --enable-threads=no --disable-shared --with-pkgversion='crosstool-NG esp-15.2.0_20251204' --disable-__cxa_atexit --enable-cxx-flags='-ffunction-sections -fdata-sections' --disable-libgomp --disable-libmudflap --disable-libmpx --disable-libssp --disable-libquadmath --disable-libquadmath-support --disable-libstdcxx-verbose --with-gmp=/builds/idf/crosstool-NG/.build/xtensa-esp-elf/buildtools --with-mpfr=/builds/idf/crosstool-NG/.build/xtensa-esp-elf/buildtools --with-mpc=/builds/idf/crosstool-NG/.build/xtensa-esp-elf/buildtools --with-isl=/builds/idf/crosstool-NG/.build/xtensa-esp-elf/buildtools --enable-lto --enable-target-optspace --without-long-double-128 --enable-plugin --disable-nls --enable-multiarch --enable-languages=c c++ --disable-libstdcxx-verbose --enable-threads=posix --enable-libstdcxx-time=yes --disable-win32-utf8-manifest]
  ignore line: [Thread model: posix]
  ignore line: [Supported LTO compression algorithms: zlib zstd]
  ignore line: [gcc version 15.2.0 (crosstool-NG esp-15.2.0_20251204) ]
  ignore line: [COLLECT_GCC_OPTIONS='-mdynconfig=xtensa_esp32.so' '-Wno-frame-address' '-mlongcalls' '-fno-builtin-memcpy' '-fno-builtin-memset' '-fno-builtin-bzero' '-specs=/home/student/Desktop/ProjekatDisplej/DisplayAudi/build/specs/picolibc.specs' '-v' '-o' 'CMakeFiles/cmTC_6ff76.dir/CMakeCCompilerABI.c.obj' '-c' '-dumpdir' 'CMakeFiles/cmTC_6ff76.dir/']
  ignore line: [ /home/student/.espressif/tools/xtensa-esp-elf/esp-15.2.0_20251204/xtensa-esp-elf/bin/../libexec/gcc/xtensa-esp-elf/15.2.0/cc1 -quiet -v -imultilib esp32 -iprefix /home/student/.espressif/tools/xtensa-esp-elf/esp-15.2.0_20251204/xtensa-esp-elf/bin/../lib/gcc/xtensa-esp-elf/15.2.0/ -isysroot /home/student/.espressif/tools/xtensa-esp-elf/esp-15.2.0_20251204/xtensa-esp-elf/bin/../xtensa-esp-elf -isystem /home/student/.espressif/tools/xtensa-esp-elf/esp-15.2.0_20251204/xtensa-esp-elf/bin/../xtensa-esp-elf/../picolibc/include -isystem /home/student/.espressif/tools/xtensa-esp-elf/esp-15.2.0_20251204/xtensa-esp-elf/bin/../xtensa-esp-elf/../picolibc/include/../xtensa-esp-elf/include/c++/15.2.0/xtensa-esp-elf/esp32 /usr/share/cmake-3.22/Modules/CMakeCCompilerABI.c -ftls-model=local-exec -quiet -dumpdir CMakeFiles/cmTC_6ff76.dir/ -dumpbase CMakeCCompilerABI.c.c -dumpbase-ext .c -mdynconfig=xtensa_esp32.so -mlongcalls -Wno-frame-address -version -fno-builtin-memcpy -fno-builtin-memset -fno-builtin-bzero -o /tmp/ccBV2Wx4.s]
  ignore line: [GNU C23 (crosstool-NG esp-15.2.0_20251204) version 15.2.0 (xtensa-esp-elf)]
  ignore line: [	compiled by GNU C version 6.3.0  GMP version 6.3.0  MPFR version 4.2.1  MPC version 1.3.1  isl version isl-0.26-GMP]
  ignore line: []
  ignore line: [GGC heuristics: --param ggc-min-expand=100 --param ggc-min-heapsize=131072]
  ignore line: [ignoring duplicate directory "/home/student/.espressif/tools/xtensa-esp-elf/esp-15.2.0_20251204/xtensa-esp-elf/bin/../lib/gcc/../../lib/gcc/xtensa-esp-elf/15.2.0/include"]
  ignore line: [ignoring nonexistent directory "/home/student/.espressif/tools/xtensa-esp-elf/esp-15.2.0_20251204/xtensa-esp-elf/bin/../xtensa-esp-elf/builds/idf/crosstool-NG/builds/xtensa-esp-elf/xtensa-esp-elf/include"]
  ignore line: [ignoring duplicate directory "/home/student/.espressif/tools/xtensa-esp-elf/esp-15.2.0_20251204/xtensa-esp-elf/bin/../lib/gcc/../../lib/gcc/xtensa-esp-elf/15.2.0/include-fixed"]
  ignore line: [ignoring duplicate directory "/home/student/.espressif/tools/xtensa-esp-elf/esp-15.2.0_20251204/xtensa-esp-elf/bin/../lib/gcc/../../lib/gcc/xtensa-esp-elf/15.2.0/../../../../xtensa-esp-elf/include"]
  ignore line: [ignoring duplicate directory "/home/student/.espressif/tools/xtensa-esp-elf/esp-15.2.0_20251204/xtensa-esp-elf/bin/../xtensa-esp-elf/include"]
  ignore line: [#include "..." search starts here:]
  ignore line: [#include <...> search starts here:]
  ignore line: [ /home/student/.espressif/tools/xtensa-esp-elf/esp-15.2.0_20251204/xtensa-esp-elf/bin/../xtensa-esp-elf/../picolibc/include]
  ignore line: [ /home/student/.espressif/tools/xtensa-esp-elf/esp-15.2.0_20251204/xtensa-esp-elf/bin/../xtensa-esp-elf/../picolibc/include/../xtensa-esp-elf/include/c++/15.2.0/xtensa-esp-elf/esp32]
  ignore line: [ /home/student/.espressif/tools/xtensa-esp-elf/esp-15.2.0_20251204/xtensa-esp-elf/bin/../lib/gcc/xtensa-esp-elf/15.2.0/include]
  ignore line: [ /home/student/.espressif/tools/xtensa-esp-elf/esp-15.2.0_20251204/xtensa-esp-elf/bin/../lib/gcc/xtensa-esp-elf/15.2.0/include-fixed]
  ignore line: [ /home/student/.espressif/tools/xtensa-esp-elf/esp-15.2.0_20251204/xtensa-esp-elf/bin/../lib/gcc/xtensa-esp-elf/15.2.0/../../../../xtensa-esp-elf/include]
  ignore line: [End of search list.]
  ignore line: [Compiler executable checksum: 023236c824ceaa5629805e8d1b1d2049]
  ignore line: [COLLECT_GCC_OPTIONS='-mdynconfig=xtensa_esp32.so' '-Wno-frame-address' '-mlongcalls' '-fno-builtin-memcpy' '-fno-builtin-memset' '-fno-builtin-bzero' '-specs=/home/student/Desktop/ProjekatDisplej/DisplayAudi/build/specs/picolibc.specs' '-v' '-o' 'CMakeFiles/cmTC_6ff76.dir/CMakeCCompilerABI.c.obj' '-c' '-dumpdir' 'CMakeFiles/cmTC_6ff76.dir/']
  ignore line: [ /home/student/.espressif/tools/xtensa-esp-elf/esp-15.2.0_20251204/xtensa-esp-elf/bin/../lib/gcc/xtensa-esp-elf/15.2.0/../../../../xtensa-esp-elf/bin/as --traditional-format --longcalls --dynconfig=xtensa_esp32.so -o CMakeFiles/cmTC_6ff76.dir/CMakeCCompilerABI.c.obj /tmp/ccBV2Wx4.s]
  ignore line: [COMPILER_PATH=/home/student/.espressif/tools/xtensa-esp-elf/esp-15.2.0_20251204/xtensa-esp-elf/bin/../libexec/gcc/xtensa-esp-elf/15.2.0/:/home/student/.espressif/tools/xtensa-esp-elf/esp-15.2.0_20251204/xtensa-esp-elf/bin/../libexec/gcc/:/home/student/.espressif/tools/xtensa-esp-elf/esp-15.2.0_20251204/xtensa-esp-elf/bin/../lib/gcc/xtensa-esp-elf/15.2.0/../../../../xtensa-esp-elf/bin/]
  ignore line: [LIBRARY_PATH=/home/student/.espressif/tools/xtensa-esp-elf/esp-15.2.0_20251204/xtensa-esp-elf/bin/../lib/gcc/xtensa-esp-elf/15.2.0/esp32/:/home/student/.espressif/tools/xtensa-esp-elf/esp-15.2.0_20251204/xtensa-esp-elf/bin/../lib/gcc/xtensa-esp-elf/15.2.0/../../../../xtensa-esp-elf/lib/esp32/:/home/student/.espressif/tools/xtensa-esp-elf/esp-15.2.0_20251204/xtensa-esp-elf/bin/../xtensa-esp-elf/lib/esp32/:/home/student/.espressif/tools/xtensa-esp-elf/esp-15.2.0_20251204/xtensa-esp-elf/bin/../lib/gcc/xtensa-esp-elf/15.2.0/:/home/student/.espressif/tools/xtensa-esp-elf/esp-15.2.0_20251204/xtensa-esp-elf/bin/../lib/gcc/:/home/student/.espressif/tools/xtensa-esp-elf/esp-15.2.0_20251204/xtensa-esp-elf/bin/../lib/gcc/xtensa-esp-elf/15.2.0/../../../../xtensa-esp-elf/lib/:/home/student/.espressif/tools/xtensa-esp-elf/esp-15.2.0_20251204/xtensa-esp-elf/bin/../xtensa-esp-elf/lib/:/home/student/.espressif/tools/xtensa-esp-elf/esp-15.2.0_20251204/xtensa-esp-elf/bin/../xtensa-esp-elf/usr/lib/]
  ignore line: [COLLECT_GCC_OPTIONS='-mdynconfig=xtensa_esp32.so' '-Wno-frame-address' '-mlongcalls' '-fno-builtin-memcpy' '-fno-builtin-memset' '-fno-builtin-bzero' '-specs=/home/student/Desktop/ProjekatDisplej/DisplayAudi/build/specs/picolibc.specs' '-v' '-o' 'CMakeFiles/cmTC_6ff76.dir/CMakeCCompilerABI.c.obj' '-c' '-dumpdir' 'CMakeFiles/cmTC_6ff76.dir/CMakeCCompilerABI.c.']
  ignore line: [[2/2] Linking C executable cmTC_6ff76]
  ignore line: [Using built-in specs.]
  ignore line: [Reading specs from /home/student/Desktop/ProjekatDisplej/DisplayAudi/build/specs/picolibc.specs]
  ignore line: [rename spec link to picolibc_link]
  ignore line: [rename spec link_libgcc to picolibc_link_libgcc]
  ignore line: [rename spec cpp to picolibc_cpp]
  ignore line: [rename spec cc1 to picolibc_cc1]
  ignore line: [rename spec cc1plus to picolibc_cc1plus]
  ignore line: [COLLECT_GCC=/home/student/.espressif/tools/xtensa-esp-elf/esp-15.2.0_20251204/xtensa-esp-elf/bin/xtensa-esp-elf-gcc]
  ignore line: [COLLECT_LTO_WRAPPER=/home/student/.espressif/tools/xtensa-esp-elf/esp-15.2.0_20251204/xtensa-esp-elf/bin/../libexec/gcc/xtensa-esp-elf/15.2.0/lto-wrapper]
  ignore line: [Target: xtensa-esp-elf]
  ignore line: [Configured with: /builds/idf/crosstool-NG/.build/xtensa-esp-elf/src/gcc/configure --build=x86_64-build_pc-linux-gnu --host=x86_64-build_pc-linux-gnu --target=xtensa-esp-elf --prefix=/builds/idf/crosstool-NG/builds/xtensa-esp-elf --exec_prefix=/builds/idf/crosstool-NG/builds/xtensa-esp-elf --with-local-prefix=/builds/idf/crosstool-NG/builds/xtensa-esp-elf/xtensa-esp-elf --with-sysroot=/builds/idf/crosstool-NG/builds/xtensa-esp-elf/xtensa-esp-elf --with-native-system-header-dir=/include --with-headers=/builds/idf/crosstool-NG/builds/xtensa-esp-elf/xtensa-esp-elf/include --with-newlib --enable-threads=no --disable-shared --with-pkgversion='crosstool-NG esp-15.2.0_20251204' --disable-__cxa_atexit --enable-cxx-flags='-ffunction-sections -fdata-sections' --disable-libgomp --disable-libmudflap --disable-libmpx --disable-libssp --disable-libquadmath --disable-libquadmath-support --disable-libstdcxx-verbose --with-gmp=/builds/idf/crosstool-NG/.build/xtensa-esp-elf/buildtools --with-mpfr=/builds/idf/crosstool-NG/.build/xtensa-esp-elf/buildtools --with-mpc=/builds/idf/crosstool-NG/.build/xtensa-esp-elf/buildtools --with-isl=/builds/idf/crosstool-NG/.build/xtensa-esp-elf/buildtools --enable-lto --enable-target-optspace --without-long-double-128 --enable-plugin --disable-nls --enable-multiarch --enable-languages=c c++ --disable-libstdcxx-verbose --enable-threads=posix --enable-libstdcxx-time=yes --disable-win32-utf8-manifest]
  ignore line: [Thread model: posix]
  ignore line: [Supported LTO compression algorithms: zlib zstd]
  ignore line: [gcc version 15.2.0 (crosstool-NG esp-15.2.0_20251204) ]
  ignore line: [COMPILER_PATH=/home/student/.espressif/tools/xtensa-esp-elf/esp-15.2.0_20251204/xtensa-esp-elf/bin/../libexec/gcc/xtensa-esp-elf/15.2.0/:/home/student/.espressif/tools/xtensa-esp-elf/esp-15.2.0_20251204/xtensa-esp-elf/bin/../libexec/gcc/:/home/student/.espressif/tools/xtensa-esp-elf/esp-15.2.0_20251204/xtensa-esp-elf/bin/../lib/gcc/xtensa-esp-elf/15.2.0/../../../../xtensa-esp-elf/bin/]
  ignore line: [LIBRARY_PATH=/home/student/.espressif/tools/xtensa-esp-elf/esp-15.2.0_20251204/xtensa-esp-elf/bin/../lib/gcc/xtensa-esp-elf/15.2.0/esp32/no-rtti/:/home/student/.espressif/tools/xtensa-esp-elf/esp-15.2.0_20251204/xtensa-esp-elf/bin/../lib/gcc/xtensa-esp-elf/15.2.0/../../../../xtensa-esp-elf/lib/esp32/no-rtti/:/home/student/.espressif/tools/xtensa-esp-elf/esp-15.2.0_20251204/xtensa-esp-elf/bin/../xtensa-esp-elf/lib/esp32/no-rtti/:/home/student/.espressif/tools/xtensa-esp-elf/esp-15.2.0_20251204/xtensa-esp-elf/bin/../lib/gcc/xtensa-esp-elf/15.2.0/:/home/student/.espressif/tools/xtensa-esp-elf/esp-15.2.0_20251204/xtensa-esp-elf/bin/../lib/gcc/:/home/student/.espressif/tools/xtensa-esp-elf/esp-15.2.0_20251204/xtensa-esp-elf/bin/../lib/gcc/xtensa-esp-elf/15.2.0/../../../../xtensa-esp-elf/lib/:/home/student/.espressif/tools/xtensa-esp-elf/esp-15.2.0_20251204/xtensa-esp-elf/bin/../xtensa-esp-elf/lib/:/home/student/.espressif/tools/xtensa-esp-elf/esp-15.2.0_20251204/xtensa-esp-elf/bin/../xtensa-esp-elf/usr/lib/]
  ignore line: [COLLECT_GCC_OPTIONS='-mdynconfig=xtensa_esp32.so' '-Wno-frame-address' '-mlongcalls' '-fno-builtin-memcpy' '-fno-builtin-memset' '-fno-builtin-bzero' '-specs=/home/student/Desktop/ProjekatDisplej/DisplayAudi/build/specs/picolibc.specs' '-nostartfiles' '-fno-rtti' '-v' '-o' 'cmTC_6ff76' '-dumpdir' 'cmTC_6ff76.']
  link line: [ /home/student/.espressif/tools/xtensa-esp-elf/esp-15.2.0_20251204/xtensa-esp-elf/bin/../libexec/gcc/xtensa-esp-elf/15.2.0/collect2 -plugin /home/student/.espressif/tools/xtensa-esp-elf/esp-15.2.0_20251204/xtensa-esp-elf/bin/../libexec/gcc/xtensa-esp-elf/15.2.0/liblto_plugin.so -plugin-opt=/home/student/.espressif/tools/xtensa-esp-elf/esp-15.2.0_20251204/xtensa-esp-elf/bin/../libexec/gcc/xtensa-esp-elf/15.2.0/lto-wrapper -plugin-opt=-fresolution=/tmp/ccwkkGDK.res -plugin-opt=-pass-through=-lgcc -plugin-opt=-pass-through=-lgcc -plugin-opt=-pass-through=-lc -plugin-opt=-pass-through=-lgcc -L/home/student/.espressif/tools/xtensa-esp-elf/esp-15.2.0_20251204/xtensa-esp-elf/bin/../xtensa-esp-elf/../picolibc/xtensa-esp-elf/lib/esp32/no-rtti -L/home/student/.espressif/tools/xtensa-esp-elf/esp-15.2.0_20251204/xtensa-esp-elf/bin/../xtensa-esp-elf/../picolibc/xtensa-esp-elf/lib -Tpicolibc.ld --sysroot=/home/student/.espressif/tools/xtensa-esp-elf/esp-15.2.0_20251204/xtensa-esp-elf/bin/../xtensa-esp-elf --dynconfig=xtensa_esp32.so -o cmTC_6ff76 -L/home/student/.espressif/tools/xtensa-esp-elf/esp-15.2.0_20251204/xtensa-esp-elf/bin/../xtensa-esp-elf/../picolibc/lib/gcc/xtensa-esp-elf/15.2.0/esp32/no-rtti -L/home/student/.espressif/tools/xtensa-esp-elf/esp-15.2.0_20251204/xtensa-esp-elf/bin/../xtensa-esp-elf/../picolibc/lib/gcc/xtensa-esp-elf/15.2.0 -L/home/student/.espressif/tools/xtensa-esp-elf/esp-15.2.0_20251204/xtensa-esp-elf/bin/../lib/gcc/xtensa-esp-elf/15.2.0/esp32/no-rtti -L/home/student/.espressif/tools/xtensa-esp-elf/esp-15.2.0_20251204/xtensa-esp-elf/bin/../lib/gcc/xtensa-esp-elf/15.2.0/../../../../xtensa-esp-elf/lib/esp32/no-rtti -L/home/student/.espressif/tools/xtensa-esp-elf/esp-15.2.0_20251204/xtensa-esp-elf/bin/../xtensa-esp-elf/lib/esp32/no-rtti -L/home/student/.espressif/tools/xtensa-esp-elf/esp-15.2.0_20251204/xtensa-esp-elf/bin/../lib/gcc/xtensa-esp-elf/15.2.0 -L/home/student/.espressif/tools/xtensa-esp-elf/esp-15.2.0_20251204/xtensa-esp-elf/bin/../lib/gcc -L/home/student/.espressif/tools/xtensa-esp-elf/esp-15.2.0_20251204/xtensa-esp-elf/bin/../lib/gcc/xtensa-esp-elf/15.2.0/../../../../xtensa-esp-elf/lib -L/home/student/.espressif/tools/xtensa-esp-elf/esp-15.2.0_20251204/xtensa-esp-elf/bin/../xtensa-esp-elf/lib -L/home/student/.espressif/tools/xtensa-esp-elf/esp-15.2.0_20251204/xtensa-esp-elf/bin/../xtensa-esp-elf/usr/lib @/tmp/cck43Zal -lgcc --start-group -lgcc -lc --end-group -lgcc]
    arg [/home/student/.espressif/tools/xtensa-esp-elf/esp-15.2.0_20251204/xtensa-esp-elf/bin/../libexec/gcc/xtensa-esp-elf/15.2.0/collect2] ==> ignore
    arg [-plugin] ==> ignore
    arg [/home/student/.espressif/tools/xtensa-esp-elf/esp-15.2.0_20251204/xtensa-esp-elf/bin/../libexec/gcc/xtensa-esp-elf/15.2.0/liblto_plugin.so] ==> ignore
    arg [-plugin-opt=/home/student/.espressif/tools/xtensa-esp-elf/esp-15.2.0_20251204/xtensa-esp-elf/bin/../libexec/gcc/xtensa-esp-elf/15.2.0/lto-wrapper] ==> ignore
    arg [-plugin-opt=-fresolution=/tmp/ccwkkGDK.res] ==> ignore
    arg [-plugin-opt=-pass-through=-lgcc] ==> ignore
    arg [-plugin-opt=-pass-through=-lgcc] ==> ignore
    arg [-plugin-opt=-pass-through=-lc] ==> ignore
    arg [-plugin-opt=-pass-through=-lgcc] ==> ignore
    arg [-L/home/student/.espressif/tools/xtensa-esp-elf/esp-15.2.0_20251204/xtensa-esp-elf/bin/../xtensa-esp-elf/../picolibc/xtensa-esp-elf/lib/esp32/no-rtti] ==> dir [/home/student/.espressif/tools/xtensa-esp-elf/esp-15.2.0_20251204/xtensa-esp-elf/bin/../xtensa-esp-elf/../picolibc/xtensa-esp-elf/lib/esp32/no-rtti]
    arg [-L/home/student/.espressif/tools/xtensa-esp-elf/esp-15.2.0_20251204/xtensa-esp-elf/bin/../xtensa-esp-elf/../picolibc/xtensa-esp-elf/lib] ==> dir [/home/student/.espressif/tools/xtensa-esp-elf/esp-15.2.0_20251204/xtensa-esp-elf/bin/../xtensa-esp-elf/../picolibc/xtensa-esp-elf/lib]
    arg [-Tpicolibc.ld] ==> ignore
    arg [--sysroot=/home/student/.espressif/tools/xtensa-esp-elf/esp-15.2.0_20251204/xtensa-esp-elf/bin/../xtensa-esp-elf] ==> ignore
    arg [--dynconfig=xtensa_esp32.so] ==> ignore
    arg [-o] ==> ignore
    arg [cmTC_6ff76] ==> ignore
    arg [-L/home/student/.espressif/tools/xtensa-esp-elf/esp-15.2.0_20251204/xtensa-esp-elf/bin/../xtensa-esp-elf/../picolibc/lib/gcc/xtensa-esp-elf/15.2.0/esp32/no-rtti] ==> dir [/home/student/.espressif/tools/xtensa-esp-elf/esp-15.2.0_20251204/xtensa-esp-elf/bin/../xtensa-esp-elf/../picolibc/lib/gcc/xtensa-esp-elf/15.2.0/esp32/no-rtti]
    arg [-L/home/student/.espressif/tools/xtensa-esp-elf/esp-15.2.0_20251204/xtensa-esp-elf/bin/../xtensa-esp-elf/../picolibc/lib/gcc/xtensa-esp-elf/15.2.0] ==> dir [/home/student/.espressif/tools/xtensa-esp-elf/esp-15.2.0_20251204/xtensa-esp-elf/bin/../xtensa-esp-elf/../picolibc/lib/gcc/xtensa-esp-elf/15.2.0]
    arg [-L/home/student/.espressif/tools/xtensa-esp-elf/esp-15.2.0_20251204/xtensa-esp-elf/bin/../lib/gcc/xtensa-esp-elf/15.2.0/esp32/no-rtti] ==> dir [/home/student/.espressif/tools/xtensa-esp-elf/esp-15.2.0_20251204/xtensa-esp-elf/bin/../lib/gcc/xtensa-esp-elf/15.2.0/esp32/no-rtti]
    arg [-L/home/student/.espressif/tools/xtensa-esp-elf/esp-15.2.0_20251204/xtensa-esp-elf/bin/../lib/gcc/xtensa-esp-elf/15.2.0/../../../../xtensa-esp-elf/lib/esp32/no-rtti] ==> dir [/home/student/.espressif/tools/xtensa-esp-elf/esp-15.2.0_20251204/xtensa-esp-elf/bin/../lib/gcc/xtensa-esp-elf/15.2.0/../../../../xtensa-esp-elf/lib/esp32/no-rtti]
    arg [-L/home/student/.espressif/tools/xtensa-esp-elf/esp-15.2.0_20251204/xtensa-esp-elf/bin/../xtensa-esp-elf/lib/esp32/no-rtti] ==> dir [/home/student/.espressif/tools/xtensa-esp-elf/esp-15.2.0_20251204/xtensa-esp-elf/bin/../xtensa-esp-elf/lib/esp32/no-rtti]
    arg [-L/home/student/.espressif/tools/xtensa-esp-elf/esp-15.2.0_20251204/xtensa-esp-elf/bin/../lib/gcc/xtensa-esp-elf/15.2.0] ==> dir [/home/student/.espressif/tools/xtensa-esp-elf/esp-15.2.0_20251204/xtensa-esp-elf/bin/../lib/gcc/xtensa-esp-elf/15.2.0]
    arg [-L/home/student/.espressif/tools/xtensa-esp-elf/esp-15.2.0_20251204/xtensa-esp-elf/bin/../lib/gcc] ==> dir [/home/student/.espressif/tools/xtensa-esp-elf/esp-15.2.0_20251204/xtensa-esp-elf/bin/../lib/gcc]
    arg [-L/home/student/.espressif/tools/xtensa-esp-elf/esp-15.2.0_20251204/xtensa-esp-elf/bin/../lib/gcc/xtensa-esp-elf/15.2.0/../../../../xtensa-esp-elf/lib] ==> dir [/home/student/.espressif/tools/xtensa-esp-elf/esp-15.2.0_20251204/xtensa-esp-elf/bin/../lib/gcc/xtensa-esp-elf/15.2.0/../../../../xtensa-esp-elf/lib]
    arg [-L/home/student/.espressif/tools/xtensa-esp-elf/esp-15.2.0_20251204/xtensa-esp-elf/bin/../xtensa-esp-elf/lib] ==> dir [/home/student/.espressif/tools/xtensa-esp-elf/esp-15.2.0_20251204/xtensa-esp-elf/bin/../xtensa-esp-elf/lib]
    arg [-L/home/student/.espressif/tools/xtensa-esp-elf/esp-15.2.0_20251204/xtensa-esp-elf/bin/../xtensa-esp-elf/usr/lib] ==> dir [/home/student/.espressif/tools/xtensa-esp-elf/esp-15.2.0_20251204/xtensa-esp-elf/bin/../xtensa-esp-elf/usr/lib]
    arg [@/tmp/cck43Zal] ==> ignore
    arg [-lgcc] ==> lib [gcc]
    arg [--start-group] ==> ignore
    arg [-lgcc] ==> lib [gcc]
    arg [-lc] ==> lib [c]
    arg [--end-group] ==> ignore
    arg [-lgcc] ==> lib [gcc]
  collapse library dir [/home/student/.espressif/tools/xtensa-esp-elf/esp-15.2.0_20251204/xtensa-esp-elf/bin/../xtensa-esp-elf/../picolibc/xtensa-esp-elf/lib/esp32/no-rtti] ==> [/home/student/.espressif/tools/xtensa-esp-elf/esp-15.2.0_20251204/xtensa-esp-elf/picolibc/xtensa-esp-elf/lib/esp32/no-rtti]
  collapse library dir [/home/student/.espressif/tools/xtensa-esp-elf/esp-15.2.0_20251204/xtensa-esp-elf/bin/../xtensa-esp-elf/../picolibc/xtensa-esp-elf/lib] ==> [/home/student/.espressif/tools/xtensa-esp-elf/esp-15.2.0_20251204/xtensa-esp-elf/picolibc/xtensa-esp-elf/lib]
  collapse library dir [/home/student/.espressif/tools/xtensa-esp-elf/esp-15.2.0_20251204/xtensa-esp-elf/bin/../xtensa-esp-elf/../picolibc/lib/gcc/xtensa-esp-elf/15.2.0/esp32/no-rtti] ==> [/home/student/.espressif/tools/xtensa-esp-elf/esp-15.2.0_20251204/xtensa-esp-elf/picolibc/lib/gcc/xtensa-esp-elf/15.2.0/esp32/no-rtti]
  collapse library dir [/home/student/.espressif/tools/xtensa-esp-elf/esp-15.2.0_20251204/xtensa-esp-elf/bin/../xtensa-esp-elf/../picolibc/lib/gcc/xtensa-esp-elf/15.2.0] ==> [/home/student/.espressif/tools/xtensa-esp-elf/esp-15.2.0_20251204/xtensa-esp-elf/picolibc/lib/gcc/xtensa-esp-elf/15.2.0]
  collapse library dir [/home/student/.espressif/tools/xtensa-esp-elf/esp-15.2.0_20251204/xtensa-esp-elf/bin/../lib/gcc/xtensa-esp-elf/15.2.0/esp32/no-rtti] ==> [/home/student/.espressif/tools/xtensa-esp-elf/esp-15.2.0_20251204/xtensa-esp-elf/lib/gcc/xtensa-esp-elf/15.2.0/esp32/no-rtti]
  collapse library dir [/home/student/.espressif/tools/xtensa-esp-elf/esp-15.2.0_20251204/xtensa-esp-elf/bin/../lib/gcc/xtensa-esp-elf/15.2.0/../../../../xtensa-esp-elf/lib/esp32/no-rtti] ==> [/home/student/.espressif/tools/xtensa-esp-elf/esp-15.2.0_20251204/xtensa-esp-elf/xtensa-esp-elf/lib/esp32/no-rtti]
  collapse library dir [/home/student/.espressif/tools/xtensa-esp-elf/esp-15.2.0_20251204/xtensa-esp-elf/bin/../xtensa-esp-elf/lib/esp32/no-rtti] ==> [/home/student/.espressif/tools/xtensa-esp-elf/esp-15.2.0_20251204/xtensa-esp-elf/xtensa-esp-elf/lib/esp32/no-rtti]
  collapse library dir [/home/student/.espressif/tools/xtensa-esp-elf/esp-15.2.0_20251204/xtensa-esp-elf/bin/../lib/gcc/xtensa-esp-elf/15.2.0] ==> [/home/student/.espressif/tools/xtensa-esp-elf/esp-15.2.0_20251204/xtensa-esp-elf/lib/gcc/xtensa-esp-elf/15.2.0]
  collapse library dir [/home/student/.espressif/tools/xtensa-esp-elf/esp-15.2.0_20251204/xtensa-esp-elf/bin/../lib/gcc] ==> [/home/student/.espressif/tools/xtensa-esp-elf/esp-15.2.0_20251204/xtensa-esp-elf/lib/gcc]
  collapse library dir [/home/student/.espressif/tools/xtensa-esp-elf/esp-15.2.0_20251204/xtensa-esp-elf/bin/../lib/gcc/xtensa-esp-elf/15.2.0/../../../../xtensa-esp-elf/lib] ==> [/home/student/.espressif/tools/xtensa-esp-elf/esp-15.2.0_20251204/xtensa-esp-elf/xtensa-esp-elf/lib]
  collapse library dir [/home/student/.espressif/tools/xtensa-esp-elf/esp-15.2.0_20251204/xtensa-esp-elf/bin/../xtensa-esp-elf/lib] ==> [/home/student/.espressif/tools/xtensa-esp-elf/esp-15.2.0_20251204/xtensa-esp-elf/xtensa-esp-elf/lib]
  collapse library dir [/home/student/.espressif/tools/xtensa-esp-elf/esp-15.2.0_20251204/xtensa-esp-elf/bin/../xtensa-esp-elf/usr/lib] ==> [/home/student/.espressif/tools/xtensa-esp-elf/esp-15.2.0_20251204/xtensa-esp-elf/xtensa-esp-elf/usr/lib]
  implicit libs: [gcc;gcc;c;gcc]
  implicit objs: []
  implicit dirs: [/home/student/.espressif/tools/xtensa-esp-elf/esp-15.2.0_20251204/xtensa-esp-elf/picolibc/xtensa-esp-elf/lib/esp32/no-rtti;/home/student/.espressif/tools/xtensa-esp-elf/esp-15.2.0_20251204/xtensa-esp-elf/picolibc/xtensa-esp-elf/lib;/home/student/.espressif/tools/xtensa-esp-elf/esp-15.2.0_20251204/xtensa-esp-elf/picolibc/lib/gcc/xtensa-esp-elf/15.2.0/esp32/no-rtti;/home/student/.espressif/tools/xtensa-esp-elf/esp-15.2.0_20251204/xtensa-esp-elf/picolibc/lib/gcc/xtensa-esp-elf/15.2.0;/home/student/.espressif/tools/xtensa-esp-elf/esp-15.2.0_20251204/xtensa-esp-elf/lib/gcc/xtensa-esp-elf/15.2.0/esp32/no-rtti;/home/student/.espressif/tools/xtensa-esp-elf/esp-15.2.0_20251204/xtensa-esp-elf/xtensa-esp-elf/lib/esp32/no-rtti;/home/student/.espressif/tools/xtensa-esp-elf/esp-15.2.0_20251204/xtensa-esp-elf/lib/gcc/xtensa-esp-elf/15.2.0;/home/student/.espressif/tools/xtensa-esp-elf/esp-15.2.0_20251204/xtensa-esp-elf/lib/gcc;/home/student/.espressif/tools/xtensa-esp-elf/esp-15.2.0_20251204/xtensa-esp-elf/xtensa-esp-elf/lib;/home/student/.espressif/tools/xtensa-esp-elf/esp-15.2.0_20251204/xtensa-esp-elf/xtensa-esp-elf/usr/lib]
  implicit fwks: []


Detecting CXX compiler ABI info compiled with the following output:
Change Dir: /home/student/Desktop/ProjekatDisplej/DisplayAudi/build/CMakeFiles/CMakeTmp

Run Build Command(s):/usr/bin/ninja cmTC_79547 && [1/2] Building CXX object CMakeFiles/cmTC_79547.dir/CMakeCXXCompilerABI.cpp.obj
Using built-in specs.
Reading specs from /home/student/Desktop/ProjekatDisplej/DisplayAudi/build/specs/picolibc.specs
rename spec link to picolibc_link
rename spec link_libgcc to picolibc_link_libgcc
rename spec cpp to picolibc_cpp
rename spec cc1 to picolibc_cc1
rename spec cc1plus to picolibc_cc1plus
COLLECT_GCC=/home/student/.espressif/tools/xtensa-esp-elf/esp-15.2.0_20251204/xtensa-esp-elf/bin/xtensa-esp-elf-g++
Target: xtensa-esp-elf
Configured with: /builds/idf/crosstool-NG/.build/xtensa-esp-elf/src/gcc/configure --build=x86_64-build_pc-linux-gnu --host=x86_64-build_pc-linux-gnu --target=xtensa-esp-elf --prefix=/builds/idf/crosstool-NG/builds/xtensa-esp-elf --exec_prefix=/builds/idf/crosstool-NG/builds/xtensa-esp-elf --with-local-prefix=/builds/idf/crosstool-NG/builds/xtensa-esp-elf/xtensa-esp-elf --with-sysroot=/builds/idf/crosstool-NG/builds/xtensa-esp-elf/xtensa-esp-elf --with-native-system-header-dir=/include --with-headers=/builds/idf/crosstool-NG/builds/xtensa-esp-elf/xtensa-esp-elf/include --with-newlib --enable-threads=no --disable-shared --with-pkgversion='crosstool-NG esp-15.2.0_20251204' --disable-__cxa_atexit --enable-cxx-flags='-ffunction-sections -fdata-sections' --disable-libgomp --disable-libmudflap --disable-libmpx --disable-libssp --disable-libquadmath --disable-libquadmath-support --disable-libstdcxx-verbose --with-gmp=/builds/idf/crosstool-NG/.build/xtensa-esp-elf/buildtools --with-mpfr=/builds/idf/crosstool-NG/.build/xtensa-esp-elf/buildtools --with-mpc=/builds/idf/crosstool-NG/.build/xtensa-esp-elf/buildtools --with-isl=/builds/idf/crosstool-NG/.build/xtensa-esp-elf/buildtools --enable-lto --enable-target-optspace --without-long-double-128 --enable-plugin --disable-nls --enable-multiarch --enable-languages=c,c++ --disable-libstdcxx-verbose --enable-threads=posix --enable-libstdcxx-time=yes --disable-win32-utf8-manifest
Thread model: posix
Supported LTO compression algorithms: zlib zstd
gcc version 15.2.0 (crosstool-NG esp-15.2.0_20251204) 
COLLECT_GCC_OPTIONS='-mdynconfig=xtensa_esp32.so' '-Wno-frame-address' '-mlongcalls' '-fno-builtin-memcpy' '-fno-builtin-memset' '-fno-builtin-bzero' '-specs=/home/student/Desktop/ProjekatDisplej/DisplayAudi/build/specs/picolibc.specs' '-fno-rtti' '-v' '-o' 'CMakeFiles/cmTC_79547.dir/CMakeCXXCompilerABI.cpp.obj' '-c' '-dumpdir' 'CMakeFiles/cmTC_79547.dir/'
 /home/student/.espressif/tools/xtensa-esp-elf/esp-15.2.0_20251204/xtensa-esp-elf/bin/../libexec/gcc/xtensa-esp-elf/15.2.0/cc1plus -quiet -v -imultilib esp32/no-rtti -iprefix /home/student/.espressif/tools/xtensa-esp-elf/esp-15.2.0_20251204/xtensa-esp-elf/bin/../lib/gcc/xtensa-esp-elf/15.2.0/ -isysroot /home/student/.espressif/tools/xtensa-esp-elf/esp-15.2.0_20251204/xtensa-esp-elf/bin/../xtensa-esp-elf /usr/share/cmake-3.22/Modules/CMakeCXXCompilerABI.cpp -ftls-model=local-exec -quiet -dumpdir CMakeFiles/cmTC_79547.dir/ -dumpbase CMakeCXXCompilerABI.cpp.cpp -dumpbase-ext .cpp -mdynconfig=xtensa_esp32.so -mlongcalls -Wno-frame-address -version -fno-builtin-memcpy -fno-builtin-memset -fno-builtin-bzero -fno-rtti -isystem /home/student/.espressif/tools/xtensa-esp-elf/esp-15.2.0_20251204/xtensa-esp-elf/bin/../xtensa-esp-elf/../picolibc/include -isystem /home/student/.espressif/tools/xtensa-esp-elf/esp-15.2.0_20251204/xtensa-esp-elf/bin/../xtensa-esp-elf/../picolibc/include/../xtensa-esp-elf/include/c++/15.2.0/xtensa-esp-elf/esp32/no-rtti -ftls-model=local-exec -o /tmp/ccW4K5Cl.s
GNU C++17 (crosstool-NG esp-15.2.0_20251204) version 15.2.0 (xtensa-esp-elf)
	compiled by GNU C version 6.3.0, GMP version 6.3.0, MPFR version 4.2.1, MPC version 1.3.1, isl version isl-0.26-GMP

GGC heuristics: --param ggc-min-expand=100 --param ggc-min-heapsize=131072
ignoring duplicate directory "/home/student/.espressif/tools/xtensa-esp-elf/esp-15.2.0_20251204/xtensa-esp-elf/bin/../lib/gcc/../../lib/gcc/xtensa-esp-elf/15.2.0/../../../../xtensa-esp-elf/include/c++/15.2.0"
ignoring duplicate directory "/home/student/.espressif/tools/xtensa-esp-elf/esp-15.2.0_20251204/xtensa-esp-elf/bin/../lib/gcc/../../lib/gcc/xtensa-esp-elf/15.2.0/../../../../xtensa-esp-elf/include/c++/15.2.0/xtensa-esp-elf/esp32/no-rtti"
ignoring duplicate directory "/home/student/.espressif/tools/xtensa-esp-elf/esp-15.2.0_20251204/xtensa-esp-elf/bin/../lib/gcc/../../lib/gcc/xtensa-esp-elf/15.2.0/../../../../xtensa-esp-elf/include/c++/15.2.0/backward"
ignoring duplicate directory "/home/student/.espressif/tools/xtensa-esp-elf/esp-15.2.0_20251204/xtensa-esp-elf/bin/../lib/gcc/../../lib/gcc/xtensa-esp-elf/15.2.0/include"
ignoring nonexistent directory "/home/student/.espressif/tools/xtensa-esp-elf/esp-15.2.0_20251204/xtensa-esp-elf/bin/../xtensa-esp-elf/builds/idf/crosstool-NG/builds/xtensa-esp-elf/xtensa-esp-elf/include"
ignoring duplicate directory "/home/student/.espressif/tools/xtensa-esp-elf/esp-15.2.0_20251204/xtensa-esp-elf/bin/../lib/gcc/../../lib/gcc/xtensa-esp-elf/15.2.0/include-fixed"
ignoring duplicate directory "/home/student/.espressif/tools/xtensa-esp-elf/esp-15.2.0_20251204/xtensa-esp-elf/bin/../lib/gcc/../../lib/gcc/xtensa-esp-elf/15.2.0/../../../../xtensa-esp-elf/include"
ignoring duplicate directory "/home/student/.espressif/tools/xtensa-esp-elf/esp-15.2.0_20251204/xtensa-esp-elf/bin/../xtensa-esp-elf/include"
#include "..." search starts here:
#include <...> search starts here:
 /home/student/.espressif/tools/xtensa-esp-elf/esp-15.2.0_20251204/xtensa-esp-elf/bin/../xtensa-esp-elf/../picolibc/include
 /home/student/.espressif/tools/xtensa-esp-elf/esp-15.2.0_20251204/xtensa-esp-elf/bin/../xtensa-esp-elf/../picolibc/include/../xtensa-esp-elf/include/c++/15.2.0/xtensa-esp-elf/esp32/no-rtti
 /home/student/.espressif/tools/xtensa-esp-elf/esp-15.2.0_20251204/xtensa-esp-elf/bin/../lib/gcc/xtensa-esp-elf/15.2.0/../../../../xtensa-esp-elf/include/c++/15.2.0
 /home/student/.espressif/tools/xtensa-esp-elf/esp-15.2.0_20251204/xtensa-esp-elf/bin/../lib/gcc/xtensa-esp-elf/15.2.0/../../../../xtensa-esp-elf/include/c++/15.2.0/xtensa-esp-elf/esp32/no-rtti
 /home/student/.espressif/tools/xtensa-esp-elf/esp-15.2.0_20251204/xtensa-esp-elf/bin/../lib/gcc/xtensa-esp-elf/15.2.0/../../../../xtensa-esp-elf/include/c++/15.2.0/backward
 /home/student/.espressif/tools/xtensa-esp-elf/esp-15.2.0_20251204/xtensa-esp-elf/bin/../lib/gcc/xtensa-esp-elf/15.2.0/include
 /home/student/.espressif/tools/xtensa-esp-elf/esp-15.2.0_20251204/xtensa-esp-elf/bin/../lib/gcc/xtensa-esp-elf/15.2.0/include-fixed
 /home/student/.espressif/tools/xtensa-esp-elf/esp-15.2.0_20251204/xtensa-esp-elf/bin/../lib/gcc/xtensa-esp-elf/15.2.0/../../../../xtensa-esp-elf/include
End of search list.
Compiler executable checksum: ddaf5163ec1d262ade9e7a5c85eeee1b
COLLECT_GCC_OPTIONS='-mdynconfig=xtensa_esp32.so' '-Wno-frame-address' '-mlongcalls' '-fno-builtin-memcpy' '-fno-builtin-memset' '-fno-builtin-bzero' '-specs=/home/student/Desktop/ProjekatDisplej/DisplayAudi/build/specs/picolibc.specs' '-fno-rtti' '-v' '-o' 'CMakeFiles/cmTC_79547.dir/CMakeCXXCompilerABI.cpp.obj' '-c' '-dumpdir' 'CMakeFiles/cmTC_79547.dir/'
 /home/student/.espressif/tools/xtensa-esp-elf/esp-15.2.0_20251204/xtensa-esp-elf/bin/../lib/gcc/xtensa-esp-elf/15.2.0/../../../../xtensa-esp-elf/bin/as --traditional-format --longcalls --dynconfig=xtensa_esp32.so -o CMakeFiles/cmTC_79547.dir/CMakeCXXCompilerABI.cpp.obj /tmp/ccW4K5Cl.s
COMPILER_PATH=/home/student/.espressif/tools/xtensa-esp-elf/esp-15.2.0_20251204/xtensa-esp-elf/bin/../libexec/gcc/xtensa-esp-elf/15.2.0/:/home/student/.espressif/tools/xtensa-esp-elf/esp-15.2.0_20251204/xtensa-esp-elf/bin/../libexec/gcc/:/home/student/.espressif/tools/xtensa-esp-elf/esp-15.2.0_20251204/xtensa-esp-elf/bin/../lib/gcc/xtensa-esp-elf/15.2.0/../../../../xtensa-esp-elf/bin/
LIBRARY_PATH=/home/student/.espressif/tools/xtensa-esp-elf/esp-15.2.0_20251204/xtensa-esp-elf/bin/../lib/gcc/xtensa-esp-elf/15.2.0/esp32/no-rtti/:/home/student/.espressif/tools/xtensa-esp-elf/esp-15.2.0_20251204/xtensa-esp-elf/bin/../lib/gcc/xtensa-esp-elf/15.2.0/../../../../xtensa-esp-elf/lib/esp32/no-rtti/:/home/student/.espressif/tools/xtensa-esp-elf/esp-15.2.0_20251204/xtensa-esp-elf/bin/../xtensa-esp-elf/lib/esp32/no-rtti/:/home/student/.espressif/tools/xtensa-esp-elf/esp-15.2.0_20251204/xtensa-esp-elf/bin/../lib/gcc/xtensa-esp-elf/15.2.0/:/home/student/.espressif/tools/xtensa-esp-elf/esp-15.2.0_20251204/xtensa-esp-elf/bin/../lib/gcc/:/home/student/.espressif/tools/xtensa-esp-elf/esp-15.2.0_20251204/xtensa-esp-elf/bin/../lib/gcc/xtensa-esp-elf/15.2.0/../../../../xtensa-esp-elf/lib/:/home/student/.espressif/tools/xtensa-esp-elf/esp-15.2.0_20251204/xtensa-esp-elf/bin/../xtensa-esp-elf/lib/:/home/student/.espressif/tools/xtensa-esp-elf/esp-15.2.0_20251204/xtensa-esp-elf/bin/../xtensa-esp-elf/usr/lib/
COLLECT_GCC_OPTIONS='-mdynconfig=xtensa_esp32.so' '-Wno-frame-address' '-mlongcalls' '-fno-builtin-memcpy' '-fno-builtin-memset' '-fno-builtin-bzero' '-specs=/home/student/Desktop/ProjekatDisplej/DisplayAudi/build/specs/picolibc.specs' '-fno-rtti' '-v' '-o' 'CMakeFiles/cmTC_79547.dir/CMakeCXXCompilerABI.cpp.obj' '-c' '-dumpdir' 'CMakeFiles/cmTC_79547.dir/CMakeCXXCompilerABI.cpp.'
[2/2] Linking CXX executable cmTC_79547
Using built-in specs.
Reading specs from /home/student/Desktop/ProjekatDisplej/DisplayAudi/build/specs/picolibc.specs
rename spec link to picolibc_link
rename spec link_libgcc to picolibc_link_libgcc
rename spec cpp to picolibc_cpp
rename spec cc1 to picolibc_cc1
rename spec cc1plus to picolibc_cc1plus
COLLECT_GCC=/home/student/.espressif/tools/xtensa-esp-elf/esp-15.2.0_20251204/xtensa-esp-elf/bin/xtensa-esp-elf-g++
COLLECT_LTO_WRAPPER=/home/student/.espressif/tools/xtensa-esp-elf/esp-15.2.0_20251204/xtensa-esp-elf/bin/../libexec/gcc/xtensa-esp-elf/15.2.0/lto-wrapper
Target: xtensa-esp-elf
Configured with: /builds/idf/crosstool-NG/.build/xtensa-esp-elf/src/gcc/configure --build=x86_64-build_pc-linux-gnu --host=x86_64-build_pc-linux-gnu --target=xtensa-esp-elf --prefix=/builds/idf/crosstool-NG/builds/xtensa-esp-elf --exec_prefix=/builds/idf/crosstool-NG/builds/xtensa-esp-elf --with-local-prefix=/builds/idf/crosstool-NG/builds/xtensa-esp-elf/xtensa-esp-elf --with-sysroot=/builds/idf/crosstool-NG/builds/xtensa-esp-elf/xtensa-esp-elf --with-native-system-header-dir=/include --with-headers=/builds/idf/crosstool-NG/builds/xtensa-esp-elf/xtensa-esp-elf/include --with-newlib --enable-threads=no --disable-shared --with-pkgversion='crosstool-NG esp-15.2.0_20251204' --disable-__cxa_atexit --enable-cxx-flags='-ffunction-sections -fdata-sections' --disable-libgomp --disable-libmudflap --disable-libmpx --disable-libssp --disable-libquadmath --disable-libquadmath-support --disable-libstdcxx-verbose --with-gmp=/builds/idf/crosstool-NG/.build/xtensa-esp-elf/buildtools --with-mpfr=/builds/idf/crosstool-NG/.build/xtensa-esp-elf/buildtools --with-mpc=/builds/idf/crosstool-NG/.build/xtensa-esp-elf/buildtools --with-isl=/builds/idf/crosstool-NG/.build/xtensa-esp-elf/buildtools --enable-lto --enable-target-optspace --without-long-double-128 --enable-plugin --disable-nls --enable-multiarch --enable-languages=c,c++ --disable-libstdcxx-verbose --enable-threads=posix --enable-libstdcxx-time=yes --disable-win32-utf8-manifest
Thread model: posix
Supported LTO compression algorithms: zlib zstd
gcc version 15.2.0 (crosstool-NG esp-15.2.0_20251204) 
COMPILER_PATH=/home/student/.espressif/tools/xtensa-esp-elf/esp-15.2.0_20251204/xtensa-esp-elf/bin/../libexec/gcc/xtensa-esp-elf/15.2.0/:/home/student/.espressif/tools/xtensa-esp-elf/esp-15.2.0_20251204/xtensa-esp-elf/bin/../libexec/gcc/:/home/student/.espressif/tools/xtensa-esp-elf/esp-15.2.0_20251204/xtensa-esp-elf/bin/../lib/gcc/xtensa-esp-elf/15.2.0/../../../../xtensa-esp-elf/bin/
LIBRARY_PATH=/home/student/.espressif/tools/xtensa-esp-elf/esp-15.2.0_20251204/xtensa-esp-elf/bin/../lib/gcc/xtensa-esp-elf/15.2.0/esp32/no-rtti/:/home/student/.espressif/tools/xtensa-esp-elf/esp-15.2.0_20251204/xtensa-esp-elf/bin/../lib/gcc/xtensa-esp-elf/15.2.0/../../../../xtensa-esp-elf/lib/esp32/no-rtti/:/home/student/.espressif/tools/xtensa-esp-elf/esp-15.2.0_20251204/xtensa-esp-elf/bin/../xtensa-esp-elf/lib/esp32/no-rtti/:/home/student/.espressif/tools/xtensa-esp-elf/esp-15.2.0_20251204/xtensa-esp-elf/bin/../lib/gcc/xtensa-esp-elf/15.2.0/:/home/student/.espressif/tools/xtensa-esp-elf/esp-15.2.0_20251204/xtensa-esp-elf/bin/../lib/gcc/:/home/student/.espressif/tools/xtensa-esp-elf/esp-15.2.0_20251204/xtensa-esp-elf/bin/../lib/gcc/xtensa-esp-elf/15.2.0/../../../../xtensa-esp-elf/lib/:/home/student/.espressif/tools/xtensa-esp-elf/esp-15.2.0_20251204/xtensa-esp-elf/bin/../xtensa-esp-elf/lib/:/home/student/.espressif/tools/xtensa-esp-elf/esp-15.2.0_20251204/xtensa-esp-elf/bin/../xtensa-esp-elf/usr/lib/
COLLECT_GCC_OPTIONS='-mdynconfig=xtensa_esp32.so' '-Wno-frame-address' '-mlongcalls' '-fno-builtin-memcpy' '-fno-builtin-memset' '-fno-builtin-bzero' '-specs=/home/student/Desktop/ProjekatDisplej/DisplayAudi/build/specs/picolibc.specs' '-nostartfiles' '-fno-rtti' '-v' '-o' 'cmTC_79547' '-dumpdir' 'cmTC_79547.'
 /home/student/.espressif/tools/xtensa-esp-elf/esp-15.2.0_20251204/xtensa-esp-elf/bin/../libexec/gcc/xtensa-esp-elf/15.2.0/collect2 -plugin /home/student/.espressif/tools/xtensa-esp-elf/esp-15.2.0_20251204/xtensa-esp-elf/bin/../libexec/gcc/xtensa-esp-elf/15.2.0/liblto_plugin.so -plugin-opt=/home/student/.espressif/tools/xtensa-esp-elf/esp-15.2.0_20251204/xtensa-esp-elf/bin/../libexec/gcc/xtensa-esp-elf/15.2.0/lto-wrapper -plugin-opt=-fresolution=/tmp/cc3HN0S3.res -plugin-opt=-pass-through=-lgcc -plugin-opt=-pass-through=-lgcc -plugin-opt=-pass-through=-lc -plugin-opt=-pass-through=-lgcc -L/home/student/.espressif/tools/xtensa-esp-elf/esp-15.2.0_20251204/xtensa-esp-elf/bin/../xtensa-esp-elf/../picolibc/xtensa-esp-elf/lib/esp32/no-rtti -L/home/student/.espressif/tools/xtensa-esp-elf/esp-15.2.0_20251204/xtensa-esp-elf/bin/../xtensa-esp-elf/../picolibc/xtensa-esp-elf/lib -Tpicolibc.ld --sysroot=/home/student/.espressif/tools/xtensa-esp-elf/esp-15.2.0_20251204/xtensa-esp-elf/bin/../xtensa-esp-elf --dynconfig=xtensa_esp32.so -o cmTC_79547 -L/home/student/.espressif/tools/xtensa-esp-elf/esp-15.2.0_20251204/xtensa-esp-elf/bin/../xtensa-esp-elf/../picolibc/lib/gcc/xtensa-esp-elf/15.2.0/esp32/no-rtti -L/home/student/.espressif/tools/xtensa-esp-elf/esp-15.2.0_20251204/xtensa-esp-elf/bin/../xtensa-esp-elf/../picolibc/lib/gcc/xtensa-esp-elf/15.2.0 -L/home/student/.espressif/tools/xtensa-esp-elf/esp-15.2.0_20251204/xtensa-esp-elf/bin/../lib/gcc/xtensa-esp-elf/15.2.0/esp32/no-rtti -L/home/student/.espressif/tools/xtensa-esp-elf/esp-15.2.0_20251204/xtensa-esp-elf/bin/../lib/gcc/xtensa-esp-elf/15.2.0/../../../../xtensa-esp-elf/lib/esp32/no-rtti -L/home/student/.espressif/tools/xtensa-esp-elf/esp-15.2.0_20251204/xtensa-esp-elf/bin/../xtensa-esp-elf/lib/esp32/no-rtti -L/home/student/.espressif/tools/xtensa-esp-elf/esp-15.2.0_20251204/xtensa-esp-elf/bin/../lib/gcc/xtensa-esp-elf/15.2.0 -L/home/student/.espressif/tools/xtensa-esp-elf/esp-15.2.0_20251204/xtensa-esp-elf/bin/../lib/gcc -L/home/student/.espressif/tools/xtensa-esp-elf/esp-15.2.0_20251204/xtensa-esp-elf/bin/../lib/gcc/xtensa-esp-elf/15.2.0/../../../../xtensa-esp-elf/lib -L/home/student/.espressif/tools/xtensa-esp-elf/esp-15.2.0_20251204/xtensa-esp-elf/bin/../xtensa-esp-elf/lib -L/home/student/.espressif/tools/xtensa-esp-elf/esp-15.2.0_20251204/xtensa-esp-elf/bin/../xtensa-esp-elf/usr/lib @/tmp/ccPUJY18 -lgcc --start-group -lgcc -lc --end-group -lgcc
/home/student/.espressif/tools/xtensa-esp-elf/esp-15.2.0_20251204/xtensa-esp-elf/bin/../lib/gcc/xtensa-esp-elf/15.2.0/../../../../xtensa-esp-elf/bin/ld: warning: cannot find entry symbol _start; defaulting to 10000000
COLLECT_GCC_OPTIONS='-mdynconfig=xtensa_esp32.so' '-Wno-frame-address' '-mlongcalls' '-fno-builtin-memcpy' '-fno-builtin-memset' '-fno-builtin-bzero' '-specs=/home/student/Desktop/ProjekatDisplej/DisplayAudi/build/specs/picolibc.specs' '-nostartfiles' '-fno-rtti' '-v' '-o' 'cmTC_79547' '-dumpdir' 'cmTC_79547.'



Parsed CXX implicit include dir info from above output: rv=done
  found start of include info
  found start of implicit include info
    add: [/home/student/.espressif/tools/xtensa-esp-elf/esp-15.2.0_20251204/xtensa-esp-elf/bin/../xtensa-esp-elf/../picolibc/include]
    add: [/home/student/.espressif/tools/xtensa-esp-elf/esp-15.2.0_20251204/xtensa-esp-elf/bin/../xtensa-esp-elf/../picolibc/include/../xtensa-esp-elf/include/c++/15.2.0/xtensa-esp-elf/esp32/no-rtti]
    add: [/home/student/.espressif/tools/xtensa-esp-elf/esp-15.2.0_20251204/xtensa-esp-elf/bin/../lib/gcc/xtensa-esp-elf/15.2.0/../../../../xtensa-esp-elf/include/c++/15.2.0]
    add: [/home/student/.espressif/tools/xtensa-esp-elf/esp-15.2.0_20251204/xtensa-esp-elf/bin/../lib/gcc/xtensa-esp-elf/15.2.0/../../../../xtensa-esp-elf/include/c++/15.2.0/xtensa-esp-elf/esp32/no-rtti]
    add: [/home/student/.espressif/tools/xtensa-esp-elf/esp-15.2.0_20251204/xtensa-esp-elf/bin/../lib/gcc/xtensa-esp-elf/15.2.0/../../../../xtensa-esp-elf/include/c++/15.2.0/backward]
    add: [/home/student/.espressif/tools/xtensa-esp-elf/esp-15.2.0_20251204/xtensa-esp-elf/bin/../lib/gcc/xtensa-esp-elf/15.2.0/include]
    add: [/home/student/.espressif/tools/xtensa-esp-elf/esp-15.2.0_20251204/xtensa-esp-elf/bin/../lib/gcc/xtensa-esp-elf/15.2.0/include-fixed]
    add: [/home/student/.espressif/tools/xtensa-esp-elf/esp-15.2.0_20251204/xtensa-esp-elf/bin/../lib/gcc/xtensa-esp-elf/15.2.0/../../../../xtensa-esp-elf/include]
  end of search list found
  collapse include dir [/home/student/.espressif/tools/xtensa-esp-elf/esp-15.2.0_20251204/xtensa-esp-elf/bin/../xtensa-esp-elf/../picolibc/include] ==> [/home/student/.espressif/tools/xtensa-esp-elf/esp-15.2.0_20251204/xtensa-esp-elf/picolibc/include]
  collapse include dir [/home/student/.espressif/tools/xtensa-esp-elf/esp-15.2.0_20251204/xtensa-esp-elf/bin/../xtensa-esp-elf/../picolibc/include/../xtensa-esp-elf/include/c++/15.2.0/xtensa-esp-elf/esp32/no-rtti] ==> [/home/student/.espressif/tools/xtensa-esp-elf/esp-15.2.0_20251204/xtensa-esp-elf/picolibc/xtensa-esp-elf/include/c++/15.2.0/xtensa-esp-elf/esp32/no-rtti]
  collapse include dir [/home/student/.espressif/tools/xtensa-esp-elf/esp-15.2.0_20251204/xtensa-esp-elf/bin/../lib/gcc/xtensa-esp-elf/15.2.0/../../../../xtensa-esp-elf/include/c++/15.2.0] ==> [/home/student/.espressif/tools/xtensa-esp-elf/esp-15.2.0_20251204/xtensa-esp-elf/xtensa-esp-elf/include/c++/15.2.0]
  collapse include dir [/home/student/.espressif/tools/xtensa-esp-elf/esp-15.2.0_20251204/xtensa-esp-elf/bin/../lib/gcc/xtensa-esp-elf/15.2.0/../../../../xtensa-esp-elf/include/c++/15.2.0/xtensa-esp-elf/esp32/no-rtti] ==> [/home/student/.espressif/tools/xtensa-esp-elf/esp-15.2.0_20251204/xtensa-esp-elf/xtensa-esp-elf/include/c++/15.2.0/xtensa-esp-elf/esp32/no-rtti]
  collapse include dir [/home/student/.espressif/tools/xtensa-esp-elf/esp-15.2.0_20251204/xtensa-esp-elf/bin/../lib/gcc/xtensa-esp-elf/15.2.0/../../../../xtensa-esp-elf/include/c++/15.2.0/backward] ==> [/home/student/.espressif/tools/xtensa-esp-elf/esp-15.2.0_20251204/xtensa-esp-elf/xtensa-esp-elf/include/c++/15.2.0/backward]
  collapse include dir [/home/student/.espressif/tools/xtensa-esp-elf/esp-15.2.0_20251204/xtensa-esp-elf/bin/../lib/gcc/xtensa-esp-elf/15.2.0/include] ==> [/home/student/.espressif/tools/xtensa-esp-elf/esp-15.2.0_20251204/xtensa-esp-elf/lib/gcc/xtensa-esp-elf/15.2.0/include]
  collapse include dir [/home/student/.espressif/tools/xtensa-esp-elf/esp-15.2.0_20251204/xtensa-esp-elf/bin/../lib/gcc/xtensa-esp-elf/15.2.0/include-fixed] ==> [/home/student/.espressif/tools/xtensa-esp-elf/esp-15.2.0_20251204/xtensa-esp-elf/lib/gcc/xtensa-esp-elf/15.2.0/include-fixed]
  collapse include dir [/home/student/.espressif/tools/xtensa-esp-elf/esp-15.2.0_20251204/xtensa-esp-elf/bin/../lib/gcc/xtensa-esp-elf/15.2.0/../../../../xtensa-esp-elf/include] ==> [/home/student/.espressif/tools/xtensa-esp-elf/esp-15.2.0_20251204/xtensa-esp-elf/xtensa-esp-elf/include]
  implicit include dirs: [/home/student/.espressif/tools/xtensa-esp-elf/esp-15.2.0_20251204/xtensa-esp-elf/picolibc/include;/home/student/.espressif/tools/xtensa-esp-elf/esp-15.2.0_20251204/xtensa-esp-elf/picolibc/xtensa-esp-elf/include/c++/15.2.0/xtensa-esp-elf/esp32/no-rtti;/home/student/.espressif/tools/xtensa-esp-elf/esp-15.2.0_20251204/xtensa-esp-elf/xtensa-esp-elf/include/c++/15.2.0;/home/student/.espressif/tools/xtensa-esp-elf/esp-15.2.0_20251204/xtensa-esp-elf/xtensa-esp-elf/include/c++/15.2.0/xtensa-esp-elf/esp32/no-rtti;/home/student/.espressif/tools/xtensa-esp-elf/esp-15.2.0_20251204/xtensa-esp-elf/xtensa-esp-elf/include/c++/15.2.0/backward;/home/student/.espressif/tools/xtensa-esp-elf/esp-15.2.0_20251204/xtensa-esp-elf/lib/gcc/xtensa-esp-elf/15.2.0/include;/home/student/.espressif/tools/xtensa-esp-elf/esp-15.2.0_20251204/xtensa-esp-elf/lib/gcc/xtensa-esp-elf/15.2.0/include-fixed;/home/student/.espressif/tools/xtensa-esp-elf/esp-15.2.0_20251204/xtensa-esp-elf/xtensa-esp-elf/include]


Parsed CXX implicit link information from above output:
  link line regex: [^( *|.*[/\])(xtensa-esp32-elf-ld|CMAKE_LINK_STARTFILE-NOTFOUND|([^/\]+-)?ld|collect2)[^/\]*( |$)]
  ignore line: [Change Dir: /home/student/Desktop/ProjekatDisplej/DisplayAudi/build/CMakeFiles/CMakeTmp]
  ignore line: []
  ignore line: [Run Build Command(s):/usr/bin/ninja cmTC_79547 && [1/2] Building CXX object CMakeFiles/cmTC_79547.dir/CMakeCXXCompilerABI.cpp.obj]
  ignore line: [Using built-in specs.]
  ignore line: [Reading specs from /home/student/Desktop/ProjekatDisplej/DisplayAudi/build/specs/picolibc.specs]
  ignore line: [rename spec link to picolibc_link]
  ignore line: [rename spec link_libgcc to picolibc_link_libgcc]
  ignore line: [rename spec cpp to picolibc_cpp]
  ignore line: [rename spec cc1 to picolibc_cc1]
  ignore line: [rename spec cc1plus to picolibc_cc1plus]
  ignore line: [COLLECT_GCC=/home/student/.espressif/tools/xtensa-esp-elf/esp-15.2.0_20251204/xtensa-esp-elf/bin/xtensa-esp-elf-g++]
  ignore line: [Target: xtensa-esp-elf]
  ignore line: [Configured with: /builds/idf/crosstool-NG/.build/xtensa-esp-elf/src/gcc/configure --build=x86_64-build_pc-linux-gnu --host=x86_64-build_pc-linux-gnu --target=xtensa-esp-elf --prefix=/builds/idf/crosstool-NG/builds/xtensa-esp-elf --exec_prefix=/builds/idf/crosstool-NG/builds/xtensa-esp-elf --with-local-prefix=/builds/idf/crosstool-NG/builds/xtensa-esp-elf/xtensa-esp-elf --with-sysroot=/builds/idf/crosstool-NG/builds/xtensa-esp-elf/xtensa-esp-elf --with-native-system-header-dir=/include --with-headers=/builds/idf/crosstool-NG/builds/xtensa-esp-elf/xtensa-esp-elf/include --with-newlib --enable-threads=no --disable-shared --with-pkgversion='crosstool-NG esp-15.2.0_20251204' --disable-__cxa_atexit --enable-cxx-flags='-ffunction-sections -fdata-sections' --disable-libgomp --disable-libmudflap --disable-libmpx --disable-libssp --disable-libquadmath --disable-libquadmath-support --disable-libstdcxx-verbose --with-gmp=/builds/idf/crosstool-NG/.build/xtensa-esp-elf/buildtools --with-mpfr=/builds/idf/crosstool-NG/.build/xtensa-esp-elf/buildtools --with-mpc=/builds/idf/crosstool-NG/.build/xtensa-esp-elf/buildtools --with-isl=/builds/idf/crosstool-NG/.build/xtensa-esp-elf/buildtools --enable-lto --enable-target-optspace --without-long-double-128 --enable-plugin --disable-nls --enable-multiarch --enable-languages=c c++ --disable-libstdcxx-verbose --enable-threads=posix --enable-libstdcxx-time=yes --disable-win32-utf8-manifest]
  ignore line: [Thread model: posix]
  ignore line: [Supported LTO compression algorithms: zlib zstd]
  ignore line: [gcc version 15.2.0 (crosstool-NG esp-15.2.0_20251204) ]
  ignore line: [COLLECT_GCC_OPTIONS='-mdynconfig=xtensa_esp32.so' '-Wno-frame-address' '-mlongcalls' '-fno-builtin-memcpy' '-fno-builtin-memset' '-fno-builtin-bzero' '-specs=/home/student/Desktop/ProjekatDisplej/DisplayAudi/build/specs/picolibc.specs' '-fno-rtti' '-v' '-o' 'CMakeFiles/cmTC_79547.dir/CMakeCXXCompilerABI.cpp.obj' '-c' '-dumpdir' 'CMakeFiles/cmTC_79547.dir/']
  ignore line: [ /home/student/.espressif/tools/xtensa-esp-elf/esp-15.2.0_20251204/xtensa-esp-elf/bin/../libexec/gcc/xtensa-esp-elf/15.2.0/cc1plus -quiet -v -imultilib esp32/no-rtti -iprefix /home/student/.espressif/tools/xtensa-esp-elf/esp-15.2.0_20251204/xtensa-esp-elf/bin/../lib/gcc/xtensa-esp-elf/15.2.0/ -isysroot /home/student/.espressif/tools/xtensa-esp-elf/esp-15.2.0_20251204/xtensa-esp-elf/bin/../xtensa-esp-elf /usr/share/cmake-3.22/Modules/CMakeCXXCompilerABI.cpp -ftls-model=local-exec -quiet -dumpdir CMakeFiles/cmTC_79547.dir/ -dumpbase CMakeCXXCompilerABI.cpp.cpp -dumpbase-ext .cpp -mdynconfig=xtensa_esp32.so -mlongcalls -Wno-frame-address -version -fno-builtin-memcpy -fno-builtin-memset -fno-builtin-bzero -fno-rtti -isystem /home/student/.espressif/tools/xtensa-esp-elf/esp-15.2.0_20251204/xtensa-esp-elf/bin/../xtensa-esp-elf/../picolibc/include -isystem /home/student/.espressif/tools/xtensa-esp-elf/esp-15.2.0_20251204/xtensa-esp-elf/bin/../xtensa-esp-elf/../picolibc/include/../xtensa-esp-elf/include/c++/15.2.0/xtensa-esp-elf/esp32/no-rtti -ftls-model=local-exec -o /tmp/ccW4K5Cl.s]
  ignore line: [GNU C++17 (crosstool-NG esp-15.2.0_20251204) version 15.2.0 (xtensa-esp-elf)]
  ignore line: [	compiled by GNU C version 6.3.0  GMP version 6.3.0  MPFR version 4.2.1  MPC version 1.3.1  isl version isl-0.26-GMP]
  ignore line: []
  ignore line: [GGC heuristics: --param ggc-min-expand=100 --param ggc-min-heapsize=131072]
  ignore line: [ignoring duplicate directory "/home/student/.espressif/tools/xtensa-esp-elf/esp-15.2.0_20251204/xtensa-esp-elf/bin/../lib/gcc/../../lib/gcc/xtensa-esp-elf/15.2.0/../../../../xtensa-esp-elf/include/c++/15.2.0"]
  ignore line: [ignoring duplicate directory "/home/student/.espressif/tools/xtensa-esp-elf/esp-15.2.0_20251204/xtensa-esp-elf/bin/../lib/gcc/../../lib/gcc/xtensa-esp-elf/15.2.0/../../../../xtensa-esp-elf/include/c++/15.2.0/xtensa-esp-elf/esp32/no-rtti"]
  ignore line: [ignoring duplicate directory "/home/student/.espressif/tools/xtensa-esp-elf/esp-15.2.0_20251204/xtensa-esp-elf/bin/../lib/gcc/../../lib/gcc/xtensa-esp-elf/15.2.0/../../../../xtensa-esp-elf/include/c++/15.2.0/backward"]
  ignore line: [ignoring duplicate directory "/home/student/.espressif/tools/xtensa-esp-elf/esp-15.2.0_20251204/xtensa-esp-elf/bin/../lib/gcc/../../lib/gcc/xtensa-esp-elf/15.2.0/include"]
  ignore line: [ignoring nonexistent directory "/home/student/.espressif/tools/xtensa-esp-elf/esp-15.2.0_20251204/xtensa-esp-elf/bin/../xtensa-esp-elf/builds/idf/crosstool-NG/builds/xtensa-esp-elf/xtensa-esp-elf/include"]
  ignore line: [ignoring duplicate directory "/home/student/.espressif/tools/xtensa-esp-elf/esp-15.2.0_20251204/xtensa-esp-elf/bin/../lib/gcc/../../lib/gcc/xtensa-esp-elf/15.2.0/include-fixed"]
  ignore line: [ignoring duplicate directory "/home/student/.espressif/tools/xtensa-esp-elf/esp-15.2.0_20251204/xtensa-esp-elf/bin/../lib/gcc/../../lib/gcc/xtensa-esp-elf/15.2.0/../../../../xtensa-esp-elf/include"]
  ignore line: [ignoring duplicate directory "/home/student/.espressif/tools/xtensa-esp-elf/esp-15.2.0_20251204/xtensa-esp-elf/bin/../xtensa-esp-elf/include"]
  ignore line: [#include "..." search starts here:]
  ignore line: [#include <...> search starts here:]
  ignore line: [ /home/student/.espressif/tools/xtensa-esp-elf/esp-15.2.0_20251204/xtensa-esp-elf/bin/../xtensa-esp-elf/../picolibc/include]
  ignore line: [ /home/student/.espressif/tools/xtensa-esp-elf/esp-15.2.0_20251204/xtensa-esp-elf/bin/../xtensa-esp-elf/../picolibc/include/../xtensa-esp-elf/include/c++/15.2.0/xtensa-esp-elf/esp32/no-rtti]
  ignore line: [ /home/student/.espressif/tools/xtensa-esp-elf/esp-15.2.0_20251204/xtensa-esp-elf/bin/../lib/gcc/xtensa-esp-elf/15.2.0/../../../../xtensa-esp-elf/include/c++/15.2.0]
  ignore line: [ /home/student/.espressif/tools/xtensa-esp-elf/esp-15.2.0_20251204/xtensa-esp-elf/bin/../lib/gcc/xtensa-esp-elf/15.2.0/../../../../xtensa-esp-elf/include/c++/15.2.0/xtensa-esp-elf/esp32/no-rtti]
  ignore line: [ /home/student/.espressif/tools/xtensa-esp-elf/esp-15.2.0_20251204/xtensa-esp-elf/bin/../lib/gcc/xtensa-esp-elf/15.2.0/../../../../xtensa-esp-elf/include/c++/15.2.0/backward]
  ignore line: [ /home/student/.espressif/tools/xtensa-esp-elf/esp-15.2.0_20251204/xtensa-esp-elf/bin/../lib/gcc/xtensa-esp-elf/15.2.0/include]
  ignore line: [ /home/student/.espressif/tools/xtensa-esp-elf/esp-15.2.0_20251204/xtensa-esp-elf/bin/../lib/gcc/xtensa-esp-elf/15.2.0/include-fixed]
  ignore line: [ /home/student/.espressif/tools/xtensa-esp-elf/esp-15.2.0_20251204/xtensa-esp-elf/bin/../lib/gcc/xtensa-esp-elf/15.2.0/../../../../xtensa-esp-elf/include]
  ignore line: [End of search list.]
  ignore line: [Compiler executable checksum: ddaf5163ec1d262ade9e7a5c85eeee1b]
  ignore line: [COLLECT_GCC_OPTIONS='-mdynconfig=xtensa_esp32.so' '-Wno-frame-address' '-mlongcalls' '-fno-builtin-memcpy' '-fno-builtin-memset' '-fno-builtin-bzero' '-specs=/home/student/Desktop/ProjekatDisplej/DisplayAudi/build/specs/picolibc.specs' '-fno-rtti' '-v' '-o' 'CMakeFiles/cmTC_79547.dir/CMakeCXXCompilerABI.cpp.obj' '-c' '-dumpdir' 'CMakeFiles/cmTC_79547.dir/']
  ignore line: [ /home/student/.espressif/tools/xtensa-esp-elf/esp-15.2.0_20251204/xtensa-esp-elf/bin/../lib/gcc/xtensa-esp-elf/15.2.0/../../../../xtensa-esp-elf/bin/as --traditional-format --longcalls --dynconfig=xtensa_esp32.so -o CMakeFiles/cmTC_79547.dir/CMakeCXXCompilerABI.cpp.obj /tmp/ccW4K5Cl.s]
  ignore line: [COMPILER_PATH=/home/student/.espressif/tools/xtensa-esp-elf/esp-15.2.0_20251204/xtensa-esp-elf/bin/../libexec/gcc/xtensa-esp-elf/15.2.0/:/home/student/.espressif/tools/xtensa-esp-elf/esp-15.2.0_20251204/xtensa-esp-elf/bin/../libexec/gcc/:/home/student/.espressif/tools/xtensa-esp-elf/esp-15.2.0_20251204/xtensa-esp-elf/bin/../lib/gcc/xtensa-esp-elf/15.2.0/../../../../xtensa-esp-elf/bin/]
  ignore line: [LIBRARY_PATH=/home/student/.espressif/tools/xtensa-esp-elf/esp-15.2.0_20251204/xtensa-esp-elf/bin/../lib/gcc/xtensa-esp-elf/15.2.0/esp32/no-rtti/:/home/student/.espressif/tools/xtensa-esp-elf/esp-15.2.0_20251204/xtensa-esp-elf/bin/../lib/gcc/xtensa-esp-elf/15.2.0/../../../../xtensa-esp-elf/lib/esp32/no-rtti/:/home/student/.espressif/tools/xtensa-esp-elf/esp-15.2.0_20251204/xtensa-esp-elf/bin/../xtensa-esp-elf/lib/esp32/no-rtti/:/home/student/.espressif/tools/xtensa-esp-elf/esp-15.2.0_20251204/xtensa-esp-elf/bin/../lib/gcc/xtensa-esp-elf/15.2.0/:/home/student/.espressif/tools/xtensa-esp-elf/esp-15.2.0_20251204/xtensa-esp-elf/bin/../lib/gcc/:/home/student/.espressif/tools/xtensa-esp-elf/esp-15.2.0_20251204/xtensa-esp-elf/bin/../lib/gcc/xtensa-esp-elf/15.2.0/../../../../xtensa-esp-elf/lib/:/home/student/.espressif/tools/xtensa-esp-elf/esp-15.2.0_20251204/xtensa-esp-elf/bin/../xtensa-esp-elf/lib/:/home/student/.espressif/tools/xtensa-esp-elf/esp-15.2.0_20251204/xtensa-esp-elf/bin/../xtensa-esp-elf/usr/lib/]
  ignore line: [COLLECT_GCC_OPTIONS='-mdynconfig=xtensa_esp32.so' '-Wno-frame-address' '-mlongcalls' '-fno-builtin-memcpy' '-fno-builtin-memset' '-fno-builtin-bzero' '-specs=/home/student/Desktop/ProjekatDisplej/DisplayAudi/build/specs/picolibc.specs' '-fno-rtti' '-v' '-o' 'CMakeFiles/cmTC_79547.dir/CMakeCXXCompilerABI.cpp.obj' '-c' '-dumpdir' 'CMakeFiles/cmTC_79547.dir/CMakeCXXCompilerABI.cpp.']
  ignore line: [[2/2] Linking CXX executable cmTC_79547]
  ignore line: [Using built-in specs.]
  ignore line: [Reading specs from /home/student/Desktop/ProjekatDisplej/DisplayAudi/build/specs/picolibc.specs]
  ignore line: [rename spec link to picolibc_link]
  ignore line: [rename spec link_libgcc to picolibc_link_libgcc]
  ignore line: [rename spec cpp to picolibc_cpp]
  ignore line: [rename spec cc1 to picolibc_cc1]
  ignore line: [rename spec cc1plus to picolibc_cc1plus]
  ignore line: [COLLECT_GCC=/home/student/.espressif/tools/xtensa-esp-elf/esp-15.2.0_20251204/xtensa-esp-elf/bin/xtensa-esp-elf-g++]
  ignore line: [COLLECT_LTO_WRAPPER=/home/student/.espressif/tools/xtensa-esp-elf/esp-15.2.0_20251204/xtensa-esp-elf/bin/../libexec/gcc/xtensa-esp-elf/15.2.0/lto-wrapper]
  ignore line: [Target: xtensa-esp-elf]
  ignore line: [Configured with: /builds/idf/crosstool-NG/.build/xtensa-esp-elf/src/gcc/configure --build=x86_64-build_pc-linux-gnu --host=x86_64-build_pc-linux-gnu --target=xtensa-esp-elf --prefix=/builds/idf/crosstool-NG/builds/xtensa-esp-elf --exec_prefix=/builds/idf/crosstool-NG/builds/xtensa-esp-elf --with-local-prefix=/builds/idf/crosstool-NG/builds/xtensa-esp-elf/xtensa-esp-elf --with-sysroot=/builds/idf/crosstool-NG/builds/xtensa-esp-elf/xtensa-esp-elf --with-native-system-header-dir=/include --with-headers=/builds/idf/crosstool-NG/builds/xtensa-esp-elf/xtensa-esp-elf/include --with-newlib --enable-threads=no --disable-shared --with-pkgversion='crosstool-NG esp-15.2.0_20251204' --disable-__cxa_atexit --enable-cxx-flags='-ffunction-sections -fdata-sections' --disable-libgomp --disable-libmudflap --disable-libmpx --disable-libssp --disable-libquadmath --disable-libquadmath-support --disable-libstdcxx-verbose --with-gmp=/builds/idf/crosstool-NG/.build/xtensa-esp-elf/buildtools --with-mpfr=/builds/idf/crosstool-NG/.build/xtensa-esp-elf/buildtools --with-mpc=/builds/idf/crosstool-NG/.build/xtensa-esp-elf/buildtools --with-isl=/builds/idf/crosstool-NG/.build/xtensa-esp-elf/buildtools --enable-lto --enable-target-optspace --without-long-double-128 --enable-plugin --disable-nls --enable-multiarch --enable-languages=c c++ --disable-libstdcxx-verbose --enable-threads=posix --enable-libstdcxx-time=yes --disable-win32-utf8-manifest]
  ignore line: [Thread model: posix]
  ignore line: [Supported LTO compression algorithms: zlib zstd]
  ignore line: [gcc version 15.2.0 (crosstool-NG esp-15.2.0_20251204) ]
  ignore line: [COMPILER_PATH=/home/student/.espressif/tools/xtensa-esp-elf/esp-15.2.0_20251204/xtensa-esp-elf/bin/../libexec/gcc/xtensa-esp-elf/15.2.0/:/home/student/.espressif/tools/xtensa-esp-elf/esp-15.2.0_20251204/xtensa-esp-elf/bin/../libexec/gcc/:/home/student/.espressif/tools/xtensa-esp-elf/esp-15.2.0_20251204/xtensa-esp-elf/bin/../lib/gcc/xtensa-esp-elf/15.2.0/../../../../xtensa-esp-elf/bin/]
  ignore line: [LIBRARY_PATH=/home/student/.espressif/tools/xtensa-esp-elf/esp-15.2.0_20251204/xtensa-esp-elf/bin/../lib/gcc/xtensa-esp-elf/15.2.0/esp32/no-rtti/:/home/student/.espressif/tools/xtensa-esp-elf/esp-15.2.0_20251204/xtensa-esp-elf/bin/../lib/gcc/xtensa-esp-elf/15.2.0/../../../../xtensa-esp-elf/lib/esp32/no-rtti/:/home/student/.espressif/tools/xtensa-esp-elf/esp-15.2.0_20251204/xtensa-esp-elf/bin/../xtensa-esp-elf/lib/esp32/no-rtti/:/home/student/.espressif/tools/xtensa-esp-elf/esp-15.2.0_20251204/xtensa-esp-elf/bin/../lib/gcc/xtensa-esp-elf/15.2.0/:/home/student/.espressif/tools/xtensa-esp-elf/esp-15.2.0_20251204/xtensa-esp-elf/bin/../lib/gcc/:/home/student/.espressif/tools/xtensa-esp-elf/esp-15.2.0_20251204/xtensa-esp-elf/bin/../lib/gcc/xtensa-esp-elf/15.2.0/../../../../xtensa-esp-elf/lib/:/home/student/.espressif/tools/xtensa-esp-elf/esp-15.2.0_20251204/xtensa-esp-elf/bin/../xtensa-esp-elf/lib/:/home/student/.espressif/tools/xtensa-esp-elf/esp-15.2.0_20251204/xtensa-esp-elf/bin/../xtensa-esp-elf/usr/lib/]
  ignore line: [COLLECT_GCC_OPTIONS='-mdynconfig=xtensa_esp32.so' '-Wno-frame-address' '-mlongcalls' '-fno-builtin-memcpy' '-fno-builtin-memset' '-fno-builtin-bzero' '-specs=/home/student/Desktop/ProjekatDisplej/DisplayAudi/build/specs/picolibc.specs' '-nostartfiles' '-fno-rtti' '-v' '-o' 'cmTC_79547' '-dumpdir' 'cmTC_79547.']
  link line: [ /home/student/.espressif/tools/xtensa-esp-elf/esp-15.2.0_20251204/xtensa-esp-elf/bin/../libexec/gcc/xtensa-esp-elf/15.2.0/collect2 -plugin /home/student/.espressif/tools/xtensa-esp-elf/esp-15.2.0_20251204/xtensa-esp-elf/bin/../libexec/gcc/xtensa-esp-elf/15.2.0/liblto_plugin.so -plugin-opt=/home/student/.espressif/tools/xtensa-esp-elf/esp-15.2.0_20251204/xtensa-esp-elf/bin/../libexec/gcc/xtensa-esp-elf/15.2.0/lto-wrapper -plugin-opt=-fresolution=/tmp/cc3HN0S3.res -plugin-opt=-pass-through=-lgcc -plugin-opt=-pass-through=-lgcc -plugin-opt=-pass-through=-lc -plugin-opt=-pass-through=-lgcc -L/home/student/.espressif/tools/xtensa-esp-elf/esp-15.2.0_20251204/xtensa-esp-elf/bin/../xtensa-esp-elf/../picolibc/xtensa-esp-elf/lib/esp32/no-rtti -L/home/student/.espressif/tools/xtensa-esp-elf/esp-15.2.0_20251204/xtensa-esp-elf/bin/../xtensa-esp-elf/../picolibc/xtensa-esp-elf/lib -Tpicolibc.ld --sysroot=/home/student/.espressif/tools/xtensa-esp-elf/esp-15.2.0_20251204/xtensa-esp-elf/bin/../xtensa-esp-elf --dynconfig=xtensa_esp32.so -o cmTC_79547 -L/home/student/.espressif/tools/xtensa-esp-elf/esp-15.2.0_20251204/xtensa-esp-elf/bin/../xtensa-esp-elf/../picolibc/lib/gcc/xtensa-esp-elf/15.2.0/esp32/no-rtti -L/home/student/.espressif/tools/xtensa-esp-elf/esp-15.2.0_20251204/xtensa-esp-elf/bin/../xtensa-esp-elf/../picolibc/lib/gcc/xtensa-esp-elf/15.2.0 -L/home/student/.espressif/tools/xtensa-esp-elf/esp-15.2.0_20251204/xtensa-esp-elf/bin/../lib/gcc/xtensa-esp-elf/15.2.0/esp32/no-rtti -L/home/student/.espressif/tools/xtensa-esp-elf/esp-15.2.0_20251204/xtensa-esp-elf/bin/../lib/gcc/xtensa-esp-elf/15.2.0/../../../../xtensa-esp-elf/lib/esp32/no-rtti -L/home/student/.espressif/tools/xtensa-esp-elf/esp-15.2.0_20251204/xtensa-esp-elf/bin/../xtensa-esp-elf/lib/esp32/no-rtti -L/home/student/.espressif/tools/xtensa-esp-elf/esp-15.2.0_20251204/xtensa-esp-elf/bin/../lib/gcc/xtensa-esp-elf/15.2.0 -L/home/student/.espressif/tools/xtensa-esp-elf/esp-15.2.0_20251204/xtensa-esp-elf/bin/../lib/gcc -L/home/student/.espressif/tools/xtensa-esp-elf/esp-15.2.0_20251204/xtensa-esp-elf/bin/../lib/gcc/xtensa-esp-elf/15.2.0/../../../../xtensa-esp-elf/lib -L/home/student/.espressif/tools/xtensa-esp-elf/esp-15.2.0_20251204/xtensa-esp-elf/bin/../xtensa-esp-elf/lib -L/home/student/.espressif/tools/xtensa-esp-elf/esp-15.2.0_20251204/xtensa-esp-elf/bin/../xtensa-esp-elf/usr/lib @/tmp/ccPUJY18 -lgcc --start-group -lgcc -lc --end-group -lgcc]
    arg [/home/student/.espressif/tools/xtensa-esp-elf/esp-15.2.0_20251204/xtensa-esp-elf/bin/../libexec/gcc/xtensa-esp-elf/15.2.0/collect2] ==> ignore
    arg [-plugin] ==> ignore
    arg [/home/student/.espressif/tools/xtensa-esp-elf/esp-15.2.0_20251204/xtensa-esp-elf/bin/../libexec/gcc/xtensa-esp-elf/15.2.0/liblto_plugin.so] ==> ignore
    arg [-plugin-opt=/home/student/.espressif/tools/xtensa-esp-elf/esp-15.2.0_20251204/xtensa-esp-elf/bin/../libexec/gcc/xtensa-esp-elf/15.2.0/lto-wrapper] ==> ignore
    arg [-plugin-opt=-fresolution=/tmp/cc3HN0S3.res] ==> ignore
    arg [-plugin-opt=-pass-through=-lgcc] ==> ignore
    arg [-plugin-opt=-pass-through=-lgcc] ==> ignore
    arg [-plugin-opt=-pass-through=-lc] ==> ignore
    arg [-plugin-opt=-pass-through=-lgcc] ==> ignore
    arg [-L/home/student/.espressif/tools/xtensa-esp-elf/esp-15.2.0_20251204/xtensa-esp-elf/bin/../xtensa-esp-elf/../picolibc/xtensa-esp-elf/lib/esp32/no-rtti] ==> dir [/home/student/.espressif/tools/xtensa-esp-elf/esp-15.2.0_20251204/xtensa-esp-elf/bin/../xtensa-esp-elf/../picolibc/xtensa-esp-elf/lib/esp32/no-rtti]
    arg [-L/home/student/.espressif/tools/xtensa-esp-elf/esp-15.2.0_20251204/xtensa-esp-elf/bin/../xtensa-esp-elf/../picolibc/xtensa-esp-elf/lib] ==> dir [/home/student/.espressif/tools/xtensa-esp-elf/esp-15.2.0_20251204/xtensa-esp-elf/bin/../xtensa-esp-elf/../picolibc/xtensa-esp-elf/lib]
    arg [-Tpicolibc.ld] ==> ignore
    arg [--sysroot=/home/student/.espressif/tools/xtensa-esp-elf/esp-15.2.0_20251204/xtensa-esp-elf/bin/../xtensa-esp-elf] ==> ignore
    arg [--dynconfig=xtensa_esp32.so] ==> ignore
    arg [-o] ==> ignore
    arg [cmTC_79547] ==> ignore
    arg [-L/home/student/.espressif/tools/xtensa-esp-elf/esp-15.2.0_20251204/xtensa-esp-elf/bin/../xtensa-esp-elf/../picolibc/lib/gcc/xtensa-esp-elf/15.2.0/esp32/no-rtti] ==> dir [/home/student/.espressif/tools/xtensa-esp-elf/esp-15.2.0_20251204/xtensa-esp-elf/bin/../xtensa-esp-elf/../picolibc/lib/gcc/xtensa-esp-elf/15.2.0/esp32/no-rtti]
    arg [-L/home/student/.espressif/tools/xtensa-esp-elf/esp-15.2.0_20251204/xtensa-esp-elf/bin/../xtensa-esp-elf/../picolibc/lib/gcc/xtensa-esp-elf/15.2.0] ==> dir [/home/student/.espressif/tools/xtensa-esp-elf/esp-15.2.0_20251204/xtensa-esp-elf/bin/../xtensa-esp-elf/../picolibc/lib/gcc/xtensa-esp-elf/15.2.0]
    arg [-L/home/student/.espressif/tools/xtensa-esp-elf/esp-15.2.0_20251204/xtensa-esp-elf/bin/../lib/gcc/xtensa-esp-elf/15.2.0/esp32/no-rtti] ==> dir [/home/student/.espressif/tools/xtensa-esp-elf/esp-15.2.0_20251204/xtensa-esp-elf/bin/../lib/gcc/xtensa-esp-elf/15.2.0/esp32/no-rtti]
    arg [-L/home/student/.espressif/tools/xtensa-esp-elf/esp-15.2.0_20251204/xtensa-esp-elf/bin/../lib/gcc/xtensa-esp-elf/15.2.0/../../../../xtensa-esp-elf/lib/esp32/no-rtti] ==> dir [/home/student/.espressif/tools/xtensa-esp-elf/esp-15.2.0_20251204/xtensa-esp-elf/bin/../lib/gcc/xtensa-esp-elf/15.2.0/../../../../xtensa-esp-elf/lib/esp32/no-rtti]
    arg [-L/home/student/.espressif/tools/xtensa-esp-elf/esp-15.2.0_20251204/xtensa-esp-elf/bin/../xtensa-esp-elf/lib/esp32/no-rtti] ==> dir [/home/student/.espressif/tools/xtensa-esp-elf/esp-15.2.0_20251204/xtensa-esp-elf/bin/../xtensa-esp-elf/lib/esp32/no-rtti]
    arg [-L/home/student/.espressif/tools/xtensa-esp-elf/esp-15.2.0_20251204/xtensa-esp-elf/bin/../lib/gcc/xtensa-esp-elf/15.2.0] ==> dir [/home/student/.espressif/tools/xtensa-esp-elf/esp-15.2.0_20251204/xtensa-esp-elf/bin/../lib/gcc/xtensa-esp-elf/15.2.0]
    arg [-L/home/student/.espressif/tools/xtensa-esp-elf/esp-15.2.0_20251204/xtensa-esp-elf/bin/../lib/gcc] ==> dir [/home/student/.espressif/tools/xtensa-esp-elf/esp-15.2.0_20251204/xtensa-esp-elf/bin/../lib/gcc]
    arg [-L/home/student/.espressif/tools/xtensa-esp-elf/esp-15.2.0_20251204/xtensa-esp-elf/bin/../lib/gcc/xtensa-esp-elf/15.2.0/../../../../xtensa-esp-elf/lib] ==> dir [/home/student/.espressif/tools/xtensa-esp-elf/esp-15.2.0_20251204/xtensa-esp-elf/bin/../lib/gcc/xtensa-esp-elf/15.2.0/../../../../xtensa-esp-elf/lib]
    arg [-L/home/student/.espressif/tools/xtensa-esp-elf/esp-15.2.0_20251204/xtensa-esp-elf/bin/../xtensa-esp-elf/lib] ==> dir [/home/student/.espressif/tools/xtensa-esp-elf/esp-15.2.0_20251204/xtensa-esp-elf/bin/../xtensa-esp-elf/lib]
    arg [-L/home/student/.espressif/tools/xtensa-esp-elf/esp-15.2.0_20251204/xtensa-esp-elf/bin/../xtensa-esp-elf/usr/lib] ==> dir [/home/student/.espressif/tools/xtensa-esp-elf/esp-15.2.0_20251204/xtensa-esp-elf/bin/../xtensa-esp-elf/usr/lib]
    arg [@/tmp/ccPUJY18] ==> ignore
    arg [-lgcc] ==> lib [gcc]
    arg [--start-group] ==> ignore
    arg [-lgcc] ==> lib [gcc]
    arg [-lc] ==> lib [c]
    arg [--end-group] ==> ignore
    arg [-lgcc] ==> lib [gcc]
  collapse library dir [/home/student/.espressif/tools/xtensa-esp-elf/esp-15.2.0_20251204/xtensa-esp-elf/bin/../xtensa-esp-elf/../picolibc/xtensa-esp-elf/lib/esp32/no-rtti] ==> [/home/student/.espressif/tools/xtensa-esp-elf/esp-15.2.0_20251204/xtensa-esp-elf/picolibc/xtensa-esp-elf/lib/esp32/no-rtti]
  collapse library dir [/home/student/.espressif/tools/xtensa-esp-elf/esp-15.2.0_20251204/xtensa-esp-elf/bin/../xtensa-esp-elf/../picolibc/xtensa-esp-elf/lib] ==> [/home/student/.espressif/tools/xtensa-esp-elf/esp-15.2.0_20251204/xtensa-esp-elf/picolibc/xtensa-esp-elf/lib]
  collapse library dir [/home/student/.espressif/tools/xtensa-esp-elf/esp-15.2.0_20251204/xtensa-esp-elf/bin/../xtensa-esp-elf/../picolibc/lib/gcc/xtensa-esp-elf/15.2.0/esp32/no-rtti] ==> [/home/student/.espressif/tools/xtensa-esp-elf/esp-15.2.0_20251204/xtensa-esp-elf/picolibc/lib/gcc/xtensa-esp-elf/15.2.0/esp32/no-rtti]
  collapse library dir [/home/student/.espressif/tools/xtensa-esp-elf/esp-15.2.0_20251204/xtensa-esp-elf/bin/../xtensa-esp-elf/../picolibc/lib/gcc/xtensa-esp-elf/15.2.0] ==> [/home/student/.espressif/tools/xtensa-esp-elf/esp-15.2.0_20251204/xtensa-esp-elf/picolibc/lib/gcc/xtensa-esp-elf/15.2.0]
  collapse library dir [/home/student/.espressif/tools/xtensa-esp-elf/esp-15.2.0_20251204/xtensa-esp-elf/bin/../lib/gcc/xtensa-esp-elf/15.2.0/esp32/no-rtti] ==> [/home/student/.espressif/tools/xtensa-esp-elf/esp-15.2.0_20251204/xtensa-esp-elf/lib/gcc/xtensa-esp-elf/15.2.0/esp32/no-rtti]
  collapse library dir [/home/student/.espressif/tools/xtensa-esp-elf/esp-15.2.0_20251204/xtensa-esp-elf/bin/../lib/gcc/xtensa-esp-elf/15.2.0/../../../../xtensa-esp-elf/lib/esp32/no-rtti] ==> [/home/student/.espressif/tools/xtensa-esp-elf/esp-15.2.0_20251204/xtensa-esp-elf/xtensa-esp-elf/lib/esp32/no-rtti]
  collapse library dir [/home/student/.espressif/tools/xtensa-esp-elf/esp-15.2.0_20251204/xtensa-esp-elf/bin/../xtensa-esp-elf/lib/esp32/no-rtti] ==> [/home/student/.espressif/tools/xtensa-esp-elf/esp-15.2.0_20251204/xtensa-esp-elf/xtensa-esp-elf/lib/esp32/no-rtti]
  collapse library dir [/home/student/.espressif/tools/xtensa-esp-elf/esp-15.2.0_20251204/xtensa-esp-elf/bin/../lib/gcc/xtensa-esp-elf/15.2.0] ==> [/home/student/.espressif/tools/xtensa-esp-elf/esp-15.2.0_20251204/xtensa-esp-elf/lib/gcc/xtensa-esp-elf/15.2.0]
  collapse library dir [/home/student/.espressif/tools/xtensa-esp-elf/esp-15.2.0_20251204/xtensa-esp-elf/bin/../lib/gcc] ==> [/home/student/.espressif/tools/xtensa-esp-elf/esp-15.2.0_20251204/xtensa-esp-elf/lib/gcc]
  collapse library dir [/home/student/.espressif/tools/xtensa-esp-elf/esp-15.2.0_20251204/xtensa-esp-elf/bin/../lib/gcc/xtensa-esp-elf/15.2.0/../../../../xtensa-esp-elf/lib] ==> [/home/student/.espressif/tools/xtensa-esp-elf/esp-15.2.0_20251204/xtensa-esp-elf/xtensa-esp-elf/lib]
  collapse library dir [/home/student/.espressif/tools/xtensa-esp-elf/esp-15.2.0_20251204/xtensa-esp-elf/bin/../xtensa-esp-elf/lib] ==> [/home/student/.espressif/tools/xtensa-esp-elf/esp-15.2.0_20251204/xtensa-esp-elf/xtensa-esp-elf/lib]
  collapse library dir [/home/student/.espressif/tools/xtensa-esp-elf/esp-15.2.0_20251204/xtensa-esp-elf/bin/../xtensa-esp-elf/usr/lib] ==> [/home/student/.espressif/tools/xtensa-esp-elf/esp-15.2.0_20251204/xtensa-esp-elf/xtensa-esp-elf/usr/lib]
  implicit libs: [gcc;gcc;c;gcc]
  implicit objs: []
  implicit dirs: [/home/student/.espressif/tools/xtensa-esp-elf/esp-15.2.0_20251204/xtensa-esp-elf/picolibc/xtensa-esp-elf/lib/esp32/no-rtti;/home/student/.espressif/tools/xtensa-esp-elf/esp-15.2.0_20251204/xtensa-esp-elf/picolibc/xtensa-esp-elf/lib;/home/student/.espressif/tools/xtensa-esp-elf/esp-15.2.0_20251204/xtensa-esp-elf/picolibc/lib/gcc/xtensa-esp-elf/15.2.0/esp32/no-rtti;/home/student/.espressif/tools/xtensa-esp-elf/esp-15.2.0_20251204/xtensa-esp-elf/picolibc/lib/gcc/xtensa-esp-elf/15.2.0;/home/student/.espressif/tools/xtensa-esp-elf/esp-15.2.0_20251204/xtensa-esp-elf/lib/gcc/xtensa-esp-elf/15.2.0/esp32/no-rtti;/home/student/.espressif/tools/xtensa-esp-elf/esp-15.2.0_20251204/xtensa-esp-elf/xtensa-esp-elf/lib/esp32/no-rtti;/home/student/.espressif/tools/xtensa-esp-elf/esp-15.2.0_20251204/xtensa-esp-elf/lib/gcc/xtensa-esp-elf/15.2.0;/home/student/.espressif/tools/xtensa-esp-elf/esp-15.2.0_20251204/xtensa-esp-elf/lib/gcc;/home/student/.espressif/tools/xtensa-esp-elf/esp-15.2.0_20251204/xtensa-esp-elf/xtensa-esp-elf/lib;/home/student/.espressif/tools/xtensa-esp-elf/esp-15.2.0_20251204/xtensa-esp-elf/xtensa-esp-elf/usr/lib]
  implicit fwks: []


Detecting C compiler ABI info compiled with the following output:
Change Dir: /home/student/Desktop/ProjekatDisplej/DisplayAudi/build/CMakeFiles/CMakeTmp

Run Build Command(s):/usr/bin/ninja cmTC_202f8 && [1/2] Building C object CMakeFiles/cmTC_202f8.dir/CMakeCCompilerABI.c.obj
Using built-in specs.
Reading specs from /home/student/Desktop/ProjekatDisplej/DisplayAudi/build/specs/picolibc.specs
rename spec link to picolibc_link
rename spec link_libgcc to picolibc_link_libgcc
rename spec cpp to picolibc_cpp
rename spec cc1 to picolibc_cc1
rename spec cc1plus to picolibc_cc1plus
COLLECT_GCC=/home/student/.espressif/tools/xtensa-esp-elf/esp-15.2.0_20251204/xtensa-esp-elf/bin/xtensa-esp-elf-gcc
Target: xtensa-esp-elf
Configured with: /builds/idf/crosstool-NG/.build/xtensa-esp-elf/src/gcc/configure --build=x86_64-build_pc-linux-gnu --host=x86_64-build_pc-linux-gnu --target=xtensa-esp-elf --prefix=/builds/idf/crosstool-NG/builds/xtensa-esp-elf --exec_prefix=/builds/idf/crosstool-NG/builds/xtensa-esp-elf --with-local-prefix=/builds/idf/crosstool-NG/builds/xtensa-esp-elf/xtensa-esp-elf --with-sysroot=/builds/idf/crosstool-NG/builds/xtensa-esp-elf/xtensa-esp-elf --with-native-system-header-dir=/include --with-headers=/builds/idf/crosstool-NG/builds/xtensa-esp-elf/xtensa-esp-elf/include --with-newlib --enable-threads=no --disable-shared --with-pkgversion='crosstool-NG esp-15.2.0_20251204' --disable-__cxa_atexit --enable-cxx-flags='-ffunction-sections -fdata-sections' --disable-libgomp --disable-libmudflap --disable-libmpx --disable-libssp --disable-libquadmath --disable-libquadmath-support --disable-libstdcxx-verbose --with-gmp=/builds/idf/crosstool-NG/.build/xtensa-esp-elf/buildtools --with-mpfr=/builds/idf/crosstool-NG/.build/xtensa-esp-elf/buildtools --with-mpc=/builds/idf/crosstool-NG/.build/xtensa-esp-elf/buildtools --with-isl=/builds/idf/crosstool-NG/.build/xtensa-esp-elf/buildtools --enable-lto --enable-target-optspace --without-long-double-128 --enable-plugin --disable-nls --enable-multiarch --enable-languages=c,c++ --disable-libstdcxx-verbose --enable-threads=posix --enable-libstdcxx-time=yes --disable-win32-utf8-manifest
Thread model: posix
Supported LTO compression algorithms: zlib zstd
gcc version 15.2.0 (crosstool-NG esp-15.2.0_20251204) 
COLLECT_GCC_OPTIONS='-mdynconfig=xtensa_esp32.so' '-Wno-frame-address' '-mlongcalls' '-fno-builtin-memcpy' '-fno-builtin-memset' '-fno-builtin-bzero' '-specs=/home/student/Desktop/ProjekatDisplej/DisplayAudi/build/specs/picolibc.specs' '-v' '-o' 'CMakeFiles/cmTC_202f8.dir/CMakeCCompilerABI.c.obj' '-c' '-dumpdir' 'CMakeFiles/cmTC_202f8.dir/'
 /home/student/.espressif/tools/xtensa-esp-elf/esp-15.2.0_20251204/xtensa-esp-elf/bin/../libexec/gcc/xtensa-esp-elf/15.2.0/cc1 -quiet -v -imultilib esp32 -iprefix /home/student/.espressif/tools/xtensa-esp-elf/esp-15.2.0_20251204/xtensa-esp-elf/bin/../lib/gcc/xtensa-esp-elf/15.2.0/ -isysroot /home/student/.espressif/tools/xtensa-esp-elf/esp-15.2.0_20251204/xtensa-esp-elf/bin/../xtensa-esp-elf -isystem /home/student/.espressif/tools/xtensa-esp-elf/esp-15.2.0_20251204/xtensa-esp-elf/bin/../xtensa-esp-elf/../picolibc/include -isystem /home/student/.espressif/tools/xtensa-esp-elf/esp-15.2.0_20251204/xtensa-esp-elf/bin/../xtensa-esp-elf/../picolibc/include/../xtensa-esp-elf/include/c++/15.2.0/xtensa-esp-elf/esp32 /usr/share/cmake-3.22/Modules/CMakeCCompilerABI.c -ftls-model=local-exec -quiet -dumpdir CMakeFiles/cmTC_202f8.dir/ -dumpbase CMakeCCompilerABI.c.c -dumpbase-ext .c -mdynconfig=xtensa_esp32.so -mlongcalls -Wno-frame-address -version -fno-builtin-memcpy -fno-builtin-memset -fno-builtin-bzero -o /tmp/cc0w1tsA.s
GNU C23 (crosstool-NG esp-15.2.0_20251204) version 15.2.0 (xtensa-esp-elf)
	compiled by GNU C version 6.3.0, GMP version 6.3.0, MPFR version 4.2.1, MPC version 1.3.1, isl version isl-0.26-GMP

GGC heuristics: --param ggc-min-expand=100 --param ggc-min-heapsize=131072
ignoring duplicate directory "/home/student/.espressif/tools/xtensa-esp-elf/esp-15.2.0_20251204/xtensa-esp-elf/bin/../lib/gcc/../../lib/gcc/xtensa-esp-elf/15.2.0/include"
ignoring nonexistent directory "/home/student/.espressif/tools/xtensa-esp-elf/esp-15.2.0_20251204/xtensa-esp-elf/bin/../xtensa-esp-elf/builds/idf/crosstool-NG/builds/xtensa-esp-elf/xtensa-esp-elf/include"
ignoring duplicate directory "/home/student/.espressif/tools/xtensa-esp-elf/esp-15.2.0_20251204/xtensa-esp-elf/bin/../lib/gcc/../../lib/gcc/xtensa-esp-elf/15.2.0/include-fixed"
ignoring duplicate directory "/home/student/.espressif/tools/xtensa-esp-elf/esp-15.2.0_20251204/xtensa-esp-elf/bin/../lib/gcc/../../lib/gcc/xtensa-esp-elf/15.2.0/../../../../xtensa-esp-elf/include"
ignoring duplicate directory "/home/student/.espressif/tools/xtensa-esp-elf/esp-15.2.0_20251204/xtensa-esp-elf/bin/../xtensa-esp-elf/include"
#include "..." search starts here:
#include <...> search starts here:
 /home/student/.espressif/tools/xtensa-esp-elf/esp-15.2.0_20251204/xtensa-esp-elf/bin/../xtensa-esp-elf/../picolibc/include
 /home/student/.espressif/tools/xtensa-esp-elf/esp-15.2.0_20251204/xtensa-esp-elf/bin/../xtensa-esp-elf/../picolibc/include/../xtensa-esp-elf/include/c++/15.2.0/xtensa-esp-elf/esp32
 /home/student/.espressif/tools/xtensa-esp-elf/esp-15.2.0_20251204/xtensa-esp-elf/bin/../lib/gcc/xtensa-esp-elf/15.2.0/include
 /home/student/.espressif/tools/xtensa-esp-elf/esp-15.2.0_20251204/xtensa-esp-elf/bin/../lib/gcc/xtensa-esp-elf/15.2.0/include-fixed
 /home/student/.espressif/tools/xtensa-esp-elf/esp-15.2.0_20251204/xtensa-esp-elf/bin/../lib/gcc/xtensa-esp-elf/15.2.0/../../../../xtensa-esp-elf/include
End of search list.
Compiler executable checksum: 023236c824ceaa5629805e8d1b1d2049
COLLECT_GCC_OPTIONS='-mdynconfig=xtensa_esp32.so' '-Wno-frame-address' '-mlongcalls' '-fno-builtin-memcpy' '-fno-builtin-memset' '-fno-builtin-bzero' '-specs=/home/student/Desktop/ProjekatDisplej/DisplayAudi/build/specs/picolibc.specs' '-v' '-o' 'CMakeFiles/cmTC_202f8.dir/CMakeCCompilerABI.c.obj' '-c' '-dumpdir' 'CMakeFiles/cmTC_202f8.dir/'
 /home/student/.espressif/tools/xtensa-esp-elf/esp-15.2.0_20251204/xtensa-esp-elf/bin/../lib/gcc/xtensa-esp-elf/15.2.0/../../../../xtensa-esp-elf/bin/as --traditional-format --longcalls --dynconfig=xtensa_esp32.so -o CMakeFiles/cmTC_202f8.dir/CMakeCCompilerABI.c.obj /tmp/cc0w1tsA.s
COMPILER_PATH=/home/student/.espressif/tools/xtensa-esp-elf/esp-15.2.0_20251204/xtensa-esp-elf/bin/../libexec/gcc/xtensa-esp-elf/15.2.0/:/home/student/.espressif/tools/xtensa-esp-elf/esp-15.2.0_20251204/xtensa-esp-elf/bin/../libexec/gcc/:/home/student/.espressif/tools/xtensa-esp-elf/esp-15.2.0_20251204/xtensa-esp-elf/bin/../lib/gcc/xtensa-esp-elf/15.2.0/../../../../xtensa-esp-elf/bin/
LIBRARY_PATH=/home/student/.espressif/tools/xtensa-esp-elf/esp-15.2.0_20251204/xtensa-esp-elf/bin/../lib/gcc/xtensa-esp-elf/15.2.0/esp32/:/home/student/.espressif/tools/xtensa-esp-elf/esp-15.2.0_20251204/xtensa-esp-elf/bin/../lib/gcc/xtensa-esp-elf/15.2.0/../../../../xtensa-esp-elf/lib/esp32/:/home/student/.espressif/tools/xtensa-esp-elf/esp-15.2.0_20251204/xtensa-esp-elf/bin/../xtensa-esp-elf/lib/esp32/:/home/student/.espressif/tools/xtensa-esp-elf/esp-15.2.0_20251204/xtensa-esp-elf/bin/../lib/gcc/xtensa-esp-elf/15.2.0/:/home/student/.espressif/tools/xtensa-esp-elf/esp-15.2.0_20251204/xtensa-esp-elf/bin/../lib/gcc/:/home/student/.espressif/tools/xtensa-esp-elf/esp-15.2.0_20251204/xtensa-esp-elf/bin/../lib/gcc/xtensa-esp-elf/15.2.0/../../../../xtensa-esp-elf/lib/:/home/student/.espressif/tools/xtensa-esp-elf/esp-15.2.0_20251204/xtensa-esp-elf/bin/../xtensa-esp-elf/lib/:/home/student/.espressif/tools/xtensa-esp-elf/esp-15.2.0_20251204/xtensa-esp-elf/bin/../xtensa-esp-elf/usr/lib/
COLLECT_GCC_OPTIONS='-mdynconfig=xtensa_esp32.so' '-Wno-frame-address' '-mlongcalls' '-fno-builtin-memcpy' '-fno-builtin-memset' '-fno-builtin-bzero' '-specs=/home/student/Desktop/ProjekatDisplej/DisplayAudi/build/specs/picolibc.specs' '-v' '-o' 'CMakeFiles/cmTC_202f8.dir/CMakeCCompilerABI.c.obj' '-c' '-dumpdir' 'CMakeFiles/cmTC_202f8.dir/CMakeCCompilerABI.c.'
[2/2] Linking C executable cmTC_202f8
Using built-in specs.
Reading specs from /home/student/Desktop/ProjekatDisplej/DisplayAudi/build/specs/picolibc.specs
rename spec link to picolibc_link
rename spec link_libgcc to picolibc_link_libgcc
rename spec cpp to picolibc_cpp
rename spec cc1 to picolibc_cc1
rename spec cc1plus to picolibc_cc1plus
COLLECT_GCC=/home/student/.espressif/tools/xtensa-esp-elf/esp-15.2.0_20251204/xtensa-esp-elf/bin/xtensa-esp-elf-gcc
COLLECT_LTO_WRAPPER=/home/student/.espressif/tools/xtensa-esp-elf/esp-15.2.0_20251204/xtensa-esp-elf/bin/../libexec/gcc/xtensa-esp-elf/15.2.0/lto-wrapper
Target: xtensa-esp-elf
Configured with: /builds/idf/crosstool-NG/.build/xtensa-esp-elf/src/gcc/configure --build=x86_64-build_pc-linux-gnu --host=x86_64-build_pc-linux-gnu --target=xtensa-esp-elf --prefix=/builds/idf/crosstool-NG/builds/xtensa-esp-elf --exec_prefix=/builds/idf/crosstool-NG/builds/xtensa-esp-elf --with-local-prefix=/builds/idf/crosstool-NG/builds/xtensa-esp-elf/xtensa-esp-elf --with-sysroot=/builds/idf/crosstool-NG/builds/xtensa-esp-elf/xtensa-esp-elf --with-native-system-header-dir=/include --with-headers=/builds/idf/crosstool-NG/builds/xtensa-esp-elf/xtensa-esp-elf/include --with-newlib --enable-threads=no --disable-shared --with-pkgversion='crosstool-NG esp-15.2.0_20251204' --disable-__cxa_atexit --enable-cxx-flags='-ffunction-sections -fdata-sections' --disable-libgomp --disable-libmudflap --disable-libmpx --disable-libssp --disable-libquadmath --disable-libquadmath-support --disable-libstdcxx-verbose --with-gmp=/builds/idf/crosstool-NG/.build/xtensa-esp-elf/buildtools --with-mpfr=/builds/idf/crosstool-NG/.build/xtensa-esp-elf/buildtools --with-mpc=/builds/idf/crosstool-NG/.build/xtensa-esp-elf/buildtools --with-isl=/builds/idf/crosstool-NG/.build/xtensa-esp-elf/buildtools --enable-lto --enable-target-optspace --without-long-double-128 --enable-plugin --disable-nls --enable-multiarch --enable-languages=c,c++ --disable-libstdcxx-verbose --enable-threads=posix --enable-libstdcxx-time=yes --disable-win32-utf8-manifest
Thread model: posix
Supported LTO compression algorithms: zlib zstd
gcc version 15.2.0 (crosstool-NG esp-15.2.0_20251204) 
COMPILER_PATH=/home/student/.espressif/tools/xtensa-esp-elf/esp-15.2.0_20251204/xtensa-esp-elf/bin/../libexec/gcc/xtensa-esp-elf/15.2.0/:/home/student/.espressif/tools/xtensa-esp-elf/esp-15.2.0_20251204/xtensa-esp-elf/bin/../libexec/gcc/:/home/student/.espressif/tools/xtensa-esp-elf/esp-15.2.0_20251204/xtensa-esp-elf/bin/../lib/gcc/xtensa-esp-elf/15.2.0/../../../../xtensa-esp-elf/bin/
LIBRARY_PATH=/home/student/.espressif/tools/xtensa-esp-elf/esp-15.2.0_20251204/xtensa-esp-elf/bin/../lib/gcc/xtensa-esp-elf/15.2.0/esp32/no-rtti/:/home/student/.espressif/tools/xtensa-esp-elf/esp-15.2.0_20251204/xtensa-esp-elf/bin/../lib/gcc/xtensa-esp-elf/15.2.0/../../../../xtensa-esp-elf/lib/esp32/no-rtti/:/home/student/.espressif/tools/xtensa-esp-elf/esp-15.2.0_20251204/xtensa-esp-elf/bin/../xtensa-esp-elf/lib/esp32/no-rtti/:/home/student/.espressif/tools/xtensa-esp-elf/esp-15.2.0_20251204/xtensa-esp-elf/bin/../lib/gcc/xtensa-esp-elf/15.2.0/:/home/student/.espressif/tools/xtensa-esp-elf/esp-15.2.0_20251204/xtensa-esp-elf/bin/../lib/gcc/:/home/student/.espressif/tools/xtensa-esp-elf/esp-15.2.0_20251204/xtensa-esp-elf/bin/../lib/gcc/xtensa-esp-elf/15.2.0/../../../../xtensa-esp-elf/lib/:/home/student/.espressif/tools/xtensa-esp-elf/esp-15.2.0_20251204/xtensa-esp-elf/bin/../xtensa-esp-elf/lib/:/home/student/.espressif/tools/xtensa-esp-elf/esp-15.2.0_20251204/xtensa-esp-elf/bin/../xtensa-esp-elf/usr/lib/
COLLECT_GCC_OPTIONS='-mdynconfig=xtensa_esp32.so' '-Wno-frame-address' '-mlongcalls' '-fno-builtin-memcpy' '-fno-builtin-memset' '-fno-builtin-bzero' '-specs=/home/student/Desktop/ProjekatDisplej/DisplayAudi/build/specs/picolibc.specs' '-fno-rtti' '-nostartfiles' '-v' '-o' 'cmTC_202f8' '-dumpdir' 'cmTC_202f8.'
 /home/student/.espressif/tools/xtensa-esp-elf/esp-15.2.0_20251204/xtensa-esp-elf/bin/../libexec/gcc/xtensa-esp-elf/15.2.0/collect2 -plugin /home/student/.espressif/tools/xtensa-esp-elf/esp-15.2.0_20251204/xtensa-esp-elf/bin/../libexec/gcc/xtensa-esp-elf/15.2.0/liblto_plugin.so -plugin-opt=/home/student/.espressif/tools/xtensa-esp-elf/esp-15.2.0_20251204/xtensa-esp-elf/bin/../libexec/gcc/xtensa-esp-elf/15.2.0/lto-wrapper -plugin-opt=-fresolution=/tmp/ccLfCm6W.res -plugin-opt=-pass-through=-lgcc -plugin-opt=-pass-through=-lgcc -plugin-opt=-pass-through=-lc -plugin-opt=-pass-through=-lgcc -L/home/student/.espressif/tools/xtensa-esp-elf/esp-15.2.0_20251204/xtensa-esp-elf/bin/../xtensa-esp-elf/../picolibc/xtensa-esp-elf/lib/esp32/no-rtti -L/home/student/.espressif/tools/xtensa-esp-elf/esp-15.2.0_20251204/xtensa-esp-elf/bin/../xtensa-esp-elf/../picolibc/xtensa-esp-elf/lib -Tpicolibc.ld --sysroot=/home/student/.espressif/tools/xtensa-esp-elf/esp-15.2.0_20251204/xtensa-esp-elf/bin/../xtensa-esp-elf --dynconfig=xtensa_esp32.so -o cmTC_202f8 -L/home/student/.espressif/tools/xtensa-esp-elf/esp-15.2.0_20251204/xtensa-esp-elf/bin/../xtensa-esp-elf/../picolibc/lib/gcc/xtensa-esp-elf/15.2.0/esp32/no-rtti -L/home/student/.espressif/tools/xtensa-esp-elf/esp-15.2.0_20251204/xtensa-esp-elf/bin/../xtensa-esp-elf/../picolibc/lib/gcc/xtensa-esp-elf/15.2.0 -L/home/student/.espressif/tools/xtensa-esp-elf/esp-15.2.0_20251204/xtensa-esp-elf/bin/../lib/gcc/xtensa-esp-elf/15.2.0/esp32/no-rtti -L/home/student/.espressif/tools/xtensa-esp-elf/esp-15.2.0_20251204/xtensa-esp-elf/bin/../lib/gcc/xtensa-esp-elf/15.2.0/../../../../xtensa-esp-elf/lib/esp32/no-rtti -L/home/student/.espressif/tools/xtensa-esp-elf/esp-15.2.0_20251204/xtensa-esp-elf/bin/../xtensa-esp-elf/lib/esp32/no-rtti -L/home/student/.espressif/tools/xtensa-esp-elf/esp-15.2.0_20251204/xtensa-esp-elf/bin/../lib/gcc/xtensa-esp-elf/15.2.0 -L/home/student/.espressif/tools/xtensa-esp-elf/esp-15.2.0_20251204/xtensa-esp-elf/bin/../lib/gcc -L/home/student/.espressif/tools/xtensa-esp-elf/esp-15.2.0_20251204/xtensa-esp-elf/bin/../lib/gcc/xtensa-esp-elf/15.2.0/../../../../xtensa-esp-elf/lib -L/home/student/.espressif/tools/xtensa-esp-elf/esp-15.2.0_20251204/xtensa-esp-elf/bin/../xtensa-esp-elf/lib -L/home/student/.espressif/tools/xtensa-esp-elf/esp-15.2.0_20251204/xtensa-esp-elf/bin/../xtensa-esp-elf/usr/lib @/tmp/ccPkYEMI -lgcc --start-group -lgcc -lc --end-group -lgcc
/home/student/.espressif/tools/xtensa-esp-elf/esp-15.2.0_20251204/xtensa-esp-elf/bin/../lib/gcc/xtensa-esp-elf/15.2.0/../../../../xtensa-esp-elf/bin/ld: warning: cannot find entry symbol _start; defaulting to 10000000
COLLECT_GCC_OPTIONS='-mdynconfig=xtensa_esp32.so' '-Wno-frame-address' '-mlongcalls' '-fno-builtin-memcpy' '-fno-builtin-memset' '-fno-builtin-bzero' '-specs=/home/student/Desktop/ProjekatDisplej/DisplayAudi/build/specs/picolibc.specs' '-fno-rtti' '-nostartfiles' '-v' '-o' 'cmTC_202f8' '-dumpdir' 'cmTC_202f8.'



Parsed C implicit include dir info from above output: rv=done
  found start of include info
  found start of implicit include info
    add: [/home/student/.espressif/tools/xtensa-esp-elf/esp-15.2.0_20251204/xtensa-esp-elf/bin/../xtensa-esp-elf/../picolibc/include]
    add: [/home/student/.espressif/tools/xtensa-esp-elf/esp-15.2.0_20251204/xtensa-esp-elf/bin/../xtensa-esp-elf/../picolibc/include/../xtensa-esp-elf/include/c++/15.2.0/xtensa-esp-elf/esp32]
    add: [/home/student/.espressif/tools/xtensa-esp-elf/esp-15.2.0_20251204/xtensa-esp-elf/bin/../lib/gcc/xtensa-esp-elf/15.2.0/include]
    add: [/home/student/.espressif/tools/xtensa-esp-elf/esp-15.2.0_20251204/xtensa-esp-elf/bin/../lib/gcc/xtensa-esp-elf/15.2.0/include-fixed]
    add: [/home/student/.espressif/tools/xtensa-esp-elf/esp-15.2.0_20251204/xtensa-esp-elf/bin/../lib/gcc/xtensa-esp-elf/15.2.0/../../../../xtensa-esp-elf/include]
  end of search list found
  collapse include dir [/home/student/.espressif/tools/xtensa-esp-elf/esp-15.2.0_20251204/xtensa-esp-elf/bin/../xtensa-esp-elf/../picolibc/include] ==> [/home/student/.espressif/tools/xtensa-esp-elf/esp-15.2.0_20251204/xtensa-esp-elf/picolibc/include]
  collapse include dir [/home/student/.espressif/tools/xtensa-esp-elf/esp-15.2.0_20251204/xtensa-esp-elf/bin/../xtensa-esp-elf/../picolibc/include/../xtensa-esp-elf/include/c++/15.2.0/xtensa-esp-elf/esp32] ==> [/home/student/.espressif/tools/xtensa-esp-elf/esp-15.2.0_20251204/xtensa-esp-elf/picolibc/xtensa-esp-elf/include/c++/15.2.0/xtensa-esp-elf/esp32]
  collapse include dir [/home/student/.espressif/tools/xtensa-esp-elf/esp-15.2.0_20251204/xtensa-esp-elf/bin/../lib/gcc/xtensa-esp-elf/15.2.0/include] ==> [/home/student/.espressif/tools/xtensa-esp-elf/esp-15.2.0_20251204/xtensa-esp-elf/lib/gcc/xtensa-esp-elf/15.2.0/include]
  collapse include dir [/home/student/.espressif/tools/xtensa-esp-elf/esp-15.2.0_20251204/xtensa-esp-elf/bin/../lib/gcc/xtensa-esp-elf/15.2.0/include-fixed] ==> [/home/student/.espressif/tools/xtensa-esp-elf/esp-15.2.0_20251204/xtensa-esp-elf/lib/gcc/xtensa-esp-elf/15.2.0/include-fixed]
  collapse include dir [/home/student/.espressif/tools/xtensa-esp-elf/esp-15.2.0_20251204/xtensa-esp-elf/bin/../lib/gcc/xtensa-esp-elf/15.2.0/../../../../xtensa-esp-elf/include] ==> [/home/student/.espressif/tools/xtensa-esp-elf/esp-15.2.0_20251204/xtensa-esp-elf/xtensa-esp-elf/include]
  implicit include dirs: [/home/student/.espressif/tools/xtensa-esp-elf/esp-15.2.0_20251204/xtensa-esp-elf/picolibc/include;/home/student/.espressif/tools/xtensa-esp-elf/esp-15.2.0_20251204/xtensa-esp-elf/picolibc/xtensa-esp-elf/include/c++/15.2.0/xtensa-esp-elf/esp32;/home/student/.espressif/tools/xtensa-esp-elf/esp-15.2.0_20251204/xtensa-esp-elf/lib/gcc/xtensa-esp-elf/15.2.0/include;/home/student/.espressif/tools/xtensa-esp-elf/esp-15.2.0_20251204/xtensa-esp-elf/lib/gcc/xtensa-esp-elf/15.2.0/include-fixed;/home/student/.espressif/tools/xtensa-esp-elf/esp-15.2.0_20251204/xtensa-esp-elf/xtensa-esp-elf/include]


Parsed C implicit link information from above output:
  link line regex: [^( *|.*[/\])(xtensa-esp32-elf-ld|CMAKE_LINK_STARTFILE-NOTFOUND|([^/\]+-)?ld|collect2)[^/\]*( |$)]
  ignore line: [Change Dir: /home/student/Desktop/ProjekatDisplej/DisplayAudi/build/CMakeFiles/CMakeTmp]
  ignore line: []
  ignore line: [Run Build Command(s):/usr/bin/ninja cmTC_202f8 && [1/2] Building C object CMakeFiles/cmTC_202f8.dir/CMakeCCompilerABI.c.obj]
  ignore line: [Using built-in specs.]
  ignore line: [Reading specs from /home/student/Desktop/ProjekatDisplej/DisplayAudi/build/specs/picolibc.specs]
  ignore line: [rename spec link to picolibc_link]
  ignore line: [rename spec link_libgcc to picolibc_link_libgcc]
  ignore line: [rename spec cpp to picolibc_cpp]
  ignore line: [rename spec cc1 to picolibc_cc1]
  ignore line: [rename spec cc1plus to picolibc_cc1plus]
  ignore line: [COLLECT_GCC=/home/student/.espressif/tools/xtensa-esp-elf/esp-15.2.0_20251204/xtensa-esp-elf/bin/xtensa-esp-elf-gcc]
  ignore line: [Target: xtensa-esp-elf]
  ignore line: [Configured with: /builds/idf/crosstool-NG/.build/xtensa-esp-elf/src/gcc/configure --build=x86_64-build_pc-linux-gnu --host=x86_64-build_pc-linux-gnu --target=xtensa-esp-elf --prefix=/builds/idf/crosstool-NG/builds/xtensa-esp-elf --exec_prefix=/builds/idf/crosstool-NG/builds/xtensa-esp-elf --with-local-prefix=/builds/idf/crosstool-NG/builds/xtensa-esp-elf/xtensa-esp-elf --with-sysroot=/builds/idf/crosstool-NG/builds/xtensa-esp-elf/xtensa-esp-elf --with-native-system-header-dir=/include --with-headers=/builds/idf/crosstool-NG/builds/xtensa-esp-elf/xtensa-esp-elf/include --with-newlib --enable-threads=no --disable-shared --with-pkgversion='crosstool-NG esp-15.2.0_20251204' --disable-__cxa_atexit --enable-cxx-flags='-ffunction-sections -fdata-sections' --disable-libgomp --disable-libmudflap --disable-libmpx --disable-libssp --disable-libquadmath --disable-libquadmath-support --disable-libstdcxx-verbose --with-gmp=/builds/idf/crosstool-NG/.build/xtensa-esp-elf/buildtools --with-mpfr=/builds/idf/crosstool-NG/.build/xtensa-esp-elf/buildtools --with-mpc=/builds/idf/crosstool-NG/.build/xtensa-esp-elf/buildtools --with-isl=/builds/idf/crosstool-NG/.build/xtensa-esp-elf/buildtools --enable-lto --enable-target-optspace --without-long-double-128 --enable-plugin --disable-nls --enable-multiarch --enable-languages=c c++ --disable-libstdcxx-verbose --enable-threads=posix --enable-libstdcxx-time=yes --disable-win32-utf8-manifest]
  ignore line: [Thread model: posix]
  ignore line: [Supported LTO compression algorithms: zlib zstd]
  ignore line: [gcc version 15.2.0 (crosstool-NG esp-15.2.0_20251204) ]
  ignore line: [COLLECT_GCC_OPTIONS='-mdynconfig=xtensa_esp32.so' '-Wno-frame-address' '-mlongcalls' '-fno-builtin-memcpy' '-fno-builtin-memset' '-fno-builtin-bzero' '-specs=/home/student/Desktop/ProjekatDisplej/DisplayAudi/build/specs/picolibc.specs' '-v' '-o' 'CMakeFiles/cmTC_202f8.dir/CMakeCCompilerABI.c.obj' '-c' '-dumpdir' 'CMakeFiles/cmTC_202f8.dir/']
  ignore line: [ /home/student/.espressif/tools/xtensa-esp-elf/esp-15.2.0_20251204/xtensa-esp-elf/bin/../libexec/gcc/xtensa-esp-elf/15.2.0/cc1 -quiet -v -imultilib esp32 -iprefix /home/student/.espressif/tools/xtensa-esp-elf/esp-15.2.0_20251204/xtensa-esp-elf/bin/../lib/gcc/xtensa-esp-elf/15.2.0/ -isysroot /home/student/.espressif/tools/xtensa-esp-elf/esp-15.2.0_20251204/xtensa-esp-elf/bin/../xtensa-esp-elf -isystem /home/student/.espressif/tools/xtensa-esp-elf/esp-15.2.0_20251204/xtensa-esp-elf/bin/../xtensa-esp-elf/../picolibc/include -isystem /home/student/.espressif/tools/xtensa-esp-elf/esp-15.2.0_20251204/xtensa-esp-elf/bin/../xtensa-esp-elf/../picolibc/include/../xtensa-esp-elf/include/c++/15.2.0/xtensa-esp-elf/esp32 /usr/share/cmake-3.22/Modules/CMakeCCompilerABI.c -ftls-model=local-exec -quiet -dumpdir CMakeFiles/cmTC_202f8.dir/ -dumpbase CMakeCCompilerABI.c.c -dumpbase-ext .c -mdynconfig=xtensa_esp32.so -mlongcalls -Wno-frame-address -version -fno-builtin-memcpy -fno-builtin-memset -fno-builtin-bzero -o /tmp/cc0w1tsA.s]
  ignore line: [GNU C23 (crosstool-NG esp-15.2.0_20251204) version 15.2.0 (xtensa-esp-elf)]
  ignore line: [	compiled by GNU C version 6.3.0  GMP version 6.3.0  MPFR version 4.2.1  MPC version 1.3.1  isl version isl-0.26-GMP]
  ignore line: []
  ignore line: [GGC heuristics: --param ggc-min-expand=100 --param ggc-min-heapsize=131072]
  ignore line: [ignoring duplicate directory "/home/student/.espressif/tools/xtensa-esp-elf/esp-15.2.0_20251204/xtensa-esp-elf/bin/../lib/gcc/../../lib/gcc/xtensa-esp-elf/15.2.0/include"]
  ignore line: [ignoring nonexistent directory "/home/student/.espressif/tools/xtensa-esp-elf/esp-15.2.0_20251204/xtensa-esp-elf/bin/../xtensa-esp-elf/builds/idf/crosstool-NG/builds/xtensa-esp-elf/xtensa-esp-elf/include"]
  ignore line: [ignoring duplicate directory "/home/student/.espressif/tools/xtensa-esp-elf/esp-15.2.0_20251204/xtensa-esp-elf/bin/../lib/gcc/../../lib/gcc/xtensa-esp-elf/15.2.0/include-fixed"]
  ignore line: [ignoring duplicate directory "/home/student/.espressif/tools/xtensa-esp-elf/esp-15.2.0_20251204/xtensa-esp-elf/bin/../lib/gcc/../../lib/gcc/xtensa-esp-elf/15.2.0/../../../../xtensa-esp-elf/include"]
  ignore line: [ignoring duplicate directory "/home/student/.espressif/tools/xtensa-esp-elf/esp-15.2.0_20251204/xtensa-esp-elf/bin/../xtensa-esp-elf/include"]
  ignore line: [#include "..." search starts here:]
  ignore line: [#include <...> search starts here:]
  ignore line: [ /home/student/.espressif/tools/xtensa-esp-elf/esp-15.2.0_20251204/xtensa-esp-elf/bin/../xtensa-esp-elf/../picolibc/include]
  ignore line: [ /home/student/.espressif/tools/xtensa-esp-elf/esp-15.2.0_20251204/xtensa-esp-elf/bin/../xtensa-esp-elf/../picolibc/include/../xtensa-esp-elf/include/c++/15.2.0/xtensa-esp-elf/esp32]
  ignore line: [ /home/student/.espressif/tools/xtensa-esp-elf/esp-15.2.0_20251204/xtensa-esp-elf/bin/../lib/gcc/xtensa-esp-elf/15.2.0/include]
  ignore line: [ /home/student/.espressif/tools/xtensa-esp-elf/esp-15.2.0_20251204/xtensa-esp-elf/bin/../lib/gcc/xtensa-esp-elf/15.2.0/include-fixed]
  ignore line: [ /home/student/.espressif/tools/xtensa-esp-elf/esp-15.2.0_20251204/xtensa-esp-elf/bin/../lib/gcc/xtensa-esp-elf/15.2.0/../../../../xtensa-esp-elf/include]
  ignore line: [End of search list.]
  ignore line: [Compiler executable checksum: 023236c824ceaa5629805e8d1b1d2049]
  ignore line: [COLLECT_GCC_OPTIONS='-mdynconfig=xtensa_esp32.so' '-Wno-frame-address' '-mlongcalls' '-fno-builtin-memcpy' '-fno-builtin-memset' '-fno-builtin-bzero' '-specs=/home/student/Desktop/ProjekatDisplej/DisplayAudi/build/specs/picolibc.specs' '-v' '-o' 'CMakeFiles/cmTC_202f8.dir/CMakeCCompilerABI.c.obj' '-c' '-dumpdir' 'CMakeFiles/cmTC_202f8.dir/']
  ignore line: [ /home/student/.espressif/tools/xtensa-esp-elf/esp-15.2.0_20251204/xtensa-esp-elf/bin/../lib/gcc/xtensa-esp-elf/15.2.0/../../../../xtensa-esp-elf/bin/as --traditional-format --longcalls --dynconfig=xtensa_esp32.so -o CMakeFiles/cmTC_202f8.dir/CMakeCCompilerABI.c.obj /tmp/cc0w1tsA.s]
  ignore line: [COMPILER_PATH=/home/student/.espressif/tools/xtensa-esp-elf/esp-15.2.0_20251204/xtensa-esp-elf/bin/../libexec/gcc/xtensa-esp-elf/15.2.0/:/home/student/.espressif/tools/xtensa-esp-elf/esp-15.2.0_20251204/xtensa-esp-elf/bin/../libexec/gcc/:/home/student/.espressif/tools/xtensa-esp-elf/esp-15.2.0_20251204/xtensa-esp-elf/bin/../lib/gcc/xtensa-esp-elf/15.2.0/../../../../xtensa-esp-elf/bin/]
  ignore line: [LIBRARY_PATH=/home/student/.espressif/tools/xtensa-esp-elf/esp-15.2.0_20251204/xtensa-esp-elf/bin/../lib/gcc/xtensa-esp-elf/15.2.0/esp32/:/home/student/.espressif/tools/xtensa-esp-elf/esp-15.2.0_20251204/xtensa-esp-elf/bin/../lib/gcc/xtensa-esp-elf/15.2.0/../../../../xtensa-esp-elf/lib/esp32/:/home/student/.espressif/tools/xtensa-esp-elf/esp-15.2.0_20251204/xtensa-esp-elf/bin/../xtensa-esp-elf/lib/esp32/:/home/student/.espressif/tools/xtensa-esp-elf/esp-15.2.0_20251204/xtensa-esp-elf/bin/../lib/gcc/xtensa-esp-elf/15.2.0/:/home/student/.espressif/tools/xtensa-esp-elf/esp-15.2.0_20251204/xtensa-esp-elf/bin/../lib/gcc/:/home/student/.espressif/tools/xtensa-esp-elf/esp-15.2.0_20251204/xtensa-esp-elf/bin/../lib/gcc/xtensa-esp-elf/15.2.0/../../../../xtensa-esp-elf/lib/:/home/student/.espressif/tools/xtensa-esp-elf/esp-15.2.0_20251204/xtensa-esp-elf/bin/../xtensa-esp-elf/lib/:/home/student/.espressif/tools/xtensa-esp-elf/esp-15.2.0_20251204/xtensa-esp-elf/bin/../xtensa-esp-elf/usr/lib/]
  ignore line: [COLLECT_GCC_OPTIONS='-mdynconfig=xtensa_esp32.so' '-Wno-frame-address' '-mlongcalls' '-fno-builtin-memcpy' '-fno-builtin-memset' '-fno-builtin-bzero' '-specs=/home/student/Desktop/ProjekatDisplej/DisplayAudi/build/specs/picolibc.specs' '-v' '-o' 'CMakeFiles/cmTC_202f8.dir/CMakeCCompilerABI.c.obj' '-c' '-dumpdir' 'CMakeFiles/cmTC_202f8.dir/CMakeCCompilerABI.c.']
  ignore line: [[2/2] Linking C executable cmTC_202f8]
  ignore line: [Using built-in specs.]
  ignore line: [Reading specs from /home/student/Desktop/ProjekatDisplej/DisplayAudi/build/specs/picolibc.specs]
  ignore line: [rename spec link to picolibc_link]
  ignore line: [rename spec link_libgcc to picolibc_link_libgcc]
  ignore line: [rename spec cpp to picolibc_cpp]
  ignore line: [rename spec cc1 to picolibc_cc1]
  ignore line: [rename spec cc1plus to picolibc_cc1plus]
  ignore line: [COLLECT_GCC=/home/student/.espressif/tools/xtensa-esp-elf/esp-15.2.0_20251204/xtensa-esp-elf/bin/xtensa-esp-elf-gcc]
  ignore line: [COLLECT_LTO_WRAPPER=/home/student/.espressif/tools/xtensa-esp-elf/esp-15.2.0_20251204/xtensa-esp-elf/bin/../libexec/gcc/xtensa-esp-elf/15.2.0/lto-wrapper]
  ignore line: [Target: xtensa-esp-elf]
  ignore line: [Configured with: /builds/idf/crosstool-NG/.build/xtensa-esp-elf/src/gcc/configure --build=x86_64-build_pc-linux-gnu --host=x86_64-build_pc-linux-gnu --target=xtensa-esp-elf --prefix=/builds/idf/crosstool-NG/builds/xtensa-esp-elf --exec_prefix=/builds/idf/crosstool-NG/builds/xtensa-esp-elf --with-local-prefix=/builds/idf/crosstool-NG/builds/xtensa-esp-elf/xtensa-esp-elf --with-sysroot=/builds/idf/crosstool-NG/builds/xtensa-esp-elf/xtensa-esp-elf --with-native-system-header-dir=/include --with-headers=/builds/idf/crosstool-NG/builds/xtensa-esp-elf/xtensa-esp-elf/include --with-newlib --enable-threads=no --disable-shared --with-pkgversion='crosstool-NG esp-15.2.0_20251204' --disable-__cxa_atexit --enable-cxx-flags='-ffunction-sections -fdata-sections' --disable-libgomp --disable-libmudflap --disable-libmpx --disable-libssp --disable-libquadmath --disable-libquadmath-support --disable-libstdcxx-verbose --with-gmp=/builds/idf/crosstool-NG/.build/xtensa-esp-elf/buildtools --with-mpfr=/builds/idf/crosstool-NG/.build/xtensa-esp-elf/buildtools --with-mpc=/builds/idf/crosstool-NG/.build/xtensa-esp-elf/buildtools --with-isl=/builds/idf/crosstool-NG/.build/xtensa-esp-elf/buildtools --enable-lto --enable-target-optspace --without-long-double-128 --enable-plugin --disable-nls --enable-multiarch --enable-languages=c c++ --disable-libstdcxx-verbose --enable-threads=posix --enable-libstdcxx-time=yes --disable-win32-utf8-manifest]
  ignore line: [Thread model: posix]
  ignore line: [Supported LTO compression algorithms: zlib zstd]
  ignore line: [gcc version 15.2.0 (crosstool-NG esp-15.2.0_20251204) ]
  ignore line: [COMPILER_PATH=/home/student/.espressif/tools/xtensa-esp-elf/esp-15.2.0_20251204/xtensa-esp-elf/bin/../libexec/gcc/xtensa-esp-elf/15.2.0/:/home/student/.espressif/tools/xtensa-esp-elf/esp-15.2.0_20251204/xtensa-esp-elf/bin/../libexec/gcc/:/home/student/.espressif/tools/xtensa-esp-elf/esp-15.2.0_20251204/xtensa-esp-elf/bin/../lib/gcc/xtensa-esp-elf/15.2.0/../../../../xtensa-esp-elf/bin/]
  ignore line: [LIBRARY_PATH=/home/student/.espressif/tools/xtensa-esp-elf/esp-15.2.0_20251204/xtensa-esp-elf/bin/../lib/gcc/xtensa-esp-elf/15.2.0/esp32/no-rtti/:/home/student/.espressif/tools/xtensa-esp-elf/esp-15.2.0_20251204/xtensa-esp-elf/bin/../lib/gcc/xtensa-esp-elf/15.2.0/../../../../xtensa-esp-elf/lib/esp32/no-rtti/:/home/student/.espressif/tools/xtensa-esp-elf/esp-15.2.0_20251204/xtensa-esp-elf/bin/../xtensa-esp-elf/lib/esp32/no-rtti/:/home/student/.espressif/tools/xtensa-esp-elf/esp-15.2.0_20251204/xtensa-esp-elf/bin/../lib/gcc/xtensa-esp-elf/15.2.0/:/home/student/.espressif/tools/xtensa-esp-elf/esp-15.2.0_20251204/xtensa-esp-elf/bin/../lib/gcc/:/home/student/.espressif/tools/xtensa-esp-elf/esp-15.2.0_20251204/xtensa-esp-elf/bin/../lib/gcc/xtensa-esp-elf/15.2.0/../../../../xtensa-esp-elf/lib/:/home/student/.espressif/tools/xtensa-esp-elf/esp-15.2.0_20251204/xtensa-esp-elf/bin/../xtensa-esp-elf/lib/:/home/student/.espressif/tools/xtensa-esp-elf/esp-15.2.0_20251204/xtensa-esp-elf/bin/../xtensa-esp-elf/usr/lib/]
  ignore line: [COLLECT_GCC_OPTIONS='-mdynconfig=xtensa_esp32.so' '-Wno-frame-address' '-mlongcalls' '-fno-builtin-memcpy' '-fno-builtin-memset' '-fno-builtin-bzero' '-specs=/home/student/Desktop/ProjekatDisplej/DisplayAudi/build/specs/picolibc.specs' '-fno-rtti' '-nostartfiles' '-v' '-o' 'cmTC_202f8' '-dumpdir' 'cmTC_202f8.']
  link line: [ /home/student/.espressif/tools/xtensa-esp-elf/esp-15.2.0_20251204/xtensa-esp-elf/bin/../libexec/gcc/xtensa-esp-elf/15.2.0/collect2 -plugin /home/student/.espressif/tools/xtensa-esp-elf/esp-15.2.0_20251204/xtensa-esp-elf/bin/../libexec/gcc/xtensa-esp-elf/15.2.0/liblto_plugin.so -plugin-opt=/home/student/.espressif/tools/xtensa-esp-elf/esp-15.2.0_20251204/xtensa-esp-elf/bin/../libexec/gcc/xtensa-esp-elf/15.2.0/lto-wrapper -plugin-opt=-fresolution=/tmp/ccLfCm6W.res -plugin-opt=-pass-through=-lgcc -plugin-opt=-pass-through=-lgcc -plugin-opt=-pass-through=-lc -plugin-opt=-pass-through=-lgcc -L/home/student/.espressif/tools/xtensa-esp-elf/esp-15.2.0_20251204/xtensa-esp-elf/bin/../xtensa-esp-elf/../picolibc/xtensa-esp-elf/lib/esp32/no-rtti -L/home/student/.espressif/tools/xtensa-esp-elf/esp-15.2.0_20251204/xtensa-esp-elf/bin/../xtensa-esp-elf/../picolibc/xtensa-esp-elf/lib -Tpicolibc.ld --sysroot=/home/student/.espressif/tools/xtensa-esp-elf/esp-15.2.0_20251204/xtensa-esp-elf/bin/../xtensa-esp-elf --dynconfig=xtensa_esp32.so -o cmTC_202f8 -L/home/student/.espressif/tools/xtensa-esp-elf/esp-15.2.0_20251204/xtensa-esp-elf/bin/../xtensa-esp-elf/../picolibc/lib/gcc/xtensa-esp-elf/15.2.0/esp32/no-rtti -L/home/student/.espressif/tools/xtensa-esp-elf/esp-15.2.0_20251204/xtensa-esp-elf/bin/../xtensa-esp-elf/../picolibc/lib/gcc/xtensa-esp-elf/15.2.0 -L/home/student/.espressif/tools/xtensa-esp-elf/esp-15.2.0_20251204/xtensa-esp-elf/bin/../lib/gcc/xtensa-esp-elf/15.2.0/esp32/no-rtti -L/home/student/.espressif/tools/xtensa-esp-elf/esp-15.2.0_20251204/xtensa-esp-elf/bin/../lib/gcc/xtensa-esp-elf/15.2.0/../../../../xtensa-esp-elf/lib/esp32/no-rtti -L/home/student/.espressif/tools/xtensa-esp-elf/esp-15.2.0_20251204/xtensa-esp-elf/bin/../xtensa-esp-elf/lib/esp32/no-rtti -L/home/student/.espressif/tools/xtensa-esp-elf/esp-15.2.0_20251204/xtensa-esp-elf/bin/../lib/gcc/xtensa-esp-elf/15.2.0 -L/home/student/.espressif/tools/xtensa-esp-elf/esp-15.2.0_20251204/xtensa-esp-elf/bin/../lib/gcc -L/home/student/.espressif/tools/xtensa-esp-elf/esp-15.2.0_20251204/xtensa-esp-elf/bin/../lib/gcc/xtensa-esp-elf/15.2.0/../../../../xtensa-esp-elf/lib -L/home/student/.espressif/tools/xtensa-esp-elf/esp-15.2.0_20251204/xtensa-esp-elf/bin/../xtensa-esp-elf/lib -L/home/student/.espressif/tools/xtensa-esp-elf/esp-15.2.0_20251204/xtensa-esp-elf/bin/../xtensa-esp-elf/usr/lib @/tmp/ccPkYEMI -lgcc --start-group -lgcc -lc --end-group -lgcc]
    arg [/home/student/.espressif/tools/xtensa-esp-elf/esp-15.2.0_20251204/xtensa-esp-elf/bin/../libexec/gcc/xtensa-esp-elf/15.2.0/collect2] ==> ignore
    arg [-plugin] ==> ignore
    arg [/home/student/.espressif/tools/xtensa-esp-elf/esp-15.2.0_20251204/xtensa-esp-elf/bin/../libexec/gcc/xtensa-esp-elf/15.2.0/liblto_plugin.so] ==> ignore
    arg [-plugin-opt=/home/student/.espressif/tools/xtensa-esp-elf/esp-15.2.0_20251204/xtensa-esp-elf/bin/../libexec/gcc/xtensa-esp-elf/15.2.0/lto-wrapper] ==> ignore
    arg [-plugin-opt=-fresolution=/tmp/ccLfCm6W.res] ==> ignore
    arg [-plugin-opt=-pass-through=-lgcc] ==> ignore
    arg [-plugin-opt=-pass-through=-lgcc] ==> ignore
    arg [-plugin-opt=-pass-through=-lc] ==> ignore
    arg [-plugin-opt=-pass-through=-lgcc] ==> ignore
    arg [-L/home/student/.espressif/tools/xtensa-esp-elf/esp-15.2.0_20251204/xtensa-esp-elf/bin/../xtensa-esp-elf/../picolibc/xtensa-esp-elf/lib/esp32/no-rtti] ==> dir [/home/student/.espressif/tools/xtensa-esp-elf/esp-15.2.0_20251204/xtensa-esp-elf/bin/../xtensa-esp-elf/../picolibc/xtensa-esp-elf/lib/esp32/no-rtti]
    arg [-L/home/student/.espressif/tools/xtensa-esp-elf/esp-15.2.0_20251204/xtensa-esp-elf/bin/../xtensa-esp-elf/../picolibc/xtensa-esp-elf/lib] ==> dir [/home/student/.espressif/tools/xtensa-esp-elf/esp-15.2.0_20251204/xtensa-esp-elf/bin/../xtensa-esp-elf/../picolibc/xtensa-esp-elf/lib]
    arg [-Tpicolibc.ld] ==> ignore
    arg [--sysroot=/home/student/.espressif/tools/xtensa-esp-elf/esp-15.2.0_20251204/xtensa-esp-elf/bin/../xtensa-esp-elf] ==> ignore
    arg [--dynconfig=xtensa_esp32.so] ==> ignore
    arg [-o] ==> ignore
    arg [cmTC_202f8] ==> ignore
    arg [-L/home/student/.espressif/tools/xtensa-esp-elf/esp-15.2.0_20251204/xtensa-esp-elf/bin/../xtensa-esp-elf/../picolibc/lib/gcc/xtensa-esp-elf/15.2.0/esp32/no-rtti] ==> dir [/home/student/.espressif/tools/xtensa-esp-elf/esp-15.2.0_20251204/xtensa-esp-elf/bin/../xtensa-esp-elf/../picolibc/lib/gcc/xtensa-esp-elf/15.2.0/esp32/no-rtti]
    arg [-L/home/student/.espressif/tools/xtensa-esp-elf/esp-15.2.0_20251204/xtensa-esp-elf/bin/../xtensa-esp-elf/../picolibc/lib/gcc/xtensa-esp-elf/15.2.0] ==> dir [/home/student/.espressif/tools/xtensa-esp-elf/esp-15.2.0_20251204/xtensa-esp-elf/bin/../xtensa-esp-elf/../picolibc/lib/gcc/xtensa-esp-elf/15.2.0]
    arg [-L/home/student/.espressif/tools/xtensa-esp-elf/esp-15.2.0_20251204/xtensa-esp-elf/bin/../lib/gcc/xtensa-esp-elf/15.2.0/esp32/no-rtti] ==> dir [/home/student/.espressif/tools/xtensa-esp-elf/esp-15.2.0_20251204/xtensa-esp-elf/bin/../lib/gcc/xtensa-esp-elf/15.2.0/esp32/no-rtti]
    arg [-L/home/student/.espressif/tools/xtensa-esp-elf/esp-15.2.0_20251204/xtensa-esp-elf/bin/../lib/gcc/xtensa-esp-elf/15.2.0/../../../../xtensa-esp-elf/lib/esp32/no-rtti] ==> dir [/home/student/.espressif/tools/xtensa-esp-elf/esp-15.2.0_20251204/xtensa-esp-elf/bin/../lib/gcc/xtensa-esp-elf/15.2.0/../../../../xtensa-esp-elf/lib/esp32/no-rtti]
    arg [-L/home/student/.espressif/tools/xtensa-esp-elf/esp-15.2.0_20251204/xtensa-esp-elf/bin/../xtensa-esp-elf/lib/esp32/no-rtti] ==> dir [/home/student/.espressif/tools/xtensa-esp-elf/esp-15.2.0_20251204/xtensa-esp-elf/bin/../xtensa-esp-elf/lib/esp32/no-rtti]
    arg [-L/home/student/.espressif/tools/xtensa-esp-elf/esp-15.2.0_20251204/xtensa-esp-elf/bin/../lib/gcc/xtensa-esp-elf/15.2.0] ==> dir [/home/student/.espressif/tools/xtensa-esp-elf/esp-15.2.0_20251204/xtensa-esp-elf/bin/../lib/gcc/xtensa-esp-elf/15.2.0]
    arg [-L/home/student/.espressif/tools/xtensa-esp-elf/esp-15.2.0_20251204/xtensa-esp-elf/bin/../lib/gcc] ==> dir [/home/student/.espressif/tools/xtensa-esp-elf/esp-15.2.0_20251204/xtensa-esp-elf/bin/../lib/gcc]
    arg [-L/home/student/.espressif/tools/xtensa-esp-elf/esp-15.2.0_20251204/xtensa-esp-elf/bin/../lib/gcc/xtensa-esp-elf/15.2.0/../../../../xtensa-esp-elf/lib] ==> dir [/home/student/.espressif/tools/xtensa-esp-elf/esp-15.2.0_20251204/xtensa-esp-elf/bin/../lib/gcc/xtensa-esp-elf/15.2.0/../../../../xtensa-esp-elf/lib]
    arg [-L/home/student/.espressif/tools/xtensa-esp-elf/esp-15.2.0_20251204/xtensa-esp-elf/bin/../xtensa-esp-elf/lib] ==> dir [/home/student/.espressif/tools/xtensa-esp-elf/esp-15.2.0_20251204/xtensa-esp-elf/bin/../xtensa-esp-elf/lib]
    arg [-L/home/student/.espressif/tools/xtensa-esp-elf/esp-15.2.0_20251204/xtensa-esp-elf/bin/../xtensa-esp-elf/usr/lib] ==> dir [/home/student/.espressif/tools/xtensa-esp-elf/esp-15.2.0_20251204/xtensa-esp-elf/bin/../xtensa-esp-elf/usr/lib]
    arg [@/tmp/ccPkYEMI] ==> ignore
    arg [-lgcc] ==> lib [gcc]
    arg [--start-group] ==> ignore
    arg [-lgcc] ==> lib [gcc]
    arg [-lc] ==> lib [c]
    arg [--end-group] ==> ignore
    arg [-lgcc] ==> lib [gcc]
  collapse library dir [/home/student/.espressif/tools/xtensa-esp-elf/esp-15.2.0_20251204/xtensa-esp-elf/bin/../xtensa-esp-elf/../picolibc/xtensa-esp-elf/lib/esp32/no-rtti] ==> [/home/student/.espressif/tools/xtensa-esp-elf/esp-15.2.0_20251204/xtensa-esp-elf/picolibc/xtensa-esp-elf/lib/esp32/no-rtti]
  collapse library dir [/home/student/.espressif/tools/xtensa-esp-elf/esp-15.2.0_20251204/xtensa-esp-elf/bin/../xtensa-esp-elf/../picolibc/xtensa-esp-elf/lib] ==> [/home/student/.espressif/tools/xtensa-esp-elf/esp-15.2.0_20251204/xtensa-esp-elf/picolibc/xtensa-esp-elf/lib]
  collapse library dir [/home/student/.espressif/tools/xtensa-esp-elf/esp-15.2.0_20251204/xtensa-esp-elf/bin/../xtensa-esp-elf/../picolibc/lib/gcc/xtensa-esp-elf/15.2.0/esp32/no-rtti] ==> [/home/student/.espressif/tools/xtensa-esp-elf/esp-15.2.0_20251204/xtensa-esp-elf/picolibc/lib/gcc/xtensa-esp-elf/15.2.0/esp32/no-rtti]
  collapse library dir [/home/student/.espressif/tools/xtensa-esp-elf/esp-15.2.0_20251204/xtensa-esp-elf/bin/../xtensa-esp-elf/../picolibc/lib/gcc/xtensa-esp-elf/15.2.0] ==> [/home/student/.espressif/tools/xtensa-esp-elf/esp-15.2.0_20251204/xtensa-esp-elf/picolibc/lib/gcc/xtensa-esp-elf/15.2.0]
  collapse library dir [/home/student/.espressif/tools/xtensa-esp-elf/esp-15.2.0_20251204/xtensa-esp-elf/bin/../lib/gcc/xtensa-esp-elf/15.2.0/esp32/no-rtti] ==> [/home/student/.espressif/tools/xtensa-esp-elf/esp-15.2.0_20251204/xtensa-esp-elf/lib/gcc/xtensa-esp-elf/15.2.0/esp32/no-rtti]
  collapse library dir [/home/student/.espressif/tools/xtensa-esp-elf/esp-15.2.0_20251204/xtensa-esp-elf/bin/../lib/gcc/xtensa-esp-elf/15.2.0/../../../../xtensa-esp-elf/lib/esp32/no-rtti] ==> [/home/student/.espressif/tools/xtensa-esp-elf/esp-15.2.0_20251204/xtensa-esp-elf/xtensa-esp-elf/lib/esp32/no-rtti]
  collapse library dir [/home/student/.espressif/tools/xtensa-esp-elf/esp-15.2.0_20251204/xtensa-esp-elf/bin/../xtensa-esp-elf/lib/esp32/no-rtti] ==> [/home/student/.espressif/tools/xtensa-esp-elf/esp-15.2.0_20251204/xtensa-esp-elf/xtensa-esp-elf/lib/esp32/no-rtti]
  collapse library dir [/home/student/.espressif/tools/xtensa-esp-elf/esp-15.2.0_20251204/xtensa-esp-elf/bin/../lib/gcc/xtensa-esp-elf/15.2.0] ==> [/home/student/.espressif/tools/xtensa-esp-elf/esp-15.2.0_20251204/xtensa-esp-elf/lib/gcc/xtensa-esp-elf/15.2.0]
  collapse library dir [/home/student/.espressif/tools/xtensa-esp-elf/esp-15.2.0_20251204/xtensa-esp-elf/bin/../lib/gcc] ==> [/home/student/.espressif/tools/xtensa-esp-elf/esp-15.2.0_20251204/xtensa-esp-elf/lib/gcc]
  collapse library dir [/home/student/.espressif/tools/xtensa-esp-elf/esp-15.2.0_20251204/xtensa-esp-elf/bin/../lib/gcc/xtensa-esp-elf/15.2.0/../../../../xtensa-esp-elf/lib] ==> [/home/student/.espressif/tools/xtensa-esp-elf/esp-15.2.0_20251204/xtensa-esp-elf/xtensa-esp-elf/lib]
  collapse library dir [/home/student/.espressif/tools/xtensa-esp-elf/esp-15.2.0_20251204/xtensa-esp-elf/bin/../xtensa-esp-elf/lib] ==> [/home/student/.espressif/tools/xtensa-esp-elf/esp-15.2.0_20251204/xtensa-esp-elf/xtensa-esp-elf/lib]
  collapse library dir [/home/student/.espressif/tools/xtensa-esp-elf/esp-15.2.0_20251204/xtensa-esp-elf/bin/../xtensa-esp-elf/usr/lib] ==> [/home/student/.espressif/tools/xtensa-esp-elf/esp-15.2.0_20251204/xtensa-esp-elf/xtensa-esp-elf/usr/lib]
  implicit libs: [gcc;gcc;c;gcc]
  implicit objs: []
  implicit dirs: [/home/student/.espressif/tools/xtensa-esp-elf/esp-15.2.0_20251204/xtensa-esp-elf/picolibc/xtensa-esp-elf/lib/esp32/no-rtti;/home/student/.espressif/tools/xtensa-esp-elf/esp-15.2.0_20251204/xtensa-esp-elf/picolibc/xtensa-esp-elf/lib;/home/student/.espressif/tools/xtensa-esp-elf/esp-15.2.0_20251204/xtensa-esp-elf/picolibc/lib/gcc/xtensa-esp-elf/15.2.0/esp32/no-rtti;/home/student/.espressif/tools/xtensa-esp-elf/esp-15.2.0_20251204/xtensa-esp-elf/picolibc/lib/gcc/xtensa-esp-elf/15.2.0;/home/student/.espressif/tools/xtensa-esp-elf/esp-15.2.0_20251204/xtensa-esp-elf/lib/gcc/xtensa-esp-elf/15.2.0/esp32/no-rtti;/home/student/.espressif/tools/xtensa-esp-elf/esp-15.2.0_20251204/xtensa-esp-elf/xtensa-esp-elf/lib/esp32/no-rtti;/home/student/.espressif/tools/xtensa-esp-elf/esp-15.2.0_20251204/xtensa-esp-elf/lib/gcc/xtensa-esp-elf/15.2.0;/home/student/.espressif/tools/xtensa-esp-elf/esp-15.2.0_20251204/xtensa-esp-elf/lib/gcc;/home/student/.espressif/tools/xtensa-esp-elf/esp-15.2.0_20251204/xtensa-esp-elf/xtensa-esp-elf/lib;/home/student/.espressif/tools/xtensa-esp-elf/esp-15.2.0_20251204/xtensa-esp-elf/xtensa-esp-elf/usr/lib]
  implicit fwks: []


Detecting CXX compiler ABI info compiled with the following output:
Change Dir: /home/student/Desktop/ProjekatDisplej/DisplayAudi/build/CMakeFiles/CMakeTmp

Run Build Command(s):/usr/bin/ninja cmTC_fffd3 && [1/2] Building CXX object CMakeFiles/cmTC_fffd3.dir/CMakeCXXCompilerABI.cpp.obj
Using built-in specs.
Reading specs from /home/student/Desktop/ProjekatDisplej/DisplayAudi/build/specs/picolibc.specs
rename spec link to picolibc_link
rename spec link_libgcc to picolibc_link_libgcc
rename spec cpp to picolibc_cpp
rename spec cc1 to picolibc_cc1
rename spec cc1plus to picolibc_cc1plus
COLLECT_GCC=/home/student/.espressif/tools/xtensa-esp-elf/esp-15.2.0_20251204/xtensa-esp-elf/bin/xtensa-esp-elf-g++
Target: xtensa-esp-elf
Configured with: /builds/idf/crosstool-NG/.build/xtensa-esp-elf/src/gcc/configure --build=x86_64-build_pc-linux-gnu --host=x86_64-build_pc-linux-gnu --target=xtensa-esp-elf --prefix=/builds/idf/crosstool-NG/builds/xtensa-esp-elf --exec_prefix=/builds/idf/crosstool-NG/builds/xtensa-esp-elf --with-local-prefix=/builds/idf/crosstool-NG/builds/xtensa-esp-elf/xtensa-esp-elf --with-sysroot=/builds/idf/crosstool-NG/builds/xtensa-esp-elf/xtensa-esp-elf --with-native-system-header-dir=/include --with-headers=/builds/idf/crosstool-NG/builds/xtensa-esp-elf/xtensa-esp-elf/include --with-newlib --enable-threads=no --disable-shared --with-pkgversion='crosstool-NG esp-15.2.0_20251204' --disable-__cxa_atexit --enable-cxx-flags='-ffunction-sections -fdata-sections' --disable-libgomp --disable-libmudflap --disable-libmpx --disable-libssp --disable-libquadmath --disable-libquadmath-support --disable-libstdcxx-verbose --with-gmp=/builds/idf/crosstool-NG/.build/xtensa-esp-elf/buildtools --with-mpfr=/builds/idf/crosstool-NG/.build/xtensa-esp-elf/buildtools --with-mpc=/builds/idf/crosstool-NG/.build/xtensa-esp-elf/buildtools --with-isl=/builds/idf/crosstool-NG/.build/xtensa-esp-elf/buildtools --enable-lto --enable-target-optspace --without-long-double-128 --enable-plugin --disable-nls --enable-multiarch --enable-languages=c,c++ --disable-libstdcxx-verbose --enable-threads=posix --enable-libstdcxx-time=yes --disable-win32-utf8-manifest
Thread model: posix
Supported LTO compression algorithms: zlib zstd
gcc version 15.2.0 (crosstool-NG esp-15.2.0_20251204) 
COLLECT_GCC_OPTIONS='-mdynconfig=xtensa_esp32.so' '-fno-rtti' '-Wno-frame-address' '-mlongcalls' '-fno-builtin-memcpy' '-fno-builtin-memset' '-fno-builtin-bzero' '-specs=/home/student/Desktop/ProjekatDisplej/DisplayAudi/build/specs/picolibc.specs' '-v' '-o' 'CMakeFiles/cmTC_fffd3.dir/CMakeCXXCompilerABI.cpp.obj' '-c' '-dumpdir' 'CMakeFiles/cmTC_fffd3.dir/'
 /home/student/.espressif/tools/xtensa-esp-elf/esp-15.2.0_20251204/xtensa-esp-elf/bin/../libexec/gcc/xtensa-esp-elf/15.2.0/cc1plus -quiet -v -imultilib esp32/no-rtti -iprefix /home/student/.espressif/tools/xtensa-esp-elf/esp-15.2.0_20251204/xtensa-esp-elf/bin/../lib/gcc/xtensa-esp-elf/15.2.0/ -isysroot /home/student/.espressif/tools/xtensa-esp-elf/esp-15.2.0_20251204/xtensa-esp-elf/bin/../xtensa-esp-elf /usr/share/cmake-3.22/Modules/CMakeCXXCompilerABI.cpp -ftls-model=local-exec -quiet -dumpdir CMakeFiles/cmTC_fffd3.dir/ -dumpbase CMakeCXXCompilerABI.cpp.cpp -dumpbase-ext .cpp -mdynconfig=xtensa_esp32.so -mlongcalls -Wno-frame-address -version -fno-rtti -fno-builtin-memcpy -fno-builtin-memset -fno-builtin-bzero -isystem /home/student/.espressif/tools/xtensa-esp-elf/esp-15.2.0_20251204/xtensa-esp-elf/bin/../xtensa-esp-elf/../picolibc/include -isystem /home/student/.espressif/tools/xtensa-esp-elf/esp-15.2.0_20251204/xtensa-esp-elf/bin/../xtensa-esp-elf/../picolibc/include/../xtensa-esp-elf/include/c++/15.2.0/xtensa-esp-elf/esp32/no-rtti -ftls-model=local-exec -o /tmp/ccAiE61w.s
GNU C++17 (crosstool-NG esp-15.2.0_20251204) version 15.2.0 (xtensa-esp-elf)
	compiled by GNU C version 6.3.0, GMP version 6.3.0, MPFR version 4.2.1, MPC version 1.3.1, isl version isl-0.26-GMP

GGC heuristics: --param ggc-min-expand=100 --param ggc-min-heapsize=131072
ignoring duplicate directory "/home/student/.espressif/tools/xtensa-esp-elf/esp-15.2.0_20251204/xtensa-esp-elf/bin/../lib/gcc/../../lib/gcc/xtensa-esp-elf/15.2.0/../../../../xtensa-esp-elf/include/c++/15.2.0"
ignoring duplicate directory "/home/student/.espressif/tools/xtensa-esp-elf/esp-15.2.0_20251204/xtensa-esp-elf/bin/../lib/gcc/../../lib/gcc/xtensa-esp-elf/15.2.0/../../../../xtensa-esp-elf/include/c++/15.2.0/xtensa-esp-elf/esp32/no-rtti"
ignoring duplicate directory "/home/student/.espressif/tools/xtensa-esp-elf/esp-15.2.0_20251204/xtensa-esp-elf/bin/../lib/gcc/../../lib/gcc/xtensa-esp-elf/15.2.0/../../../../xtensa-esp-elf/include/c++/15.2.0/backward"
ignoring duplicate directory "/home/student/.espressif/tools/xtensa-esp-elf/esp-15.2.0_20251204/xtensa-esp-elf/bin/../lib/gcc/../../lib/gcc/xtensa-esp-elf/15.2.0/include"
ignoring nonexistent directory "/home/student/.espressif/tools/xtensa-esp-elf/esp-15.2.0_20251204/xtensa-esp-elf/bin/../xtensa-esp-elf/builds/idf/crosstool-NG/builds/xtensa-esp-elf/xtensa-esp-elf/include"
ignoring duplicate directory "/home/student/.espressif/tools/xtensa-esp-elf/esp-15.2.0_20251204/xtensa-esp-elf/bin/../lib/gcc/../../lib/gcc/xtensa-esp-elf/15.2.0/include-fixed"
ignoring duplicate directory "/home/student/.espressif/tools/xtensa-esp-elf/esp-15.2.0_20251204/xtensa-esp-elf/bin/../lib/gcc/../../lib/gcc/xtensa-esp-elf/15.2.0/../../../../xtensa-esp-elf/include"
ignoring duplicate directory "/home/student/.espressif/tools/xtensa-esp-elf/esp-15.2.0_20251204/xtensa-esp-elf/bin/../xtensa-esp-elf/include"
#include "..." search starts here:
#include <...> search starts here:
 /home/student/.espressif/tools/xtensa-esp-elf/esp-15.2.0_20251204/xtensa-esp-elf/bin/../xtensa-esp-elf/../picolibc/include
 /home/student/.espressif/tools/xtensa-esp-elf/esp-15.2.0_20251204/xtensa-esp-elf/bin/../xtensa-esp-elf/../picolibc/include/../xtensa-esp-elf/include/c++/15.2.0/xtensa-esp-elf/esp32/no-rtti
 /home/student/.espressif/tools/xtensa-esp-elf/esp-15.2.0_20251204/xtensa-esp-elf/bin/../lib/gcc/xtensa-esp-elf/15.2.0/../../../../xtensa-esp-elf/include/c++/15.2.0
 /home/student/.espressif/tools/xtensa-esp-elf/esp-15.2.0_20251204/xtensa-esp-elf/bin/../lib/gcc/xtensa-esp-elf/15.2.0/../../../../xtensa-esp-elf/include/c++/15.2.0/xtensa-esp-elf/esp32/no-rtti
 /home/student/.espressif/tools/xtensa-esp-elf/esp-15.2.0_20251204/xtensa-esp-elf/bin/../lib/gcc/xtensa-esp-elf/15.2.0/../../../../xtensa-esp-elf/include/c++/15.2.0/backward
 /home/student/.espressif/tools/xtensa-esp-elf/esp-15.2.0_20251204/xtensa-esp-elf/bin/../lib/gcc/xtensa-esp-elf/15.2.0/include
 /home/student/.espressif/tools/xtensa-esp-elf/esp-15.2.0_20251204/xtensa-esp-elf/bin/../lib/gcc/xtensa-esp-elf/15.2.0/include-fixed
 /home/student/.espressif/tools/xtensa-esp-elf/esp-15.2.0_20251204/xtensa-esp-elf/bin/../lib/gcc/xtensa-esp-elf/15.2.0/../../../../xtensa-esp-elf/include
End of search list.
Compiler executable checksum: ddaf5163ec1d262ade9e7a5c85eeee1b
COLLECT_GCC_OPTIONS='-mdynconfig=xtensa_esp32.so' '-fno-rtti' '-Wno-frame-address' '-mlongcalls' '-fno-builtin-memcpy' '-fno-builtin-memset' '-fno-builtin-bzero' '-specs=/home/student/Desktop/ProjekatDisplej/DisplayAudi/build/specs/picolibc.specs' '-v' '-o' 'CMakeFiles/cmTC_fffd3.dir/CMakeCXXCompilerABI.cpp.obj' '-c' '-dumpdir' 'CMakeFiles/cmTC_fffd3.dir/'
 /home/student/.espressif/tools/xtensa-esp-elf/esp-15.2.0_20251204/xtensa-esp-elf/bin/../lib/gcc/xtensa-esp-elf/15.2.0/../../../../xtensa-esp-elf/bin/as --traditional-format --longcalls --dynconfig=xtensa_esp32.so -o CMakeFiles/cmTC_fffd3.dir/CMakeCXXCompilerABI.cpp.obj /tmp/ccAiE61w.s
COMPILER_PATH=/home/student/.espressif/tools/xtensa-esp-elf/esp-15.2.0_20251204/xtensa-esp-elf/bin/../libexec/gcc/xtensa-esp-elf/15.2.0/:/home/student/.espressif/tools/xtensa-esp-elf/esp-15.2.0_20251204/xtensa-esp-elf/bin/../libexec/gcc/:/home/student/.espressif/tools/xtensa-esp-elf/esp-15.2.0_20251204/xtensa-esp-elf/bin/../lib/gcc/xtensa-esp-elf/15.2.0/../../../../xtensa-esp-elf/bin/
LIBRARY_PATH=/home/student/.espressif/tools/xtensa-esp-elf/esp-15.2.0_20251204/xtensa-esp-elf/bin/../lib/gcc/xtensa-esp-elf/15.2.0/esp32/no-rtti/:/home/student/.espressif/tools/xtensa-esp-elf/esp-15.2.0_20251204/xtensa-esp-elf/bin/../lib/gcc/xtensa-esp-elf/15.2.0/../../../../xtensa-esp-elf/lib/esp32/no-rtti/:/home/student/.espressif/tools/xtensa-esp-elf/esp-15.2.0_20251204/xtensa-esp-elf/bin/../xtensa-esp-elf/lib/esp32/no-rtti/:/home/student/.espressif/tools/xtensa-esp-elf/esp-15.2.0_20251204/xtensa-esp-elf/bin/../lib/gcc/xtensa-esp-elf/15.2.0/:/home/student/.espressif/tools/xtensa-esp-elf/esp-15.2.0_20251204/xtensa-esp-elf/bin/../lib/gcc/:/home/student/.espressif/tools/xtensa-esp-elf/esp-15.2.0_20251204/xtensa-esp-elf/bin/../lib/gcc/xtensa-esp-elf/15.2.0/../../../../xtensa-esp-elf/lib/:/home/student/.espressif/tools/xtensa-esp-elf/esp-15.2.0_20251204/xtensa-esp-elf/bin/../xtensa-esp-elf/lib/:/home/student/.espressif/tools/xtensa-esp-elf/esp-15.2.0_20251204/xtensa-esp-elf/bin/../xtensa-esp-elf/usr/lib/
COLLECT_GCC_OPTIONS='-mdynconfig=xtensa_esp32.so' '-fno-rtti' '-Wno-frame-address' '-mlongcalls' '-fno-builtin-memcpy' '-fno-builtin-memset' '-fno-builtin-bzero' '-specs=/home/student/Desktop/ProjekatDisplej/DisplayAudi/build/specs/picolibc.specs' '-v' '-o' 'CMakeFiles/cmTC_fffd3.dir/CMakeCXXCompilerABI.cpp.obj' '-c' '-dumpdir' 'CMakeFiles/cmTC_fffd3.dir/CMakeCXXCompilerABI.cpp.'
[2/2] Linking CXX executable cmTC_fffd3
Using built-in specs.
Reading specs from /home/student/Desktop/ProjekatDisplej/DisplayAudi/build/specs/picolibc.specs
rename spec link to picolibc_link
rename spec link_libgcc to picolibc_link_libgcc
rename spec cpp to picolibc_cpp
rename spec cc1 to picolibc_cc1
rename spec cc1plus to picolibc_cc1plus
COLLECT_GCC=/home/student/.espressif/tools/xtensa-esp-elf/esp-15.2.0_20251204/xtensa-esp-elf/bin/xtensa-esp-elf-g++
COLLECT_LTO_WRAPPER=/home/student/.espressif/tools/xtensa-esp-elf/esp-15.2.0_20251204/xtensa-esp-elf/bin/../libexec/gcc/xtensa-esp-elf/15.2.0/lto-wrapper
Target: xtensa-esp-elf
Configured with: /builds/idf/crosstool-NG/.build/xtensa-esp-elf/src/gcc/configure --build=x86_64-build_pc-linux-gnu --host=x86_64-build_pc-linux-gnu --target=xtensa-esp-elf --prefix=/builds/idf/crosstool-NG/builds/xtensa-esp-elf --exec_prefix=/builds/idf/crosstool-NG/builds/xtensa-esp-elf --with-local-prefix=/builds/idf/crosstool-NG/builds/xtensa-esp-elf/xtensa-esp-elf --with-sysroot=/builds/idf/crosstool-NG/builds/xtensa-esp-elf/xtensa-esp-elf --with-native-system-header-dir=/include --with-headers=/builds/idf/crosstool-NG/builds/xtensa-esp-elf/xtensa-esp-elf/include --with-newlib --enable-threads=no --disable-shared --with-pkgversion='crosstool-NG esp-15.2.0_20251204' --disable-__cxa_atexit --enable-cxx-flags='-ffunction-sections -fdata-sections' --disable-libgomp --disable-libmudflap --disable-libmpx --disable-libssp --disable-libquadmath --disable-libquadmath-support --disable-libstdcxx-verbose --with-gmp=/builds/idf/crosstool-NG/.build/xtensa-esp-elf/buildtools --with-mpfr=/builds/idf/crosstool-NG/.build/xtensa-esp-elf/buildtools --with-mpc=/builds/idf/crosstool-NG/.build/xtensa-esp-elf/buildtools --with-isl=/builds/idf/crosstool-NG/.build/xtensa-esp-elf/buildtools --enable-lto --enable-target-optspace --without-long-double-128 --enable-plugin --disable-nls --enable-multiarch --enable-languages=c,c++ --disable-libstdcxx-verbose --enable-threads=posix --enable-libstdcxx-time=yes --disable-win32-utf8-manifest
Thread model: posix
Supported LTO compression algorithms: zlib zstd
gcc version 15.2.0 (crosstool-NG esp-15.2.0_20251204) 
COMPILER_PATH=/home/student/.espressif/tools/xtensa-esp-elf/esp-15.2.0_20251204/xtensa-esp-elf/bin/../libexec/gcc/xtensa-esp-elf/15.2.0/:/home/student/.espressif/tools/xtensa-esp-elf/esp-15.2.0_20251204/xtensa-esp-elf/bin/../libexec/gcc/:/home/student/.espressif/tools/xtensa-esp-elf/esp-15.2.0_20251204/xtensa-esp-elf/bin/../lib/gcc/xtensa-esp-elf/15.2.0/../../../../xtensa-esp-elf/bin/
LIBRARY_PATH=/home/student/.espressif/tools/xtensa-esp-elf/esp-15.2.0_20251204/xtensa-esp-elf/bin/../lib/gcc/xtensa-esp-elf/15.2.0/esp32/no-rtti/:/home/student/.espressif/tools/xtensa-esp-elf/esp-15.2.0_20251204/xtensa-esp-elf/bin/../lib/gcc/xtensa-esp-elf/15.2.0/../../../../xtensa-esp-elf/lib/esp32/no-rtti/:/home/student/.espressif/tools/xtensa-esp-elf/esp-15.2.0_20251204/xtensa-esp-elf/bin/../xtensa-esp-elf/lib/esp32/no-rtti/:/home/student/.espressif/tools/xtensa-esp-elf/esp-15.2.0_20251204/xtensa-esp-elf/bin/../lib/gcc/xtensa-esp-elf/15.2.0/:/home/student/.espressif/tools/xtensa-esp-elf/esp-15.2.0_20251204/xtensa-esp-elf/bin/../lib/gcc/:/home/student/.espressif/tools/xtensa-esp-elf/esp-15.2.0_20251204/xtensa-esp-elf/bin/../lib/gcc/xtensa-esp-elf/15.2.0/../../../../xtensa-esp-elf/lib/:/home/student/.espressif/tools/xtensa-esp-elf/esp-15.2.0_20251204/xtensa-esp-elf/bin/../xtensa-esp-elf/lib/:/home/student/.espressif/tools/xtensa-esp-elf/esp-15.2.0_20251204/xtensa-esp-elf/bin/../xtensa-esp-elf/usr/lib/
COLLECT_GCC_OPTIONS='-mdynconfig=xtensa_esp32.so' '-Wno-frame-address' '-mlongcalls' '-fno-builtin-memcpy' '-fno-builtin-memset' '-fno-builtin-bzero' '-specs=/home/student/Desktop/ProjekatDisplej/DisplayAudi/build/specs/picolibc.specs' '-fno-rtti' '-nostartfiles' '-v' '-o' 'cmTC_fffd3' '-dumpdir' 'cmTC_fffd3.'
 /home/student/.espressif/tools/xtensa-esp-elf/esp-15.2.0_20251204/xtensa-esp-elf/bin/../libexec/gcc/xtensa-esp-elf/15.2.0/collect2 -plugin /home/student/.espressif/tools/xtensa-esp-elf/esp-15.2.0_20251204/xtensa-esp-elf/bin/../libexec/gcc/xtensa-esp-elf/15.2.0/liblto_plugin.so -plugin-opt=/home/student/.espressif/tools/xtensa-esp-elf/esp-15.2.0_20251204/xtensa-esp-elf/bin/../libexec/gcc/xtensa-esp-elf/15.2.0/lto-wrapper -plugin-opt=-fresolution=/tmp/cczxzeuz.res -plugin-opt=-pass-through=-lgcc -plugin-opt=-pass-through=-lgcc -plugin-opt=-pass-through=-lc -plugin-opt=-pass-through=-lgcc -L/home/student/.espressif/tools/xtensa-esp-elf/esp-15.2.0_20251204/xtensa-esp-elf/bin/../xtensa-esp-elf/../picolibc/xtensa-esp-elf/lib/esp32/no-rtti -L/home/student/.espressif/tools/xtensa-esp-elf/esp-15.2.0_20251204/xtensa-esp-elf/bin/../xtensa-esp-elf/../picolibc/xtensa-esp-elf/lib -Tpicolibc.ld --sysroot=/home/student/.espressif/tools/xtensa-esp-elf/esp-15.2.0_20251204/xtensa-esp-elf/bin/../xtensa-esp-elf --dynconfig=xtensa_esp32.so -o cmTC_fffd3 -L/home/student/.espressif/tools/xtensa-esp-elf/esp-15.2.0_20251204/xtensa-esp-elf/bin/../xtensa-esp-elf/../picolibc/lib/gcc/xtensa-esp-elf/15.2.0/esp32/no-rtti -L/home/student/.espressif/tools/xtensa-esp-elf/esp-15.2.0_20251204/xtensa-esp-elf/bin/../xtensa-esp-elf/../picolibc/lib/gcc/xtensa-esp-elf/15.2.0 -L/home/student/.espressif/tools/xtensa-esp-elf/esp-15.2.0_20251204/xtensa-esp-elf/bin/../lib/gcc/xtensa-esp-elf/15.2.0/esp32/no-rtti -L/home/student/.espressif/tools/xtensa-esp-elf/esp-15.2.0_20251204/xtensa-esp-elf/bin/../lib/gcc/xtensa-esp-elf/15.2.0/../../../../xtensa-esp-elf/lib/esp32/no-rtti -L/home/student/.espressif/tools/xtensa-esp-elf/esp-15.2.0_20251204/xtensa-esp-elf/bin/../xtensa-esp-elf/lib/esp32/no-rtti -L/home/student/.espressif/tools/xtensa-esp-elf/esp-15.2.0_20251204/xtensa-esp-elf/bin/../lib/gcc/xtensa-esp-elf/15.2.0 -L/home/student/.espressif/tools/xtensa-esp-elf/esp-15.2.0_20251204/xtensa-esp-elf/bin/../lib/gcc -L/home/student/.espressif/tools/xtensa-esp-elf/esp-15.2.0_20251204/xtensa-esp-elf/bin/../lib/gcc/xtensa-esp-elf/15.2.0/../../../../xtensa-esp-elf/lib -L/home/student/.espressif/tools/xtensa-esp-elf/esp-15.2.0_20251204/xtensa-esp-elf/bin/../xtensa-esp-elf/lib -L/home/student/.espressif/tools/xtensa-esp-elf/esp-15.2.0_20251204/xtensa-esp-elf/bin/../xtensa-esp-elf/usr/lib @/tmp/ccSI7SMj -lgcc --start-group -lgcc -lc --end-group -lgcc
/home/student/.espressif/tools/xtensa-esp-elf/esp-15.2.0_20251204/xtensa-esp-elf/bin/../lib/gcc/xtensa-esp-elf/15.2.0/../../../../xtensa-esp-elf/bin/ld: warning: cannot find entry symbol _start; defaulting to 10000000
COLLECT_GCC_OPTIONS='-mdynconfig=xtensa_esp32.so' '-Wno-frame-address' '-mlongcalls' '-fno-builtin-memcpy' '-fno-builtin-memset' '-fno-builtin-bzero' '-specs=/home/student/Desktop/ProjekatDisplej/DisplayAudi/build/specs/picolibc.specs' '-fno-rtti' '-nostartfiles' '-v' '-o' 'cmTC_fffd3' '-dumpdir' 'cmTC_fffd3.'



Parsed CXX implicit include dir info from above output: rv=done
  found start of include info
  found start of implicit include info
    add: [/home/student/.espressif/tools/xtensa-esp-elf/esp-15.2.0_20251204/xtensa-esp-elf/bin/../xtensa-esp-elf/../picolibc/include]
    add: [/home/student/.espressif/tools/xtensa-esp-elf/esp-15.2.0_20251204/xtensa-esp-elf/bin/../xtensa-esp-elf/../picolibc/include/../xtensa-esp-elf/include/c++/15.2.0/xtensa-esp-elf/esp32/no-rtti]
    add: [/home/student/.espressif/tools/xtensa-esp-elf/esp-15.2.0_20251204/xtensa-esp-elf/bin/../lib/gcc/xtensa-esp-elf/15.2.0/../../../../xtensa-esp-elf/include/c++/15.2.0]
    add: [/home/student/.espressif/tools/xtensa-esp-elf/esp-15.2.0_20251204/xtensa-esp-elf/bin/../lib/gcc/xtensa-esp-elf/15.2.0/../../../../xtensa-esp-elf/include/c++/15.2.0/xtensa-esp-elf/esp32/no-rtti]
    add: [/home/student/.espressif/tools/xtensa-esp-elf/esp-15.2.0_20251204/xtensa-esp-elf/bin/../lib/gcc/xtensa-esp-elf/15.2.0/../../../../xtensa-esp-elf/include/c++/15.2.0/backward]
    add: [/home/student/.espressif/tools/xtensa-esp-elf/esp-15.2.0_20251204/xtensa-esp-elf/bin/../lib/gcc/xtensa-esp-elf/15.2.0/include]
    add: [/home/student/.espressif/tools/xtensa-esp-elf/esp-15.2.0_20251204/xtensa-esp-elf/bin/../lib/gcc/xtensa-esp-elf/15.2.0/include-fixed]
    add: [/home/student/.espressif/tools/xtensa-esp-elf/esp-15.2.0_20251204/xtensa-esp-elf/bin/../lib/gcc/xtensa-esp-elf/15.2.0/../../../../xtensa-esp-elf/include]
  end of search list found
  collapse include dir [/home/student/.espressif/tools/xtensa-esp-elf/esp-15.2.0_20251204/xtensa-esp-elf/bin/../xtensa-esp-elf/../picolibc/include] ==> [/home/student/.espressif/tools/xtensa-esp-elf/esp-15.2.0_20251204/xtensa-esp-elf/picolibc/include]
  collapse include dir [/home/student/.espressif/tools/xtensa-esp-elf/esp-15.2.0_20251204/xtensa-esp-elf/bin/../xtensa-esp-elf/../picolibc/include/../xtensa-esp-elf/include/c++/15.2.0/xtensa-esp-elf/esp32/no-rtti] ==> [/home/student/.espressif/tools/xtensa-esp-elf/esp-15.2.0_20251204/xtensa-esp-elf/picolibc/xtensa-esp-elf/include/c++/15.2.0/xtensa-esp-elf/esp32/no-rtti]
  collapse include dir [/home/student/.espressif/tools/xtensa-esp-elf/esp-15.2.0_20251204/xtensa-esp-elf/bin/../lib/gcc/xtensa-esp-elf/15.2.0/../../../../xtensa-esp-elf/include/c++/15.2.0] ==> [/home/student/.espressif/tools/xtensa-esp-elf/esp-15.2.0_20251204/xtensa-esp-elf/xtensa-esp-elf/include/c++/15.2.0]
  collapse include dir [/home/student/.espressif/tools/xtensa-esp-elf/esp-15.2.0_20251204/xtensa-esp-elf/bin/../lib/gcc/xtensa-esp-elf/15.2.0/../../../../xtensa-esp-elf/include/c++/15.2.0/xtensa-esp-elf/esp32/no-rtti] ==> [/home/student/.espressif/tools/xtensa-esp-elf/esp-15.2.0_20251204/xtensa-esp-elf/xtensa-esp-elf/include/c++/15.2.0/xtensa-esp-elf/esp32/no-rtti]
  collapse include dir [/home/student/.espressif/tools/xtensa-esp-elf/esp-15.2.0_20251204/xtensa-esp-elf/bin/../lib/gcc/xtensa-esp-elf/15.2.0/../../../../xtensa-esp-elf/include/c++/15.2.0/backward] ==> [/home/student/.espressif/tools/xtensa-esp-elf/esp-15.2.0_20251204/xtensa-esp-elf/xtensa-esp-elf/include/c++/15.2.0/backward]
  collapse include dir [/home/student/.espressif/tools/xtensa-esp-elf/esp-15.2.0_20251204/xtensa-esp-elf/bin/../lib/gcc/xtensa-esp-elf/15.2.0/include] ==> [/home/student/.espressif/tools/xtensa-esp-elf/esp-15.2.0_20251204/xtensa-esp-elf/lib/gcc/xtensa-esp-elf/15.2.0/include]
  collapse include dir [/home/student/.espressif/tools/xtensa-esp-elf/esp-15.2.0_20251204/xtensa-esp-elf/bin/../lib/gcc/xtensa-esp-elf/15.2.0/include-fixed] ==> [/home/student/.espressif/tools/xtensa-esp-elf/esp-15.2.0_20251204/xtensa-esp-elf/lib/gcc/xtensa-esp-elf/15.2.0/include-fixed]
  collapse include dir [/home/student/.espressif/tools/xtensa-esp-elf/esp-15.2.0_20251204/xtensa-esp-elf/bin/../lib/gcc/xtensa-esp-elf/15.2.0/../../../../xtensa-esp-elf/include] ==> [/home/student/.espressif/tools/xtensa-esp-elf/esp-15.2.0_20251204/xtensa-esp-elf/xtensa-esp-elf/include]
  implicit include dirs: [/home/student/.espressif/tools/xtensa-esp-elf/esp-15.2.0_20251204/xtensa-esp-elf/picolibc/include;/home/student/.espressif/tools/xtensa-esp-elf/esp-15.2.0_20251204/xtensa-esp-elf/picolibc/xtensa-esp-elf/include/c++/15.2.0/xtensa-esp-elf/esp32/no-rtti;/home/student/.espressif/tools/xtensa-esp-elf/esp-15.2.0_20251204/xtensa-esp-elf/xtensa-esp-elf/include/c++/15.2.0;/home/student/.espressif/tools/xtensa-esp-elf/esp-15.2.0_20251204/xtensa-esp-elf/xtensa-esp-elf/include/c++/15.2.0/xtensa-esp-elf/esp32/no-rtti;/home/student/.espressif/tools/xtensa-esp-elf/esp-15.2.0_20251204/xtensa-esp-elf/xtensa-esp-elf/include/c++/15.2.0/backward;/home/student/.espressif/tools/xtensa-esp-elf/esp-15.2.0_20251204/xtensa-esp-elf/lib/gcc/xtensa-esp-elf/15.2.0/include;/home/student/.espressif/tools/xtensa-esp-elf/esp-15.2.0_20251204/xtensa-esp-elf/lib/gcc/xtensa-esp-elf/15.2.0/include-fixed;/home/student/.espressif/tools/xtensa-esp-elf/esp-15.2.0_20251204/xtensa-esp-elf/xtensa-esp-elf/include]


Parsed CXX implicit link information from above output:
  link line regex: [^( *|.*[/\])(xtensa-esp32-elf-ld|CMAKE_LINK_STARTFILE-NOTFOUND|([^/\]+-)?ld|collect2)[^/\]*( |$)]
  ignore line: [Change Dir: /home/student/Desktop/ProjekatDisplej/DisplayAudi/build/CMakeFiles/CMakeTmp]
  ignore line: []
  ignore line: [Run Build Command(s):/usr/bin/ninja cmTC_fffd3 && [1/2] Building CXX object CMakeFiles/cmTC_fffd3.dir/CMakeCXXCompilerABI.cpp.obj]
  ignore line: [Using built-in specs.]
  ignore line: [Reading specs from /home/student/Desktop/ProjekatDisplej/DisplayAudi/build/specs/picolibc.specs]
  ignore line: [rename spec link to picolibc_link]
  ignore line: [rename spec link_libgcc to picolibc_link_libgcc]
  ignore line: [rename spec cpp to picolibc_cpp]
  ignore line: [rename spec cc1 to picolibc_cc1]
  ignore line: [rename spec cc1plus to picolibc_cc1plus]
  ignore line: [COLLECT_GCC=/home/student/.espressif/tools/xtensa-esp-elf/esp-15.2.0_20251204/xtensa-esp-elf/bin/xtensa-esp-elf-g++]
  ignore line: [Target: xtensa-esp-elf]
  ignore line: [Configured with: /builds/idf/crosstool-NG/.build/xtensa-esp-elf/src/gcc/configure --build=x86_64-build_pc-linux-gnu --host=x86_64-build_pc-linux-gnu --target=xtensa-esp-elf --prefix=/builds/idf/crosstool-NG/builds/xtensa-esp-elf --exec_prefix=/builds/idf/crosstool-NG/builds/xtensa-esp-elf --with-local-prefix=/builds/idf/crosstool-NG/builds/xtensa-esp-elf/xtensa-esp-elf --with-sysroot=/builds/idf/crosstool-NG/builds/xtensa-esp-elf/xtensa-esp-elf --with-native-system-header-dir=/include --with-headers=/builds/idf/crosstool-NG/builds/xtensa-esp-elf/xtensa-esp-elf/include --with-newlib --enable-threads=no --disable-shared --with-pkgversion='crosstool-NG esp-15.2.0_20251204' --disable-__cxa_atexit --enable-cxx-flags='-ffunction-sections -fdata-sections' --disable-libgomp --disable-libmudflap --disable-libmpx --disable-libssp --disable-libquadmath --disable-libquadmath-support --disable-libstdcxx-verbose --with-gmp=/builds/idf/crosstool-NG/.build/xtensa-esp-elf/buildtools --with-mpfr=/builds/idf/crosstool-NG/.build/xtensa-esp-elf/buildtools --with-mpc=/builds/idf/crosstool-NG/.build/xtensa-esp-elf/buildtools --with-isl=/builds/idf/crosstool-NG/.build/xtensa-esp-elf/buildtools --enable-lto --enable-target-optspace --without-long-double-128 --enable-plugin --disable-nls --enable-multiarch --enable-languages=c c++ --disable-libstdcxx-verbose --enable-threads=posix --enable-libstdcxx-time=yes --disable-win32-utf8-manifest]
  ignore line: [Thread model: posix]
  ignore line: [Supported LTO compression algorithms: zlib zstd]
  ignore line: [gcc version 15.2.0 (crosstool-NG esp-15.2.0_20251204) ]
  ignore line: [COLLECT_GCC_OPTIONS='-mdynconfig=xtensa_esp32.so' '-fno-rtti' '-Wno-frame-address' '-mlongcalls' '-fno-builtin-memcpy' '-fno-builtin-memset' '-fno-builtin-bzero' '-specs=/home/student/Desktop/ProjekatDisplej/DisplayAudi/build/specs/picolibc.specs' '-v' '-o' 'CMakeFiles/cmTC_fffd3.dir/CMakeCXXCompilerABI.cpp.obj' '-c' '-dumpdir' 'CMakeFiles/cmTC_fffd3.dir/']
  ignore line: [ /home/student/.espressif/tools/xtensa-esp-elf/esp-15.2.0_20251204/xtensa-esp-elf/bin/../libexec/gcc/xtensa-esp-elf/15.2.0/cc1plus -quiet -v -imultilib esp32/no-rtti -iprefix /home/student/.espressif/tools/xtensa-esp-elf/esp-15.2.0_20251204/xtensa-esp-elf/bin/../lib/gcc/xtensa-esp-elf/15.2.0/ -isysroot /home/student/.espressif/tools/xtensa-esp-elf/esp-15.2.0_20251204/xtensa-esp-elf/bin/../xtensa-esp-elf /usr/share/cmake-3.22/Modules/CMakeCXXCompilerABI.cpp -ftls-model=local-exec -quiet -dumpdir CMakeFiles/cmTC_fffd3.dir/ -dumpbase CMakeCXXCompilerABI.cpp.cpp -dumpbase-ext .cpp -mdynconfig=xtensa_esp32.so -mlongcalls -Wno-frame-address -version -fno-rtti -fno-builtin-memcpy -fno-builtin-memset -fno-builtin-bzero -isystem /home/student/.espressif/tools/xtensa-esp-elf/esp-15.2.0_20251204/xtensa-esp-elf/bin/../xtensa-esp-elf/../picolibc/include -isystem /home/student/.espressif/tools/xtensa-esp-elf/esp-15.2.0_20251204/xtensa-esp-elf/bin/../xtensa-esp-elf/../picolibc/include/../xtensa-esp-elf/include/c++/15.2.0/xtensa-esp-elf/esp32/no-rtti -ftls-model=local-exec -o /tmp/ccAiE61w.s]
  ignore line: [GNU C++17 (crosstool-NG esp-15.2.0_20251204) version 15.2.0 (xtensa-esp-elf)]
  ignore line: [	compiled by GNU C version 6.3.0  GMP version 6.3.0  MPFR version 4.2.1  MPC version 1.3.1  isl version isl-0.26-GMP]
  ignore line: []
  ignore line: [GGC heuristics: --param ggc-min-expand=100 --param ggc-min-heapsize=131072]
  ignore line: [ignoring duplicate directory "/home/student/.espressif/tools/xtensa-esp-elf/esp-15.2.0_20251204/xtensa-esp-elf/bin/../lib/gcc/../../lib/gcc/xtensa-esp-elf/15.2.0/../../../../xtensa-esp-elf/include/c++/15.2.0"]
  ignore line: [ignoring duplicate directory "/home/student/.espressif/tools/xtensa-esp-elf/esp-15.2.0_20251204/xtensa-esp-elf/bin/../lib/gcc/../../lib/gcc/xtensa-esp-elf/15.2.0/../../../../xtensa-esp-elf/include/c++/15.2.0/xtensa-esp-elf/esp32/no-rtti"]
  ignore line: [ignoring duplicate directory "/home/student/.espressif/tools/xtensa-esp-elf/esp-15.2.0_20251204/xtensa-esp-elf/bin/../lib/gcc/../../lib/gcc/xtensa-esp-elf/15.2.0/../../../../xtensa-esp-elf/include/c++/15.2.0/backward"]
  ignore line: [ignoring duplicate directory "/home/student/.espressif/tools/xtensa-esp-elf/esp-15.2.0_20251204/xtensa-esp-elf/bin/../lib/gcc/../../lib/gcc/xtensa-esp-elf/15.2.0/include"]
  ignore line: [ignoring nonexistent directory "/home/student/.espressif/tools/xtensa-esp-elf/esp-15.2.0_20251204/xtensa-esp-elf/bin/../xtensa-esp-elf/builds/idf/crosstool-NG/builds/xtensa-esp-elf/xtensa-esp-elf/include"]
  ignore line: [ignoring duplicate directory "/home/student/.espressif/tools/xtensa-esp-elf/esp-15.2.0_20251204/xtensa-esp-elf/bin/../lib/gcc/../../lib/gcc/xtensa-esp-elf/15.2.0/include-fixed"]
  ignore line: [ignoring duplicate directory "/home/student/.espressif/tools/xtensa-esp-elf/esp-15.2.0_20251204/xtensa-esp-elf/bin/../lib/gcc/../../lib/gcc/xtensa-esp-elf/15.2.0/../../../../xtensa-esp-elf/include"]
  ignore line: [ignoring duplicate directory "/home/student/.espressif/tools/xtensa-esp-elf/esp-15.2.0_20251204/xtensa-esp-elf/bin/../xtensa-esp-elf/include"]
  ignore line: [#include "..." search starts here:]
  ignore line: [#include <...> search starts here:]
  ignore line: [ /home/student/.espressif/tools/xtensa-esp-elf/esp-15.2.0_20251204/xtensa-esp-elf/bin/../xtensa-esp-elf/../picolibc/include]
  ignore line: [ /home/student/.espressif/tools/xtensa-esp-elf/esp-15.2.0_20251204/xtensa-esp-elf/bin/../xtensa-esp-elf/../picolibc/include/../xtensa-esp-elf/include/c++/15.2.0/xtensa-esp-elf/esp32/no-rtti]
  ignore line: [ /home/student/.espressif/tools/xtensa-esp-elf/esp-15.2.0_20251204/xtensa-esp-elf/bin/../lib/gcc/xtensa-esp-elf/15.2.0/../../../../xtensa-esp-elf/include/c++/15.2.0]
  ignore line: [ /home/student/.espressif/tools/xtensa-esp-elf/esp-15.2.0_20251204/xtensa-esp-elf/bin/../lib/gcc/xtensa-esp-elf/15.2.0/../../../../xtensa-esp-elf/include/c++/15.2.0/xtensa-esp-elf/esp32/no-rtti]
  ignore line: [ /home/student/.espressif/tools/xtensa-esp-elf/esp-15.2.0_20251204/xtensa-esp-elf/bin/../lib/gcc/xtensa-esp-elf/15.2.0/../../../../xtensa-esp-elf/include/c++/15.2.0/backward]
  ignore line: [ /home/student/.espressif/tools/xtensa-esp-elf/esp-15.2.0_20251204/xtensa-esp-elf/bin/../lib/gcc/xtensa-esp-elf/15.2.0/include]
  ignore line: [ /home/student/.espressif/tools/xtensa-esp-elf/esp-15.2.0_20251204/xtensa-esp-elf/bin/../lib/gcc/xtensa-esp-elf/15.2.0/include-fixed]
  ignore line: [ /home/student/.espressif/tools/xtensa-esp-elf/esp-15.2.0_20251204/xtensa-esp-elf/bin/../lib/gcc/xtensa-esp-elf/15.2.0/../../../../xtensa-esp-elf/include]
  ignore line: [End of search list.]
  ignore line: [Compiler executable checksum: ddaf5163ec1d262ade9e7a5c85eeee1b]
  ignore line: [COLLECT_GCC_OPTIONS='-mdynconfig=xtensa_esp32.so' '-fno-rtti' '-Wno-frame-address' '-mlongcalls' '-fno-builtin-memcpy' '-fno-builtin-memset' '-fno-builtin-bzero' '-specs=/home/student/Desktop/ProjekatDisplej/DisplayAudi/build/specs/picolibc.specs' '-v' '-o' 'CMakeFiles/cmTC_fffd3.dir/CMakeCXXCompilerABI.cpp.obj' '-c' '-dumpdir' 'CMakeFiles/cmTC_fffd3.dir/']
  ignore line: [ /home/student/.espressif/tools/xtensa-esp-elf/esp-15.2.0_20251204/xtensa-esp-elf/bin/../lib/gcc/xtensa-esp-elf/15.2.0/../../../../xtensa-esp-elf/bin/as --traditional-format --longcalls --dynconfig=xtensa_esp32.so -o CMakeFiles/cmTC_fffd3.dir/CMakeCXXCompilerABI.cpp.obj /tmp/ccAiE61w.s]
  ignore line: [COMPILER_PATH=/home/student/.espressif/tools/xtensa-esp-elf/esp-15.2.0_20251204/xtensa-esp-elf/bin/../libexec/gcc/xtensa-esp-elf/15.2.0/:/home/student/.espressif/tools/xtensa-esp-elf/esp-15.2.0_20251204/xtensa-esp-elf/bin/../libexec/gcc/:/home/student/.espressif/tools/xtensa-esp-elf/esp-15.2.0_20251204/xtensa-esp-elf/bin/../lib/gcc/xtensa-esp-elf/15.2.0/../../../../xtensa-esp-elf/bin/]
  ignore line: [LIBRARY_PATH=/home/student/.espressif/tools/xtensa-esp-elf/esp-15.2.0_20251204/xtensa-esp-elf/bin/../lib/gcc/xtensa-esp-elf/15.2.0/esp32/no-rtti/:/home/student/.espressif/tools/xtensa-esp-elf/esp-15.2.0_20251204/xtensa-esp-elf/bin/../lib/gcc/xtensa-esp-elf/15.2.0/../../../../xtensa-esp-elf/lib/esp32/no-rtti/:/home/student/.espressif/tools/xtensa-esp-elf/esp-15.2.0_20251204/xtensa-esp-elf/bin/../xtensa-esp-elf/lib/esp32/no-rtti/:/home/student/.espressif/tools/xtensa-esp-elf/esp-15.2.0_20251204/xtensa-esp-elf/bin/../lib/gcc/xtensa-esp-elf/15.2.0/:/home/student/.espressif/tools/xtensa-esp-elf/esp-15.2.0_20251204/xtensa-esp-elf/bin/../lib/gcc/:/home/student/.espressif/tools/xtensa-esp-elf/esp-15.2.0_20251204/xtensa-esp-elf/bin/../lib/gcc/xtensa-esp-elf/15.2.0/../../../../xtensa-esp-elf/lib/:/home/student/.espressif/tools/xtensa-esp-elf/esp-15.2.0_20251204/xtensa-esp-elf/bin/../xtensa-esp-elf/lib/:/home/student/.espressif/tools/xtensa-esp-elf/esp-15.2.0_20251204/xtensa-esp-elf/bin/../xtensa-esp-elf/usr/lib/]
  ignore line: [COLLECT_GCC_OPTIONS='-mdynconfig=xtensa_esp32.so' '-fno-rtti' '-Wno-frame-address' '-mlongcalls' '-fno-builtin-memcpy' '-fno-builtin-memset' '-fno-builtin-bzero' '-specs=/home/student/Desktop/ProjekatDisplej/DisplayAudi/build/specs/picolibc.specs' '-v' '-o' 'CMakeFiles/cmTC_fffd3.dir/CMakeCXXCompilerABI.cpp.obj' '-c' '-dumpdir' 'CMakeFiles/cmTC_fffd3.dir/CMakeCXXCompilerABI.cpp.']
  ignore line: [[2/2] Linking CXX executable cmTC_fffd3]
  ignore line: [Using built-in specs.]
  ignore line: [Reading specs from /home/student/Desktop/ProjekatDisplej/DisplayAudi/build/specs/picolibc.specs]
  ignore line: [rename spec link to picolibc_link]
  ignore line: [rename spec link_libgcc to picolibc_link_libgcc]
  ignore line: [rename spec cpp to picolibc_cpp]
  ignore line: [rename spec cc1 to picolibc_cc1]
  ignore line: [rename spec cc1plus to picolibc_cc1plus]
  ignore line: [COLLECT_GCC=/home/student/.espressif/tools/xtensa-esp-elf/esp-15.2.0_20251204/xtensa-esp-elf/bin/xtensa-esp-elf-g++]
  ignore line: [COLLECT_LTO_WRAPPER=/home/student/.espressif/tools/xtensa-esp-elf/esp-15.2.0_20251204/xtensa-esp-elf/bin/../libexec/gcc/xtensa-esp-elf/15.2.0/lto-wrapper]
  ignore line: [Target: xtensa-esp-elf]
  ignore line: [Configured with: /builds/idf/crosstool-NG/.build/xtensa-esp-elf/src/gcc/configure --build=x86_64-build_pc-linux-gnu --host=x86_64-build_pc-linux-gnu --target=xtensa-esp-elf --prefix=/builds/idf/crosstool-NG/builds/xtensa-esp-elf --exec_prefix=/builds/idf/crosstool-NG/builds/xtensa-esp-elf --with-local-prefix=/builds/idf/crosstool-NG/builds/xtensa-esp-elf/xtensa-esp-elf --with-sysroot=/builds/idf/crosstool-NG/builds/xtensa-esp-elf/xtensa-esp-elf --with-native-system-header-dir=/include --with-headers=/builds/idf/crosstool-NG/builds/xtensa-esp-elf/xtensa-esp-elf/include --with-newlib --enable-threads=no --disable-shared --with-pkgversion='crosstool-NG esp-15.2.0_20251204' --disable-__cxa_atexit --enable-cxx-flags='-ffunction-sections -fdata-sections' --disable-libgomp --disable-libmudflap --disable-libmpx --disable-libssp --disable-libquadmath --disable-libquadmath-support --disable-libstdcxx-verbose --with-gmp=/builds/idf/crosstool-NG/.build/xtensa-esp-elf/buildtools --with-mpfr=/builds/idf/crosstool-NG/.build/xtensa-esp-elf/buildtools --with-mpc=/builds/idf/crosstool-NG/.build/xtensa-esp-elf/buildtools --with-isl=/builds/idf/crosstool-NG/.build/xtensa-esp-elf/buildtools --enable-lto --enable-target-optspace --without-long-double-128 --enable-plugin --disable-nls --enable-multiarch --enable-languages=c c++ --disable-libstdcxx-verbose --enable-threads=posix --enable-libstdcxx-time=yes --disable-win32-utf8-manifest]
  ignore line: [Thread model: posix]
  ignore line: [Supported LTO compression algorithms: zlib zstd]
  ignore line: [gcc version 15.2.0 (crosstool-NG esp-15.2.0_20251204) ]
  ignore line: [COMPILER_PATH=/home/student/.espressif/tools/xtensa-esp-elf/esp-15.2.0_20251204/xtensa-esp-elf/bin/../libexec/gcc/xtensa-esp-elf/15.2.0/:/home/student/.espressif/tools/xtensa-esp-elf/esp-15.2.0_20251204/xtensa-esp-elf/bin/../libexec/gcc/:/home/student/.espressif/tools/xtensa-esp-elf/esp-15.2.0_20251204/xtensa-esp-elf/bin/../lib/gcc/xtensa-esp-elf/15.2.0/../../../../xtensa-esp-elf/bin/]
  ignore line: [LIBRARY_PATH=/home/student/.espressif/tools/xtensa-esp-elf/esp-15.2.0_20251204/xtensa-esp-elf/bin/../lib/gcc/xtensa-esp-elf/15.2.0/esp32/no-rtti/:/home/student/.espressif/tools/xtensa-esp-elf/esp-15.2.0_20251204/xtensa-esp-elf/bin/../lib/gcc/xtensa-esp-elf/15.2.0/../../../../xtensa-esp-elf/lib/esp32/no-rtti/:/home/student/.espressif/tools/xtensa-esp-elf/esp-15.2.0_20251204/xtensa-esp-elf/bin/../xtensa-esp-elf/lib/esp32/no-rtti/:/home/student/.espressif/tools/xtensa-esp-elf/esp-15.2.0_20251204/xtensa-esp-elf/bin/../lib/gcc/xtensa-esp-elf/15.2.0/:/home/student/.espressif/tools/xtensa-esp-elf/esp-15.2.0_20251204/xtensa-esp-elf/bin/../lib/gcc/:/home/student/.espressif/tools/xtensa-esp-elf/esp-15.2.0_20251204/xtensa-esp-elf/bin/../lib/gcc/xtensa-esp-elf/15.2.0/../../../../xtensa-esp-elf/lib/:/home/student/.espressif/tools/xtensa-esp-elf/esp-15.2.0_20251204/xtensa-esp-elf/bin/../xtensa-esp-elf/lib/:/home/student/.espressif/tools/xtensa-esp-elf/esp-15.2.0_20251204/xtensa-esp-elf/bin/../xtensa-esp-elf/usr/lib/]
  ignore line: [COLLECT_GCC_OPTIONS='-mdynconfig=xtensa_esp32.so' '-Wno-frame-address' '-mlongcalls' '-fno-builtin-memcpy' '-fno-builtin-memset' '-fno-builtin-bzero' '-specs=/home/student/Desktop/ProjekatDisplej/DisplayAudi/build/specs/picolibc.specs' '-fno-rtti' '-nostartfiles' '-v' '-o' 'cmTC_fffd3' '-dumpdir' 'cmTC_fffd3.']
  link line: [ /home/student/.espressif/tools/xtensa-esp-elf/esp-15.2.0_20251204/xtensa-esp-elf/bin/../libexec/gcc/xtensa-esp-elf/15.2.0/collect2 -plugin /home/student/.espressif/tools/xtensa-esp-elf/esp-15.2.0_20251204/xtensa-esp-elf/bin/../libexec/gcc/xtensa-esp-elf/15.2.0/liblto_plugin.so -plugin-opt=/home/student/.espressif/tools/xtensa-esp-elf/esp-15.2.0_20251204/xtensa-esp-elf/bin/../libexec/gcc/xtensa-esp-elf/15.2.0/lto-wrapper -plugin-opt=-fresolution=/tmp/cczxzeuz.res -plugin-opt=-pass-through=-lgcc -plugin-opt=-pass-through=-lgcc -plugin-opt=-pass-through=-lc -plugin-opt=-pass-through=-lgcc -L/home/student/.espressif/tools/xtensa-esp-elf/esp-15.2.0_20251204/xtensa-esp-elf/bin/../xtensa-esp-elf/../picolibc/xtensa-esp-elf/lib/esp32/no-rtti -L/home/student/.espressif/tools/xtensa-esp-elf/esp-15.2.0_20251204/xtensa-esp-elf/bin/../xtensa-esp-elf/../picolibc/xtensa-esp-elf/lib -Tpicolibc.ld --sysroot=/home/student/.espressif/tools/xtensa-esp-elf/esp-15.2.0_20251204/xtensa-esp-elf/bin/../xtensa-esp-elf --dynconfig=xtensa_esp32.so -o cmTC_fffd3 -L/home/student/.espressif/tools/xtensa-esp-elf/esp-15.2.0_20251204/xtensa-esp-elf/bin/../xtensa-esp-elf/../picolibc/lib/gcc/xtensa-esp-elf/15.2.0/esp32/no-rtti -L/home/student/.espressif/tools/xtensa-esp-elf/esp-15.2.0_20251204/xtensa-esp-elf/bin/../xtensa-esp-elf/../picolibc/lib/gcc/xtensa-esp-elf/15.2.0 -L/home/student/.espressif/tools/xtensa-esp-elf/esp-15.2.0_20251204/xtensa-esp-elf/bin/../lib/gcc/xtensa-esp-elf/15.2.0/esp32/no-rtti -L/home/student/.espressif/tools/xtensa-esp-elf/esp-15.2.0_20251204/xtensa-esp-elf/bin/../lib/gcc/xtensa-esp-elf/15.2.0/../../../../xtensa-esp-elf/lib/esp32/no-rtti -L/home/student/.espressif/tools/xtensa-esp-elf/esp-15.2.0_20251204/xtensa-esp-elf/bin/../xtensa-esp-elf/lib/esp32/no-rtti -L/home/student/.espressif/tools/xtensa-esp-elf/esp-15.2.0_20251204/xtensa-esp-elf/bin/../lib/gcc/xtensa-esp-elf/15.2.0 -L/home/student/.espressif/tools/xtensa-esp-elf/esp-15.2.0_20251204/xtensa-esp-elf/bin/../lib/gcc -L/home/student/.espressif/tools/xtensa-esp-elf/esp-15.2.0_20251204/xtensa-esp-elf/bin/../lib/gcc/xtensa-esp-elf/15.2.0/../../../../xtensa-esp-elf/lib -L/home/student/.espressif/tools/xtensa-esp-elf/esp-15.2.0_20251204/xtensa-esp-elf/bin/../xtensa-esp-elf/lib -L/home/student/.espressif/tools/xtensa-esp-elf/esp-15.2.0_20251204/xtensa-esp-elf/bin/../xtensa-esp-elf/usr/lib @/tmp/ccSI7SMj -lgcc --start-group -lgcc -lc --end-group -lgcc]
    arg [/home/student/.espressif/tools/xtensa-esp-elf/esp-15.2.0_20251204/xtensa-esp-elf/bin/../libexec/gcc/xtensa-esp-elf/15.2.0/collect2] ==> ignore
    arg [-plugin] ==> ignore
    arg [/home/student/.espressif/tools/xtensa-esp-elf/esp-15.2.0_20251204/xtensa-esp-elf/bin/../libexec/gcc/xtensa-esp-elf/15.2.0/liblto_plugin.so] ==> ignore
    arg [-plugin-opt=/home/student/.espressif/tools/xtensa-esp-elf/esp-15.2.0_20251204/xtensa-esp-elf/bin/../libexec/gcc/xtensa-esp-elf/15.2.0/lto-wrapper] ==> ignore
    arg [-plugin-opt=-fresolution=/tmp/cczxzeuz.res] ==> ignore
    arg [-plugin-opt=-pass-through=-lgcc] ==> ignore
    arg [-plugin-opt=-pass-through=-lgcc] ==> ignore
    arg [-plugin-opt=-pass-through=-lc] ==> ignore
    arg [-plugin-opt=-pass-through=-lgcc] ==> ignore
    arg [-L/home/student/.espressif/tools/xtensa-esp-elf/esp-15.2.0_20251204/xtensa-esp-elf/bin/../xtensa-esp-elf/../picolibc/xtensa-esp-elf/lib/esp32/no-rtti] ==> dir [/home/student/.espressif/tools/xtensa-esp-elf/esp-15.2.0_20251204/xtensa-esp-elf/bin/../xtensa-esp-elf/../picolibc/xtensa-esp-elf/lib/esp32/no-rtti]
    arg [-L/home/student/.espressif/tools/xtensa-esp-elf/esp-15.2.0_20251204/xtensa-esp-elf/bin/../xtensa-esp-elf/../picolibc/xtensa-esp-elf/lib] ==> dir [/home/student/.espressif/tools/xtensa-esp-elf/esp-15.2.0_20251204/xtensa-esp-elf/bin/../xtensa-esp-elf/../picolibc/xtensa-esp-elf/lib]
    arg [-Tpicolibc.ld] ==> ignore
    arg [--sysroot=/home/student/.espressif/tools/xtensa-esp-elf/esp-15.2.0_20251204/xtensa-esp-elf/bin/../xtensa-esp-elf] ==> ignore
    arg [--dynconfig=xtensa_esp32.so] ==> ignore
    arg [-o] ==> ignore
    arg [cmTC_fffd3] ==> ignore
    arg [-L/home/student/.espressif/tools/xtensa-esp-elf/esp-15.2.0_20251204/xtensa-esp-elf/bin/../xtensa-esp-elf/../picolibc/lib/gcc/xtensa-esp-elf/15.2.0/esp32/no-rtti] ==> dir [/home/student/.espressif/tools/xtensa-esp-elf/esp-15.2.0_20251204/xtensa-esp-elf/bin/../xtensa-esp-elf/../picolibc/lib/gcc/xtensa-esp-elf/15.2.0/esp32/no-rtti]
    arg [-L/home/student/.espressif/tools/xtensa-esp-elf/esp-15.2.0_20251204/xtensa-esp-elf/bin/../xtensa-esp-elf/../picolibc/lib/gcc/xtensa-esp-elf/15.2.0] ==> dir [/home/student/.espressif/tools/xtensa-esp-elf/esp-15.2.0_20251204/xtensa-esp-elf/bin/../xtensa-esp-elf/../picolibc/lib/gcc/xtensa-esp-elf/15.2.0]
    arg [-L/home/student/.espressif/tools/xtensa-esp-elf/esp-15.2.0_20251204/xtensa-esp-elf/bin/../lib/gcc/xtensa-esp-elf/15.2.0/esp32/no-rtti] ==> dir [/home/student/.espressif/tools/xtensa-esp-elf/esp-15.2.0_20251204/xtensa-esp-elf/bin/../lib/gcc/xtensa-esp-elf/15.2.0/esp32/no-rtti]
    arg [-L/home/student/.espressif/tools/xtensa-esp-elf/esp-15.2.0_20251204/xtensa-esp-elf/bin/../lib/gcc/xtensa-esp-elf/15.2.0/../../../../xtensa-esp-elf/lib/esp32/no-rtti] ==> dir [/home/student/.espressif/tools/xtensa-esp-elf/esp-15.2.0_20251204/xtensa-esp-elf/bin/../lib/gcc/xtensa-esp-elf/15.2.0/../../../../xtensa-esp-elf/lib/esp32/no-rtti]
    arg [-L/home/student/.espressif/tools/xtensa-esp-elf/esp-15.2.0_20251204/xtensa-esp-elf/bin/../xtensa-esp-elf/lib/esp32/no-rtti] ==> dir [/home/student/.espressif/tools/xtensa-esp-elf/esp-15.2.0_20251204/xtensa-esp-elf/bin/../xtensa-esp-elf/lib/esp32/no-rtti]
    arg [-L/home/student/.espressif/tools/xtensa-esp-elf/esp-15.2.0_20251204/xtensa-esp-elf/bin/../lib/gcc/xtensa-esp-elf/15.2.0] ==> dir [/home/student/.espressif/tools/xtensa-esp-elf/esp-15.2.0_20251204/xtensa-esp-elf/bin/../lib/gcc/xtensa-esp-elf/15.2.0]
    arg [-L/home/student/.espressif/tools/xtensa-esp-elf/esp-15.2.0_20251204/xtensa-esp-elf/bin/../lib/gcc] ==> dir [/home/student/.espressif/tools/xtensa-esp-elf/esp-15.2.0_20251204/xtensa-esp-elf/bin/../lib/gcc]
    arg [-L/home/student/.espressif/tools/xtensa-esp-elf/esp-15.2.0_20251204/xtensa-esp-elf/bin/../lib/gcc/xtensa-esp-elf/15.2.0/../../../../xtensa-esp-elf/lib] ==> dir [/home/student/.espressif/tools/xtensa-esp-elf/esp-15.2.0_20251204/xtensa-esp-elf/bin/../lib/gcc/xtensa-esp-elf/15.2.0/../../../../xtensa-esp-elf/lib]
    arg [-L/home/student/.espressif/tools/xtensa-esp-elf/esp-15.2.0_20251204/xtensa-esp-elf/bin/../xtensa-esp-elf/lib] ==> dir [/home/student/.espressif/tools/xtensa-esp-elf/esp-15.2.0_20251204/xtensa-esp-elf/bin/../xtensa-esp-elf/lib]
    arg [-L/home/student/.espressif/tools/xtensa-esp-elf/esp-15.2.0_20251204/xtensa-esp-elf/bin/../xtensa-esp-elf/usr/lib] ==> dir [/home/student/.espressif/tools/xtensa-esp-elf/esp-15.2.0_20251204/xtensa-esp-elf/bin/../xtensa-esp-elf/usr/lib]
    arg [@/tmp/ccSI7SMj] ==> ignore
    arg [-lgcc] ==> lib [gcc]
    arg [--start-group] ==> ignore
    arg [-lgcc] ==> lib [gcc]
    arg [-lc] ==> lib [c]
    arg [--end-group] ==> ignore
    arg [-lgcc] ==> lib [gcc]
  collapse library dir [/home/student/.espressif/tools/xtensa-esp-elf/esp-15.2.0_20251204/xtensa-esp-elf/bin/../xtensa-esp-elf/../picolibc/xtensa-esp-elf/lib/esp32/no-rtti] ==> [/home/student/.espressif/tools/xtensa-esp-elf/esp-15.2.0_20251204/xtensa-esp-elf/picolibc/xtensa-esp-elf/lib/esp32/no-rtti]
  collapse library dir [/home/student/.espressif/tools/xtensa-esp-elf/esp-15.2.0_20251204/xtensa-esp-elf/bin/../xtensa-esp-elf/../picolibc/xtensa-esp-elf/lib] ==> [/home/student/.espressif/tools/xtensa-esp-elf/esp-15.2.0_20251204/xtensa-esp-elf/picolibc/xtensa-esp-elf/lib]
  collapse library dir [/home/student/.espressif/tools/xtensa-esp-elf/esp-15.2.0_20251204/xtensa-esp-elf/bin/../xtensa-esp-elf/../picolibc/lib/gcc/xtensa-esp-elf/15.2.0/esp32/no-rtti] ==> [/home/student/.espressif/tools/xtensa-esp-elf/esp-15.2.0_20251204/xtensa-esp-elf/picolibc/lib/gcc/xtensa-esp-elf/15.2.0/esp32/no-rtti]
  collapse library dir [/home/student/.espressif/tools/xtensa-esp-elf/esp-15.2.0_20251204/xtensa-esp-elf/bin/../xtensa-esp-elf/../picolibc/lib/gcc/xtensa-esp-elf/15.2.0] ==> [/home/student/.espressif/tools/xtensa-esp-elf/esp-15.2.0_20251204/xtensa-esp-elf/picolibc/lib/gcc/xtensa-esp-elf/15.2.0]
  collapse library dir [/home/student/.espressif/tools/xtensa-esp-elf/esp-15.2.0_20251204/xtensa-esp-elf/bin/../lib/gcc/xtensa-esp-elf/15.2.0/esp32/no-rtti] ==> [/home/student/.espressif/tools/xtensa-esp-elf/esp-15.2.0_20251204/xtensa-esp-elf/lib/gcc/xtensa-esp-elf/15.2.0/esp32/no-rtti]
  collapse library dir [/home/student/.espressif/tools/xtensa-esp-elf/esp-15.2.0_20251204/xtensa-esp-elf/bin/../lib/gcc/xtensa-esp-elf/15.2.0/../../../../xtensa-esp-elf/lib/esp32/no-rtti] ==> [/home/student/.espressif/tools/xtensa-esp-elf/esp-15.2.0_20251204/xtensa-esp-elf/xtensa-esp-elf/lib/esp32/no-rtti]
  collapse library dir [/home/student/.espressif/tools/xtensa-esp-elf/esp-15.2.0_20251204/xtensa-esp-elf/bin/../xtensa-esp-elf/lib/esp32/no-rtti] ==> [/home/student/.espressif/tools/xtensa-esp-elf/esp-15.2.0_20251204/xtensa-esp-elf/xtensa-esp-elf/lib/esp32/no-rtti]
  collapse library dir [/home/student/.espressif/tools/xtensa-esp-elf/esp-15.2.0_20251204/xtensa-esp-elf/bin/../lib/gcc/xtensa-esp-elf/15.2.0] ==> [/home/student/.espressif/tools/xtensa-esp-elf/esp-15.2.0_20251204/xtensa-esp-elf/lib/gcc/xtensa-esp-elf/15.2.0]
  collapse library dir [/home/student/.espressif/tools/xtensa-esp-elf/esp-15.2.0_20251204/xtensa-esp-elf/bin/../lib/gcc] ==> [/home/student/.espressif/tools/xtensa-esp-elf/esp-15.2.0_20251204/xtensa-esp-elf/lib/gcc]
  collapse library dir [/home/student/.espressif/tools/xtensa-esp-elf/esp-15.2.0_20251204/xtensa-esp-elf/bin/../lib/gcc/xtensa-esp-elf/15.2.0/../../../../xtensa-esp-elf/lib] ==> [/home/student/.espressif/tools/xtensa-esp-elf/esp-15.2.0_20251204/xtensa-esp-elf/xtensa-esp-elf/lib]
  collapse library dir [/home/student/.espressif/tools/xtensa-esp-elf/esp-15.2.0_20251204/xtensa-esp-elf/bin/../xtensa-esp-elf/lib] ==> [/home/student/.espressif/tools/xtensa-esp-elf/esp-15.2.0_20251204/xtensa-esp-elf/xtensa-esp-elf/lib]
  collapse library dir [/home/student/.espressif/tools/xtensa-esp-elf/esp-15.2.0_20251204/xtensa-esp-elf/bin/../xtensa-esp-elf/usr/lib] ==> [/home/student/.espressif/tools/xtensa-esp-elf/esp-15.2.0_20251204/xtensa-esp-elf/xtensa-esp-elf/usr/lib]
  implicit libs: [gcc;gcc;c;gcc]
  implicit objs: []
  implicit dirs: [/home/student/.espressif/tools/xtensa-esp-elf/esp-15.2.0_20251204/xtensa-esp-elf/picolibc/xtensa-esp-elf/lib/esp32/no-rtti;/home/student/.espressif/tools/xtensa-esp-elf/esp-15.2.0_20251204/xtensa-esp-elf/picolibc/xtensa-esp-elf/lib;/home/student/.espressif/tools/xtensa-esp-elf/esp-15.2.0_20251204/xtensa-esp-elf/picolibc/lib/gcc/xtensa-esp-elf/15.2.0/esp32/no-rtti;/home/student/.espressif/tools/xtensa-esp-elf/esp-15.2.0_20251204/xtensa-esp-elf/picolibc/lib/gcc/xtensa-esp-elf/15.2.0;/home/student/.espressif/tools/xtensa-esp-elf/esp-15.2.0_20251204/xtensa-esp-elf/lib/gcc/xtensa-esp-elf/15.2.0/esp32/no-rtti;/home/student/.espressif/tools/xtensa-esp-elf/esp-15.2.0_20251204/xtensa-esp-elf/xtensa-esp-elf/lib/esp32/no-rtti;/home/student/.espressif/tools/xtensa-esp-elf/esp-15.2.0_20251204/xtensa-esp-elf/lib/gcc/xtensa-esp-elf/15.2.0;/home/student/.espressif/tools/xtensa-esp-elf/esp-15.2.0_20251204/xtensa-esp-elf/lib/gcc;/home/student/.espressif/tools/xtensa-esp-elf/esp-15.2.0_20251204/xtensa-esp-elf/xtensa-esp-elf/lib;/home/student/.espressif/tools/xtensa-esp-elf/esp-15.2.0_20251204/xtensa-esp-elf/xtensa-esp-elf/usr/lib]
  implicit fwks: []


Detecting C compiler ABI info compiled with the following output:
Change Dir: /home/student/Desktop/ProjekatDisplej/DisplayAudi/build/CMakeFiles/CMakeTmp

Run Build Command(s):/usr/bin/ninja cmTC_9975b && [1/2] Building C object CMakeFiles/cmTC_9975b.dir/CMakeCCompilerABI.c.obj
Using built-in specs.
Reading specs from /home/student/Desktop/ProjekatDisplej/DisplayAudi/build/specs/picolibc.specs
rename spec link to picolibc_link
rename spec link_libgcc to picolibc_link_libgcc
rename spec cpp to picolibc_cpp
rename spec cc1 to picolibc_cc1
rename spec cc1plus to picolibc_cc1plus
COLLECT_GCC=/home/student/.espressif/tools/xtensa-esp-elf/esp-15.2.0_20251204/xtensa-esp-elf/bin/xtensa-esp-elf-gcc
Target: xtensa-esp-elf
Configured with: /builds/idf/crosstool-NG/.build/xtensa-esp-elf/src/gcc/configure --build=x86_64-build_pc-linux-gnu --host=x86_64-build_pc-linux-gnu --target=xtensa-esp-elf --prefix=/builds/idf/crosstool-NG/builds/xtensa-esp-elf --exec_prefix=/builds/idf/crosstool-NG/builds/xtensa-esp-elf --with-local-prefix=/builds/idf/crosstool-NG/builds/xtensa-esp-elf/xtensa-esp-elf --with-sysroot=/builds/idf/crosstool-NG/builds/xtensa-esp-elf/xtensa-esp-elf --with-native-system-header-dir=/include --with-headers=/builds/idf/crosstool-NG/builds/xtensa-esp-elf/xtensa-esp-elf/include --with-newlib --enable-threads=no --disable-shared --with-pkgversion='crosstool-NG esp-15.2.0_20251204' --disable-__cxa_atexit --enable-cxx-flags='-ffunction-sections -fdata-sections' --disable-libgomp --disable-libmudflap --disable-libmpx --disable-libssp --disable-libquadmath --disable-libquadmath-support --disable-libstdcxx-verbose --with-gmp=/builds/idf/crosstool-NG/.build/xtensa-esp-elf/buildtools --with-mpfr=/builds/idf/crosstool-NG/.build/xtensa-esp-elf/buildtools --with-mpc=/builds/idf/crosstool-NG/.build/xtensa-esp-elf/buildtools --with-isl=/builds/idf/crosstool-NG/.build/xtensa-esp-elf/buildtools --enable-lto --enable-target-optspace --without-long-double-128 --enable-plugin --disable-nls --enable-multiarch --enable-languages=c,c++ --disable-libstdcxx-verbose --enable-threads=posix --enable-libstdcxx-time=yes --disable-win32-utf8-manifest
Thread model: posix
Supported LTO compression algorithms: zlib zstd
gcc version 15.2.0 (crosstool-NG esp-15.2.0_20251204) 
COLLECT_GCC_OPTIONS='-mdynconfig=xtensa_esp32.so' '-Wno-frame-address' '-mlongcalls' '-fno-builtin-memcpy' '-fno-builtin-memset' '-fno-builtin-bzero' '-specs=/home/student/Desktop/ProjekatDisplej/DisplayAudi/build/specs/picolibc.specs' '-v' '-o' 'CMakeFiles/cmTC_9975b.dir/CMakeCCompilerABI.c.obj' '-c' '-dumpdir' 'CMakeFiles/cmTC_9975b.dir/'
 /home/student/.espressif/tools/xtensa-esp-elf/esp-15.2.0_20251204/xtensa-esp-elf/bin/../libexec/gcc/xtensa-esp-elf/15.2.0/cc1 -quiet -v -imultilib esp32 -iprefix /home/student/.espressif/tools/xtensa-esp-elf/esp-15.2.0_20251204/xtensa-esp-elf/bin/../lib/gcc/xtensa-esp-elf/15.2.0/ -isysroot /home/student/.espressif/tools/xtensa-esp-elf/esp-15.2.0_20251204/xtensa-esp-elf/bin/../xtensa-esp-elf -isystem /home/student/.espressif/tools/xtensa-esp-elf/esp-15.2.0_20251204/xtensa-esp-elf/bin/../xtensa-esp-elf/../picolibc/include -isystem /home/student/.espressif/tools/xtensa-esp-elf/esp-15.2.0_20251204/xtensa-esp-elf/bin/../xtensa-esp-elf/../picolibc/include/../xtensa-esp-elf/include/c++/15.2.0/xtensa-esp-elf/esp32 /usr/share/cmake-3.22/Modules/CMakeCCompilerABI.c -ftls-model=local-exec -quiet -dumpdir CMakeFiles/cmTC_9975b.dir/ -dumpbase CMakeCCompilerABI.c.c -dumpbase-ext .c -mdynconfig=xtensa_esp32.so -mlongcalls -Wno-frame-address -version -fno-builtin-memcpy -fno-builtin-memset -fno-builtin-bzero -o /tmp/cccAdr9T.s
GNU C23 (crosstool-NG esp-15.2.0_20251204) version 15.2.0 (xtensa-esp-elf)
	compiled by GNU C version 6.3.0, GMP version 6.3.0, MPFR version 4.2.1, MPC version 1.3.1, isl version isl-0.26-GMP

GGC heuristics: --param ggc-min-expand=100 --param ggc-min-heapsize=131072
ignoring duplicate directory "/home/student/.espressif/tools/xtensa-esp-elf/esp-15.2.0_20251204/xtensa-esp-elf/bin/../lib/gcc/../../lib/gcc/xtensa-esp-elf/15.2.0/include"
ignoring nonexistent directory "/home/student/.espressif/tools/xtensa-esp-elf/esp-15.2.0_20251204/xtensa-esp-elf/bin/../xtensa-esp-elf/builds/idf/crosstool-NG/builds/xtensa-esp-elf/xtensa-esp-elf/include"
ignoring duplicate directory "/home/student/.espressif/tools/xtensa-esp-elf/esp-15.2.0_20251204/xtensa-esp-elf/bin/../lib/gcc/../../lib/gcc/xtensa-esp-elf/15.2.0/include-fixed"
ignoring duplicate directory "/home/student/.espressif/tools/xtensa-esp-elf/esp-15.2.0_20251204/xtensa-esp-elf/bin/../lib/gcc/../../lib/gcc/xtensa-esp-elf/15.2.0/../../../../xtensa-esp-elf/include"
ignoring duplicate directory "/home/student/.espressif/tools/xtensa-esp-elf/esp-15.2.0_20251204/xtensa-esp-elf/bin/../xtensa-esp-elf/include"
#include "..." search starts here:
#include <...> search starts here:
 /home/student/.espressif/tools/xtensa-esp-elf/esp-15.2.0_20251204/xtensa-esp-elf/bin/../xtensa-esp-elf/../picolibc/include
 /home/student/.espressif/tools/xtensa-esp-elf/esp-15.2.0_20251204/xtensa-esp-elf/bin/../xtensa-esp-elf/../picolibc/include/../xtensa-esp-elf/include/c++/15.2.0/xtensa-esp-elf/esp32
 /home/student/.espressif/tools/xtensa-esp-elf/esp-15.2.0_20251204/xtensa-esp-elf/bin/../lib/gcc/xtensa-esp-elf/15.2.0/include
 /home/student/.espressif/tools/xtensa-esp-elf/esp-15.2.0_20251204/xtensa-esp-elf/bin/../lib/gcc/xtensa-esp-elf/15.2.0/include-fixed
 /home/student/.espressif/tools/xtensa-esp-elf/esp-15.2.0_20251204/xtensa-esp-elf/bin/../lib/gcc/xtensa-esp-elf/15.2.0/../../../../xtensa-esp-elf/include
End of search list.
Compiler executable checksum: 023236c824ceaa5629805e8d1b1d2049
COLLECT_GCC_OPTIONS='-mdynconfig=xtensa_esp32.so' '-Wno-frame-address' '-mlongcalls' '-fno-builtin-memcpy' '-fno-builtin-memset' '-fno-builtin-bzero' '-specs=/home/student/Desktop/ProjekatDisplej/DisplayAudi/build/specs/picolibc.specs' '-v' '-o' 'CMakeFiles/cmTC_9975b.dir/CMakeCCompilerABI.c.obj' '-c' '-dumpdir' 'CMakeFiles/cmTC_9975b.dir/'
 /home/student/.espressif/tools/xtensa-esp-elf/esp-15.2.0_20251204/xtensa-esp-elf/bin/../lib/gcc/xtensa-esp-elf/15.2.0/../../../../xtensa-esp-elf/bin/as --traditional-format --longcalls --dynconfig=xtensa_esp32.so -o CMakeFiles/cmTC_9975b.dir/CMakeCCompilerABI.c.obj /tmp/cccAdr9T.s
COMPILER_PATH=/home/student/.espressif/tools/xtensa-esp-elf/esp-15.2.0_20251204/xtensa-esp-elf/bin/../libexec/gcc/xtensa-esp-elf/15.2.0/:/home/student/.espressif/tools/xtensa-esp-elf/esp-15.2.0_20251204/xtensa-esp-elf/bin/../libexec/gcc/:/home/student/.espressif/tools/xtensa-esp-elf/esp-15.2.0_20251204/xtensa-esp-elf/bin/../lib/gcc/xtensa-esp-elf/15.2.0/../../../../xtensa-esp-elf/bin/
LIBRARY_PATH=/home/student/.espressif/tools/xtensa-esp-elf/esp-15.2.0_20251204/xtensa-esp-elf/bin/../lib/gcc/xtensa-esp-elf/15.2.0/esp32/:/home/student/.espressif/tools/xtensa-esp-elf/esp-15.2.0_20251204/xtensa-esp-elf/bin/../lib/gcc/xtensa-esp-elf/15.2.0/../../../../xtensa-esp-elf/lib/esp32/:/home/student/.espressif/tools/xtensa-esp-elf/esp-15.2.0_20251204/xtensa-esp-elf/bin/../xtensa-esp-elf/lib/esp32/:/home/student/.espressif/tools/xtensa-esp-elf/esp-15.2.0_20251204/xtensa-esp-elf/bin/../lib/gcc/xtensa-esp-elf/15.2.0/:/home/student/.espressif/tools/xtensa-esp-elf/esp-15.2.0_20251204/xtensa-esp-elf/bin/../lib/gcc/:/home/student/.espressif/tools/xtensa-esp-elf/esp-15.2.0_20251204/xtensa-esp-elf/bin/../lib/gcc/xtensa-esp-elf/15.2.0/../../../../xtensa-esp-elf/lib/:/home/student/.espressif/tools/xtensa-esp-elf/esp-15.2.0_20251204/xtensa-esp-elf/bin/../xtensa-esp-elf/lib/:/home/student/.espressif/tools/xtensa-esp-elf/esp-15.2.0_20251204/xtensa-esp-elf/bin/../xtensa-esp-elf/usr/lib/
COLLECT_GCC_OPTIONS='-mdynconfig=xtensa_esp32.so' '-Wno-frame-address' '-mlongcalls' '-fno-builtin-memcpy' '-fno-builtin-memset' '-fno-builtin-bzero' '-specs=/home/student/Desktop/ProjekatDisplej/DisplayAudi/build/specs/picolibc.specs' '-v' '-o' 'CMakeFiles/cmTC_9975b.dir/CMakeCCompilerABI.c.obj' '-c' '-dumpdir' 'CMakeFiles/cmTC_9975b.dir/CMakeCCompilerABI.c.'
[2/2] Linking C executable cmTC_9975b
Using built-in specs.
Reading specs from /home/student/Desktop/ProjekatDisplej/DisplayAudi/build/specs/picolibc.specs
rename spec link to picolibc_link
rename spec link_libgcc to picolibc_link_libgcc
rename spec cpp to picolibc_cpp
rename spec cc1 to picolibc_cc1
rename spec cc1plus to picolibc_cc1plus
COLLECT_GCC=/home/student/.espressif/tools/xtensa-esp-elf/esp-15.2.0_20251204/xtensa-esp-elf/bin/xtensa-esp-elf-gcc
COLLECT_LTO_WRAPPER=/home/student/.espressif/tools/xtensa-esp-elf/esp-15.2.0_20251204/xtensa-esp-elf/bin/../libexec/gcc/xtensa-esp-elf/15.2.0/lto-wrapper
Target: xtensa-esp-elf
Configured with: /builds/idf/crosstool-NG/.build/xtensa-esp-elf/src/gcc/configure --build=x86_64-build_pc-linux-gnu --host=x86_64-build_pc-linux-gnu --target=xtensa-esp-elf --prefix=/builds/idf/crosstool-NG/builds/xtensa-esp-elf --exec_prefix=/builds/idf/crosstool-NG/builds/xtensa-esp-elf --with-local-prefix=/builds/idf/crosstool-NG/builds/xtensa-esp-elf/xtensa-esp-elf --with-sysroot=/builds/idf/crosstool-NG/builds/xtensa-esp-elf/xtensa-esp-elf --with-native-system-header-dir=/include --with-headers=/builds/idf/crosstool-NG/builds/xtensa-esp-elf/xtensa-esp-elf/include --with-newlib --enable-threads=no --disable-shared --with-pkgversion='crosstool-NG esp-15.2.0_20251204' --disable-__cxa_atexit --enable-cxx-flags='-ffunction-sections -fdata-sections' --disable-libgomp --disable-libmudflap --disable-libmpx --disable-libssp --disable-libquadmath --disable-libquadmath-support --disable-libstdcxx-verbose --with-gmp=/builds/idf/crosstool-NG/.build/xtensa-esp-elf/buildtools --with-mpfr=/builds/idf/crosstool-NG/.build/xtensa-esp-elf/buildtools --with-mpc=/builds/idf/crosstool-NG/.build/xtensa-esp-elf/buildtools --with-isl=/builds/idf/crosstool-NG/.build/xtensa-esp-elf/buildtools --enable-lto --enable-target-optspace --without-long-double-128 --enable-plugin --disable-nls --enable-multiarch --enable-languages=c,c++ --disable-libstdcxx-verbose --enable-threads=posix --enable-libstdcxx-time=yes --disable-win32-utf8-manifest
Thread model: posix
Supported LTO compression algorithms: zlib zstd
gcc version 15.2.0 (crosstool-NG esp-15.2.0_20251204) 
COMPILER_PATH=/home/student/.espressif/tools/xtensa-esp-elf/esp-15.2.0_20251204/xtensa-esp-elf/bin/../libexec/gcc/xtensa-esp-elf/15.2.0/:/home/student/.espressif/tools/xtensa-esp-elf/esp-15.2.0_20251204/xtensa-esp-elf/bin/../libexec/gcc/:/home/student/.espressif/tools/xtensa-esp-elf/esp-15.2.0_20251204/xtensa-esp-elf/bin/../lib/gcc/xtensa-esp-elf/15.2.0/../../../../xtensa-esp-elf/bin/
LIBRARY_PATH=/home/student/.espressif/tools/xtensa-esp-elf/esp-15.2.0_20251204/xtensa-esp-elf/bin/../lib/gcc/xtensa-esp-elf/15.2.0/esp32/no-rtti/:/home/student/.espressif/tools/xtensa-esp-elf/esp-15.2.0_20251204/xtensa-esp-elf/bin/../lib/gcc/xtensa-esp-elf/15.2.0/../../../../xtensa-esp-elf/lib/esp32/no-rtti/:/home/student/.espressif/tools/xtensa-esp-elf/esp-15.2.0_20251204/xtensa-esp-elf/bin/../xtensa-esp-elf/lib/esp32/no-rtti/:/home/student/.espressif/tools/xtensa-esp-elf/esp-15.2.0_20251204/xtensa-esp-elf/bin/../lib/gcc/xtensa-esp-elf/15.2.0/:/home/student/.espressif/tools/xtensa-esp-elf/esp-15.2.0_20251204/xtensa-esp-elf/bin/../lib/gcc/:/home/student/.espressif/tools/xtensa-esp-elf/esp-15.2.0_20251204/xtensa-esp-elf/bin/../lib/gcc/xtensa-esp-elf/15.2.0/../../../../xtensa-esp-elf/lib/:/home/student/.espressif/tools/xtensa-esp-elf/esp-15.2.0_20251204/xtensa-esp-elf/bin/../xtensa-esp-elf/lib/:/home/student/.espressif/tools/xtensa-esp-elf/esp-15.2.0_20251204/xtensa-esp-elf/bin/../xtensa-esp-elf/usr/lib/
COLLECT_GCC_OPTIONS='-mdynconfig=xtensa_esp32.so' '-Wno-frame-address' '-mlongcalls' '-fno-builtin-memcpy' '-fno-builtin-memset' '-fno-builtin-bzero' '-specs=/home/student/Desktop/ProjekatDisplej/DisplayAudi/build/specs/picolibc.specs' '-nostartfiles' '-fno-rtti' '-v' '-o' 'cmTC_9975b' '-dumpdir' 'cmTC_9975b.'
 /home/student/.espressif/tools/xtensa-esp-elf/esp-15.2.0_20251204/xtensa-esp-elf/bin/../libexec/gcc/xtensa-esp-elf/15.2.0/collect2 -plugin /home/student/.espressif/tools/xtensa-esp-elf/esp-15.2.0_20251204/xtensa-esp-elf/bin/../libexec/gcc/xtensa-esp-elf/15.2.0/liblto_plugin.so -plugin-opt=/home/student/.espressif/tools/xtensa-esp-elf/esp-15.2.0_20251204/xtensa-esp-elf/bin/../libexec/gcc/xtensa-esp-elf/15.2.0/lto-wrapper -plugin-opt=-fresolution=/tmp/cc0h6w7P.res -plugin-opt=-pass-through=-lgcc -plugin-opt=-pass-through=-lgcc -plugin-opt=-pass-through=-lc -plugin-opt=-pass-through=-lgcc -L/home/student/.espressif/tools/xtensa-esp-elf/esp-15.2.0_20251204/xtensa-esp-elf/bin/../xtensa-esp-elf/../picolibc/xtensa-esp-elf/lib/esp32/no-rtti -L/home/student/.espressif/tools/xtensa-esp-elf/esp-15.2.0_20251204/xtensa-esp-elf/bin/../xtensa-esp-elf/../picolibc/xtensa-esp-elf/lib -Tpicolibc.ld --sysroot=/home/student/.espressif/tools/xtensa-esp-elf/esp-15.2.0_20251204/xtensa-esp-elf/bin/../xtensa-esp-elf --dynconfig=xtensa_esp32.so -o cmTC_9975b -L/home/student/.espressif/tools/xtensa-esp-elf/esp-15.2.0_20251204/xtensa-esp-elf/bin/../xtensa-esp-elf/../picolibc/lib/gcc/xtensa-esp-elf/15.2.0/esp32/no-rtti -L/home/student/.espressif/tools/xtensa-esp-elf/esp-15.2.0_20251204/xtensa-esp-elf/bin/../xtensa-esp-elf/../picolibc/lib/gcc/xtensa-esp-elf/15.2.0 -L/home/student/.espressif/tools/xtensa-esp-elf/esp-15.2.0_20251204/xtensa-esp-elf/bin/../lib/gcc/xtensa-esp-elf/15.2.0/esp32/no-rtti -L/home/student/.espressif/tools/xtensa-esp-elf/esp-15.2.0_20251204/xtensa-esp-elf/bin/../lib/gcc/xtensa-esp-elf/15.2.0/../../../../xtensa-esp-elf/lib/esp32/no-rtti -L/home/student/.espressif/tools/xtensa-esp-elf/esp-15.2.0_20251204/xtensa-esp-elf/bin/../xtensa-esp-elf/lib/esp32/no-rtti -L/home/student/.espressif/tools/xtensa-esp-elf/esp-15.2.0_20251204/xtensa-esp-elf/bin/../lib/gcc/xtensa-esp-elf/15.2.0 -L/home/student/.espressif/tools/xtensa-esp-elf/esp-15.2.0_20251204/xtensa-esp-elf/bin/../lib/gcc -L/home/student/.espressif/tools/xtensa-esp-elf/esp-15.2.0_20251204/xtensa-esp-elf/bin/../lib/gcc/xtensa-esp-elf/15.2.0/../../../../xtensa-esp-elf/lib -L/home/student/.espressif/tools/xtensa-esp-elf/esp-15.2.0_20251204/xtensa-esp-elf/bin/../xtensa-esp-elf/lib -L/home/student/.espressif/tools/xtensa-esp-elf/esp-15.2.0_20251204/xtensa-esp-elf/bin/../xtensa-esp-elf/usr/lib @/tmp/ccRPj1ZQ -lgcc --start-group -lgcc -lc --end-group -lgcc
/home/student/.espressif/tools/xtensa-esp-elf/esp-15.2.0_20251204/xtensa-esp-elf/bin/../lib/gcc/xtensa-esp-elf/15.2.0/../../../../xtensa-esp-elf/bin/ld: warning: cannot find entry symbol _start; defaulting to 10000000
COLLECT_GCC_OPTIONS='-mdynconfig=xtensa_esp32.so' '-Wno-frame-address' '-mlongcalls' '-fno-builtin-memcpy' '-fno-builtin-memset' '-fno-builtin-bzero' '-specs=/home/student/Desktop/ProjekatDisplej/DisplayAudi/build/specs/picolibc.specs' '-nostartfiles' '-fno-rtti' '-v' '-o' 'cmTC_9975b' '-dumpdir' 'cmTC_9975b.'



Parsed C implicit include dir info from above output: rv=done
  found start of include info
  found start of implicit include info
    add: [/home/student/.espressif/tools/xtensa-esp-elf/esp-15.2.0_20251204/xtensa-esp-elf/bin/../xtensa-esp-elf/../picolibc/include]
    add: [/home/student/.espressif/tools/xtensa-esp-elf/esp-15.2.0_20251204/xtensa-esp-elf/bin/../xtensa-esp-elf/../picolibc/include/../xtensa-esp-elf/include/c++/15.2.0/xtensa-esp-elf/esp32]
    add: [/home/student/.espressif/tools/xtensa-esp-elf/esp-15.2.0_20251204/xtensa-esp-elf/bin/../lib/gcc/xtensa-esp-elf/15.2.0/include]
    add: [/home/student/.espressif/tools/xtensa-esp-elf/esp-15.2.0_20251204/xtensa-esp-elf/bin/../lib/gcc/xtensa-esp-elf/15.2.0/include-fixed]
    add: [/home/student/.espressif/tools/xtensa-esp-elf/esp-15.2.0_20251204/xtensa-esp-elf/bin/../lib/gcc/xtensa-esp-elf/15.2.0/../../../../xtensa-esp-elf/include]
  end of search list found
  collapse include dir [/home/student/.espressif/tools/xtensa-esp-elf/esp-15.2.0_20251204/xtensa-esp-elf/bin/../xtensa-esp-elf/../picolibc/include] ==> [/home/student/.espressif/tools/xtensa-esp-elf/esp-15.2.0_20251204/xtensa-esp-elf/picolibc/include]
  collapse include dir [/home/student/.espressif/tools/xtensa-esp-elf/esp-15.2.0_20251204/xtensa-esp-elf/bin/../xtensa-esp-elf/../picolibc/include/../xtensa-esp-elf/include/c++/15.2.0/xtensa-esp-elf/esp32] ==> [/home/student/.espressif/tools/xtensa-esp-elf/esp-15.2.0_20251204/xtensa-esp-elf/picolibc/xtensa-esp-elf/include/c++/15.2.0/xtensa-esp-elf/esp32]
  collapse include dir [/home/student/.espressif/tools/xtensa-esp-elf/esp-15.2.0_20251204/xtensa-esp-elf/bin/../lib/gcc/xtensa-esp-elf/15.2.0/include] ==> [/home/student/.espressif/tools/xtensa-esp-elf/esp-15.2.0_20251204/xtensa-esp-elf/lib/gcc/xtensa-esp-elf/15.2.0/include]
  collapse include dir [/home/student/.espressif/tools/xtensa-esp-elf/esp-15.2.0_20251204/xtensa-esp-elf/bin/../lib/gcc/xtensa-esp-elf/15.2.0/include-fixed] ==> [/home/student/.espressif/tools/xtensa-esp-elf/esp-15.2.0_20251204/xtensa-esp-elf/lib/gcc/xtensa-esp-elf/15.2.0/include-fixed]
  collapse include dir [/home/student/.espressif/tools/xtensa-esp-elf/esp-15.2.0_20251204/xtensa-esp-elf/bin/../lib/gcc/xtensa-esp-elf/15.2.0/../../../../xtensa-esp-elf/include] ==> [/home/student/.espressif/tools/xtensa-esp-elf/esp-15.2.0_20251204/xtensa-esp-elf/xtensa-esp-elf/include]
  implicit include dirs: [/home/student/.espressif/tools/xtensa-esp-elf/esp-15.2.0_20251204/xtensa-esp-elf/picolibc/include;/home/student/.espressif/tools/xtensa-esp-elf/esp-15.2.0_20251204/xtensa-esp-elf/picolibc/xtensa-esp-elf/include/c++/15.2.0/xtensa-esp-elf/esp32;/home/student/.espressif/tools/xtensa-esp-elf/esp-15.2.0_20251204/xtensa-esp-elf/lib/gcc/xtensa-esp-elf/15.2.0/include;/home/student/.espressif/tools/xtensa-esp-elf/esp-15.2.0_20251204/xtensa-esp-elf/lib/gcc/xtensa-esp-elf/15.2.0/include-fixed;/home/student/.espressif/tools/xtensa-esp-elf/esp-15.2.0_20251204/xtensa-esp-elf/xtensa-esp-elf/include]


Parsed C implicit link information from above output:
  link line regex: [^( *|.*[/\])(xtensa-esp32-elf-ld|CMAKE_LINK_STARTFILE-NOTFOUND|([^/\]+-)?ld|collect2)[^/\]*( |$)]
  ignore line: [Change Dir: /home/student/Desktop/ProjekatDisplej/DisplayAudi/build/CMakeFiles/CMakeTmp]
  ignore line: []
  ignore line: [Run Build Command(s):/usr/bin/ninja cmTC_9975b && [1/2] Building C object CMakeFiles/cmTC_9975b.dir/CMakeCCompilerABI.c.obj]
  ignore line: [Using built-in specs.]
  ignore line: [Reading specs from /home/student/Desktop/ProjekatDisplej/DisplayAudi/build/specs/picolibc.specs]
  ignore line: [rename spec link to picolibc_link]
  ignore line: [rename spec link_libgcc to picolibc_link_libgcc]
  ignore line: [rename spec cpp to picolibc_cpp]
  ignore line: [rename spec cc1 to picolibc_cc1]
  ignore line: [rename spec cc1plus to picolibc_cc1plus]
  ignore line: [COLLECT_GCC=/home/student/.espressif/tools/xtensa-esp-elf/esp-15.2.0_20251204/xtensa-esp-elf/bin/xtensa-esp-elf-gcc]
  ignore line: [Target: xtensa-esp-elf]
  ignore line: [Configured with: /builds/idf/crosstool-NG/.build/xtensa-esp-elf/src/gcc/configure --build=x86_64-build_pc-linux-gnu --host=x86_64-build_pc-linux-gnu --target=xtensa-esp-elf --prefix=/builds/idf/crosstool-NG/builds/xtensa-esp-elf --exec_prefix=/builds/idf/crosstool-NG/builds/xtensa-esp-elf --with-local-prefix=/builds/idf/crosstool-NG/builds/xtensa-esp-elf/xtensa-esp-elf --with-sysroot=/builds/idf/crosstool-NG/builds/xtensa-esp-elf/xtensa-esp-elf --with-native-system-header-dir=/include --with-headers=/builds/idf/crosstool-NG/builds/xtensa-esp-elf/xtensa-esp-elf/include --with-newlib --enable-threads=no --disable-shared --with-pkgversion='crosstool-NG esp-15.2.0_20251204' --disable-__cxa_atexit --enable-cxx-flags='-ffunction-sections -fdata-sections' --disable-libgomp --disable-libmudflap --disable-libmpx --disable-libssp --disable-libquadmath --disable-libquadmath-support --disable-libstdcxx-verbose --with-gmp=/builds/idf/crosstool-NG/.build/xtensa-esp-elf/buildtools --with-mpfr=/builds/idf/crosstool-NG/.build/xtensa-esp-elf/buildtools --with-mpc=/builds/idf/crosstool-NG/.build/xtensa-esp-elf/buildtools --with-isl=/builds/idf/crosstool-NG/.build/xtensa-esp-elf/buildtools --enable-lto --enable-target-optspace --without-long-double-128 --enable-plugin --disable-nls --enable-multiarch --enable-languages=c c++ --disable-libstdcxx-verbose --enable-threads=posix --enable-libstdcxx-time=yes --disable-win32-utf8-manifest]
  ignore line: [Thread model: posix]
  ignore line: [Supported LTO compression algorithms: zlib zstd]
  ignore line: [gcc version 15.2.0 (crosstool-NG esp-15.2.0_20251204) ]
  ignore line: [COLLECT_GCC_OPTIONS='-mdynconfig=xtensa_esp32.so' '-Wno-frame-address' '-mlongcalls' '-fno-builtin-memcpy' '-fno-builtin-memset' '-fno-builtin-bzero' '-specs=/home/student/Desktop/ProjekatDisplej/DisplayAudi/build/specs/picolibc.specs' '-v' '-o' 'CMakeFiles/cmTC_9975b.dir/CMakeCCompilerABI.c.obj' '-c' '-dumpdir' 'CMakeFiles/cmTC_9975b.dir/']
  ignore line: [ /home/student/.espressif/tools/xtensa-esp-elf/esp-15.2.0_20251204/xtensa-esp-elf/bin/../libexec/gcc/xtensa-esp-elf/15.2.0/cc1 -quiet -v -imultilib esp32 -iprefix /home/student/.espressif/tools/xtensa-esp-elf/esp-15.2.0_20251204/xtensa-esp-elf/bin/../lib/gcc/xtensa-esp-elf/15.2.0/ -isysroot /home/student/.espressif/tools/xtensa-esp-elf/esp-15.2.0_20251204/xtensa-esp-elf/bin/../xtensa-esp-elf -isystem /home/student/.espressif/tools/xtensa-esp-elf/esp-15.2.0_20251204/xtensa-esp-elf/bin/../xtensa-esp-elf/../picolibc/include -isystem /home/student/.espressif/tools/xtensa-esp-elf/esp-15.2.0_20251204/xtensa-esp-elf/bin/../xtensa-esp-elf/../picolibc/include/../xtensa-esp-elf/include/c++/15.2.0/xtensa-esp-elf/esp32 /usr/share/cmake-3.22/Modules/CMakeCCompilerABI.c -ftls-model=local-exec -quiet -dumpdir CMakeFiles/cmTC_9975b.dir/ -dumpbase CMakeCCompilerABI.c.c -dumpbase-ext .c -mdynconfig=xtensa_esp32.so -mlongcalls -Wno-frame-address -version -fno-builtin-memcpy -fno-builtin-memset -fno-builtin-bzero -o /tmp/cccAdr9T.s]
  ignore line: [GNU C23 (crosstool-NG esp-15.2.0_20251204) version 15.2.0 (xtensa-esp-elf)]
  ignore line: [	compiled by GNU C version 6.3.0  GMP version 6.3.0  MPFR version 4.2.1  MPC version 1.3.1  isl version isl-0.26-GMP]
  ignore line: []
  ignore line: [GGC heuristics: --param ggc-min-expand=100 --param ggc-min-heapsize=131072]
  ignore line: [ignoring duplicate directory "/home/student/.espressif/tools/xtensa-esp-elf/esp-15.2.0_20251204/xtensa-esp-elf/bin/../lib/gcc/../../lib/gcc/xtensa-esp-elf/15.2.0/include"]
  ignore line: [ignoring nonexistent directory "/home/student/.espressif/tools/xtensa-esp-elf/esp-15.2.0_20251204/xtensa-esp-elf/bin/../xtensa-esp-elf/builds/idf/crosstool-NG/builds/xtensa-esp-elf/xtensa-esp-elf/include"]
  ignore line: [ignoring duplicate directory "/home/student/.espressif/tools/xtensa-esp-elf/esp-15.2.0_20251204/xtensa-esp-elf/bin/../lib/gcc/../../lib/gcc/xtensa-esp-elf/15.2.0/include-fixed"]
  ignore line: [ignoring duplicate directory "/home/student/.espressif/tools/xtensa-esp-elf/esp-15.2.0_20251204/xtensa-esp-elf/bin/../lib/gcc/../../lib/gcc/xtensa-esp-elf/15.2.0/../../../../xtensa-esp-elf/include"]
  ignore line: [ignoring duplicate directory "/home/student/.espressif/tools/xtensa-esp-elf/esp-15.2.0_20251204/xtensa-esp-elf/bin/../xtensa-esp-elf/include"]
  ignore line: [#include "..." search starts here:]
  ignore line: [#include <...> search starts here:]
  ignore line: [ /home/student/.espressif/tools/xtensa-esp-elf/esp-15.2.0_20251204/xtensa-esp-elf/bin/../xtensa-esp-elf/../picolibc/include]
  ignore line: [ /home/student/.espressif/tools/xtensa-esp-elf/esp-15.2.0_20251204/xtensa-esp-elf/bin/../xtensa-esp-elf/../picolibc/include/../xtensa-esp-elf/include/c++/15.2.0/xtensa-esp-elf/esp32]
  ignore line: [ /home/student/.espressif/tools/xtensa-esp-elf/esp-15.2.0_20251204/xtensa-esp-elf/bin/../lib/gcc/xtensa-esp-elf/15.2.0/include]
  ignore line: [ /home/student/.espressif/tools/xtensa-esp-elf/esp-15.2.0_20251204/xtensa-esp-elf/bin/../lib/gcc/xtensa-esp-elf/15.2.0/include-fixed]
  ignore line: [ /home/student/.espressif/tools/xtensa-esp-elf/esp-15.2.0_20251204/xtensa-esp-elf/bin/../lib/gcc/xtensa-esp-elf/15.2.0/../../../../xtensa-esp-elf/include]
  ignore line: [End of search list.]
  ignore line: [Compiler executable checksum: 023236c824ceaa5629805e8d1b1d2049]
  ignore line: [COLLECT_GCC_OPTIONS='-mdynconfig=xtensa_esp32.so' '-Wno-frame-address' '-mlongcalls' '-fno-builtin-memcpy' '-fno-builtin-memset' '-fno-builtin-bzero' '-specs=/home/student/Desktop/ProjekatDisplej/DisplayAudi/build/specs/picolibc.specs' '-v' '-o' 'CMakeFiles/cmTC_9975b.dir/CMakeCCompilerABI.c.obj' '-c' '-dumpdir' 'CMakeFiles/cmTC_9975b.dir/']
  ignore line: [ /home/student/.espressif/tools/xtensa-esp-elf/esp-15.2.0_20251204/xtensa-esp-elf/bin/../lib/gcc/xtensa-esp-elf/15.2.0/../../../../xtensa-esp-elf/bin/as --traditional-format --longcalls --dynconfig=xtensa_esp32.so -o CMakeFiles/cmTC_9975b.dir/CMakeCCompilerABI.c.obj /tmp/cccAdr9T.s]
  ignore line: [COMPILER_PATH=/home/student/.espressif/tools/xtensa-esp-elf/esp-15.2.0_20251204/xtensa-esp-elf/bin/../libexec/gcc/xtensa-esp-elf/15.2.0/:/home/student/.espressif/tools/xtensa-esp-elf/esp-15.2.0_20251204/xtensa-esp-elf/bin/../libexec/gcc/:/home/student/.espressif/tools/xtensa-esp-elf/esp-15.2.0_20251204/xtensa-esp-elf/bin/../lib/gcc/xtensa-esp-elf/15.2.0/../../../../xtensa-esp-elf/bin/]
  ignore line: [LIBRARY_PATH=/home/student/.espressif/tools/xtensa-esp-elf/esp-15.2.0_20251204/xtensa-esp-elf/bin/../lib/gcc/xtensa-esp-elf/15.2.0/esp32/:/home/student/.espressif/tools/xtensa-esp-elf/esp-15.2.0_20251204/xtensa-esp-elf/bin/../lib/gcc/xtensa-esp-elf/15.2.0/../../../../xtensa-esp-elf/lib/esp32/:/home/student/.espressif/tools/xtensa-esp-elf/esp-15.2.0_20251204/xtensa-esp-elf/bin/../xtensa-esp-elf/lib/esp32/:/home/student/.espressif/tools/xtensa-esp-elf/esp-15.2.0_20251204/xtensa-esp-elf/bin/../lib/gcc/xtensa-esp-elf/15.2.0/:/home/student/.espressif/tools/xtensa-esp-elf/esp-15.2.0_20251204/xtensa-esp-elf/bin/../lib/gcc/:/home/student/.espressif/tools/xtensa-esp-elf/esp-15.2.0_20251204/xtensa-esp-elf/bin/../lib/gcc/xtensa-esp-elf/15.2.0/../../../../xtensa-esp-elf/lib/:/home/student/.espressif/tools/xtensa-esp-elf/esp-15.2.0_20251204/xtensa-esp-elf/bin/../xtensa-esp-elf/lib/:/home/student/.espressif/tools/xtensa-esp-elf/esp-15.2.0_20251204/xtensa-esp-elf/bin/../xtensa-esp-elf/usr/lib/]
  ignore line: [COLLECT_GCC_OPTIONS='-mdynconfig=xtensa_esp32.so' '-Wno-frame-address' '-mlongcalls' '-fno-builtin-memcpy' '-fno-builtin-memset' '-fno-builtin-bzero' '-specs=/home/student/Desktop/ProjekatDisplej/DisplayAudi/build/specs/picolibc.specs' '-v' '-o' 'CMakeFiles/cmTC_9975b.dir/CMakeCCompilerABI.c.obj' '-c' '-dumpdir' 'CMakeFiles/cmTC_9975b.dir/CMakeCCompilerABI.c.']
  ignore line: [[2/2] Linking C executable cmTC_9975b]
  ignore line: [Using built-in specs.]
  ignore line: [Reading specs from /home/student/Desktop/ProjekatDisplej/DisplayAudi/build/specs/picolibc.specs]
  ignore line: [rename spec link to picolibc_link]
  ignore line: [rename spec link_libgcc to picolibc_link_libgcc]
  ignore line: [rename spec cpp to picolibc_cpp]
  ignore line: [rename spec cc1 to picolibc_cc1]
  ignore line: [rename spec cc1plus to picolibc_cc1plus]
  ignore line: [COLLECT_GCC=/home/student/.espressif/tools/xtensa-esp-elf/esp-15.2.0_20251204/xtensa-esp-elf/bin/xtensa-esp-elf-gcc]
  ignore line: [COLLECT_LTO_WRAPPER=/home/student/.espressif/tools/xtensa-esp-elf/esp-15.2.0_20251204/xtensa-esp-elf/bin/../libexec/gcc/xtensa-esp-elf/15.2.0/lto-wrapper]
  ignore line: [Target: xtensa-esp-elf]
  ignore line: [Configured with: /builds/idf/crosstool-NG/.build/xtensa-esp-elf/src/gcc/configure --build=x86_64-build_pc-linux-gnu --host=x86_64-build_pc-linux-gnu --target=xtensa-esp-elf --prefix=/builds/idf/crosstool-NG/builds/xtensa-esp-elf --exec_prefix=/builds/idf/crosstool-NG/builds/xtensa-esp-elf --with-local-prefix=/builds/idf/crosstool-NG/builds/xtensa-esp-elf/xtensa-esp-elf --with-sysroot=/builds/idf/crosstool-NG/builds/xtensa-esp-elf/xtensa-esp-elf --with-native-system-header-dir=/include --with-headers=/builds/idf/crosstool-NG/builds/xtensa-esp-elf/xtensa-esp-elf/include --with-newlib --enable-threads=no --disable-shared --with-pkgversion='crosstool-NG esp-15.2.0_20251204' --disable-__cxa_atexit --enable-cxx-flags='-ffunction-sections -fdata-sections' --disable-libgomp --disable-libmudflap --disable-libmpx --disable-libssp --disable-libquadmath --disable-libquadmath-support --disable-libstdcxx-verbose --with-gmp=/builds/idf/crosstool-NG/.build/xtensa-esp-elf/buildtools --with-mpfr=/builds/idf/crosstool-NG/.build/xtensa-esp-elf/buildtools --with-mpc=/builds/idf/crosstool-NG/.build/xtensa-esp-elf/buildtools --with-isl=/builds/idf/crosstool-NG/.build/xtensa-esp-elf/buildtools --enable-lto --enable-target-optspace --without-long-double-128 --enable-plugin --disable-nls --enable-multiarch --enable-languages=c c++ --disable-libstdcxx-verbose --enable-threads=posix --enable-libstdcxx-time=yes --disable-win32-utf8-manifest]
  ignore line: [Thread model: posix]
  ignore line: [Supported LTO compression algorithms: zlib zstd]
  ignore line: [gcc version 15.2.0 (crosstool-NG esp-15.2.0_20251204) ]
  ignore line: [COMPILER_PATH=/home/student/.espressif/tools/xtensa-esp-elf/esp-15.2.0_20251204/xtensa-esp-elf/bin/../libexec/gcc/xtensa-esp-elf/15.2.0/:/home/student/.espressif/tools/xtensa-esp-elf/esp-15.2.0_20251204/xtensa-esp-elf/bin/../libexec/gcc/:/home/student/.espressif/tools/xtensa-esp-elf/esp-15.2.0_20251204/xtensa-esp-elf/bin/../lib/gcc/xtensa-esp-elf/15.2.0/../../../../xtensa-esp-elf/bin/]
  ignore line: [LIBRARY_PATH=/home/student/.espressif/tools/xtensa-esp-elf/esp-15.2.0_20251204/xtensa-esp-elf/bin/../lib/gcc/xtensa-esp-elf/15.2.0/esp32/no-rtti/:/home/student/.espressif/tools/xtensa-esp-elf/esp-15.2.0_20251204/xtensa-esp-elf/bin/../lib/gcc/xtensa-esp-elf/15.2.0/../../../../xtensa-esp-elf/lib/esp32/no-rtti/:/home/student/.espressif/tools/xtensa-esp-elf/esp-15.2.0_20251204/xtensa-esp-elf/bin/../xtensa-esp-elf/lib/esp32/no-rtti/:/home/student/.espressif/tools/xtensa-esp-elf/esp-15.2.0_20251204/xtensa-esp-elf/bin/../lib/gcc/xtensa-esp-elf/15.2.0/:/home/student/.espressif/tools/xtensa-esp-elf/esp-15.2.0_20251204/xtensa-esp-elf/bin/../lib/gcc/:/home/student/.espressif/tools/xtensa-esp-elf/esp-15.2.0_20251204/xtensa-esp-elf/bin/../lib/gcc/xtensa-esp-elf/15.2.0/../../../../xtensa-esp-elf/lib/:/home/student/.espressif/tools/xtensa-esp-elf/esp-15.2.0_20251204/xtensa-esp-elf/bin/../xtensa-esp-elf/lib/:/home/student/.espressif/tools/xtensa-esp-elf/esp-15.2.0_20251204/xtensa-esp-elf/bin/../xtensa-esp-elf/usr/lib/]
  ignore line: [COLLECT_GCC_OPTIONS='-mdynconfig=xtensa_esp32.so' '-Wno-frame-address' '-mlongcalls' '-fno-builtin-memcpy' '-fno-builtin-memset' '-fno-builtin-bzero' '-specs=/home/student/Desktop/ProjekatDisplej/DisplayAudi/build/specs/picolibc.specs' '-nostartfiles' '-fno-rtti' '-v' '-o' 'cmTC_9975b' '-dumpdir' 'cmTC_9975b.']
  link line: [ /home/student/.espressif/tools/xtensa-esp-elf/esp-15.2.0_20251204/xtensa-esp-elf/bin/../libexec/gcc/xtensa-esp-elf/15.2.0/collect2 -plugin /home/student/.espressif/tools/xtensa-esp-elf/esp-15.2.0_20251204/xtensa-esp-elf/bin/../libexec/gcc/xtensa-esp-elf/15.2.0/liblto_plugin.so -plugin-opt=/home/student/.espressif/tools/xtensa-esp-elf/esp-15.2.0_20251204/xtensa-esp-elf/bin/../libexec/gcc/xtensa-esp-elf/15.2.0/lto-wrapper -plugin-opt=-fresolution=/tmp/cc0h6w7P.res -plugin-opt=-pass-through=-lgcc -plugin-opt=-pass-through=-lgcc -plugin-opt=-pass-through=-lc -plugin-opt=-pass-through=-lgcc -L/home/student/.espressif/tools/xtensa-esp-elf/esp-15.2.0_20251204/xtensa-esp-elf/bin/../xtensa-esp-elf/../picolibc/xtensa-esp-elf/lib/esp32/no-rtti -L/home/student/.espressif/tools/xtensa-esp-elf/esp-15.2.0_20251204/xtensa-esp-elf/bin/../xtensa-esp-elf/../picolibc/xtensa-esp-elf/lib -Tpicolibc.ld --sysroot=/home/student/.espressif/tools/xtensa-esp-elf/esp-15.2.0_20251204/xtensa-esp-elf/bin/../xtensa-esp-elf --dynconfig=xtensa_esp32.so -o cmTC_9975b -L/home/student/.espressif/tools/xtensa-esp-elf/esp-15.2.0_20251204/xtensa-esp-elf/bin/../xtensa-esp-elf/../picolibc/lib/gcc/xtensa-esp-elf/15.2.0/esp32/no-rtti -L/home/student/.espressif/tools/xtensa-esp-elf/esp-15.2.0_20251204/xtensa-esp-elf/bin/../xtensa-esp-elf/../picolibc/lib/gcc/xtensa-esp-elf/15.2.0 -L/home/student/.espressif/tools/xtensa-esp-elf/esp-15.2.0_20251204/xtensa-esp-elf/bin/../lib/gcc/xtensa-esp-elf/15.2.0/esp32/no-rtti -L/home/student/.espressif/tools/xtensa-esp-elf/esp-15.2.0_20251204/xtensa-esp-elf/bin/../lib/gcc/xtensa-esp-elf/15.2.0/../../../../xtensa-esp-elf/lib/esp32/no-rtti -L/home/student/.espressif/tools/xtensa-esp-elf/esp-15.2.0_20251204/xtensa-esp-elf/bin/../xtensa-esp-elf/lib/esp32/no-rtti -L/home/student/.espressif/tools/xtensa-esp-elf/esp-15.2.0_20251204/xtensa-esp-elf/bin/../lib/gcc/xtensa-esp-elf/15.2.0 -L/home/student/.espressif/tools/xtensa-esp-elf/esp-15.2.0_20251204/xtensa-esp-elf/bin/../lib/gcc -L/home/student/.espressif/tools/xtensa-esp-elf/esp-15.2.0_20251204/xtensa-esp-elf/bin/../lib/gcc/xtensa-esp-elf/15.2.0/../../../../xtensa-esp-elf/lib -L/home/student/.espressif/tools/xtensa-esp-elf/esp-15.2.0_20251204/xtensa-esp-elf/bin/../xtensa-esp-elf/lib -L/home/student/.espressif/tools/xtensa-esp-elf/esp-15.2.0_20251204/xtensa-esp-elf/bin/../xtensa-esp-elf/usr/lib @/tmp/ccRPj1ZQ -lgcc --start-group -lgcc -lc --end-group -lgcc]
    arg [/home/student/.espressif/tools/xtensa-esp-elf/esp-15.2.0_20251204/xtensa-esp-elf/bin/../libexec/gcc/xtensa-esp-elf/15.2.0/collect2] ==> ignore
    arg [-plugin] ==> ignore
    arg [/home/student/.espressif/tools/xtensa-esp-elf/esp-15.2.0_20251204/xtensa-esp-elf/bin/../libexec/gcc/xtensa-esp-elf/15.2.0/liblto_plugin.so] ==> ignore
    arg [-plugin-opt=/home/student/.espressif/tools/xtensa-esp-elf/esp-15.2.0_20251204/xtensa-esp-elf/bin/../libexec/gcc/xtensa-esp-elf/15.2.0/lto-wrapper] ==> ignore
    arg [-plugin-opt=-fresolution=/tmp/cc0h6w7P.res] ==> ignore
    arg [-plugin-opt=-pass-through=-lgcc] ==> ignore
    arg [-plugin-opt=-pass-through=-lgcc] ==> ignore
    arg [-plugin-opt=-pass-through=-lc] ==> ignore
    arg [-plugin-opt=-pass-through=-lgcc] ==> ignore
    arg [-L/home/student/.espressif/tools/xtensa-esp-elf/esp-15.2.0_20251204/xtensa-esp-elf/bin/../xtensa-esp-elf/../picolibc/xtensa-esp-elf/lib/esp32/no-rtti] ==> dir [/home/student/.espressif/tools/xtensa-esp-elf/esp-15.2.0_20251204/xtensa-esp-elf/bin/../xtensa-esp-elf/../picolibc/xtensa-esp-elf/lib/esp32/no-rtti]
    arg [-L/home/student/.espressif/tools/xtensa-esp-elf/esp-15.2.0_20251204/xtensa-esp-elf/bin/../xtensa-esp-elf/../picolibc/xtensa-esp-elf/lib] ==> dir [/home/student/.espressif/tools/xtensa-esp-elf/esp-15.2.0_20251204/xtensa-esp-elf/bin/../xtensa-esp-elf/../picolibc/xtensa-esp-elf/lib]
    arg [-Tpicolibc.ld] ==> ignore
    arg [--sysroot=/home/student/.espressif/tools/xtensa-esp-elf/esp-15.2.0_20251204/xtensa-esp-elf/bin/../xtensa-esp-elf] ==> ignore
    arg [--dynconfig=xtensa_esp32.so] ==> ignore
    arg [-o] ==> ignore
    arg [cmTC_9975b] ==> ignore
    arg [-L/home/student/.espressif/tools/xtensa-esp-elf/esp-15.2.0_20251204/xtensa-esp-elf/bin/../xtensa-esp-elf/../picolibc/lib/gcc/xtensa-esp-elf/15.2.0/esp32/no-rtti] ==> dir [/home/student/.espressif/tools/xtensa-esp-elf/esp-15.2.0_20251204/xtensa-esp-elf/bin/../xtensa-esp-elf/../picolibc/lib/gcc/xtensa-esp-elf/15.2.0/esp32/no-rtti]
    arg [-L/home/student/.espressif/tools/xtensa-esp-elf/esp-15.2.0_20251204/xtensa-esp-elf/bin/../xtensa-esp-elf/../picolibc/lib/gcc/xtensa-esp-elf/15.2.0] ==> dir [/home/student/.espressif/tools/xtensa-esp-elf/esp-15.2.0_20251204/xtensa-esp-elf/bin/../xtensa-esp-elf/../picolibc/lib/gcc/xtensa-esp-elf/15.2.0]
    arg [-L/home/student/.espressif/tools/xtensa-esp-elf/esp-15.2.0_20251204/xtensa-esp-elf/bin/../lib/gcc/xtensa-esp-elf/15.2.0/esp32/no-rtti] ==> dir [/home/student/.espressif/tools/xtensa-esp-elf/esp-15.2.0_20251204/xtensa-esp-elf/bin/../lib/gcc/xtensa-esp-elf/15.2.0/esp32/no-rtti]
    arg [-L/home/student/.espressif/tools/xtensa-esp-elf/esp-15.2.0_20251204/xtensa-esp-elf/bin/../lib/gcc/xtensa-esp-elf/15.2.0/../../../../xtensa-esp-elf/lib/esp32/no-rtti] ==> dir [/home/student/.espressif/tools/xtensa-esp-elf/esp-15.2.0_20251204/xtensa-esp-elf/bin/../lib/gcc/xtensa-esp-elf/15.2.0/../../../../xtensa-esp-elf/lib/esp32/no-rtti]
    arg [-L/home/student/.espressif/tools/xtensa-esp-elf/esp-15.2.0_20251204/xtensa-esp-elf/bin/../xtensa-esp-elf/lib/esp32/no-rtti] ==> dir [/home/student/.espressif/tools/xtensa-esp-elf/esp-15.2.0_20251204/xtensa-esp-elf/bin/../xtensa-esp-elf/lib/esp32/no-rtti]
    arg [-L/home/student/.espressif/tools/xtensa-esp-elf/esp-15.2.0_20251204/xtensa-esp-elf/bin/../lib/gcc/xtensa-esp-elf/15.2.0] ==> dir [/home/student/.espressif/tools/xtensa-esp-elf/esp-15.2.0_20251204/xtensa-esp-elf/bin/../lib/gcc/xtensa-esp-elf/15.2.0]
    arg [-L/home/student/.espressif/tools/xtensa-esp-elf/esp-15.2.0_20251204/xtensa-esp-elf/bin/../lib/gcc] ==> dir [/home/student/.espressif/tools/xtensa-esp-elf/esp-15.2.0_20251204/xtensa-esp-elf/bin/../lib/gcc]
    arg [-L/home/student/.espressif/tools/xtensa-esp-elf/esp-15.2.0_20251204/xtensa-esp-elf/bin/../lib/gcc/xtensa-esp-elf/15.2.0/../../../../xtensa-esp-elf/lib] ==> dir [/home/student/.espressif/tools/xtensa-esp-elf/esp-15.2.0_20251204/xtensa-esp-elf/bin/../lib/gcc/xtensa-esp-elf/15.2.0/../../../../xtensa-esp-elf/lib]
    arg [-L/home/student/.espressif/tools/xtensa-esp-elf/esp-15.2.0_20251204/xtensa-esp-elf/bin/../xtensa-esp-elf/lib] ==> dir [/home/student/.espressif/tools/xtensa-esp-elf/esp-15.2.0_20251204/xtensa-esp-elf/bin/../xtensa-esp-elf/lib]
    arg [-L/home/student/.espressif/tools/xtensa-esp-elf/esp-15.2.0_20251204/xtensa-esp-elf/bin/../xtensa-esp-elf/usr/lib] ==> dir [/home/student/.espressif/tools/xtensa-esp-elf/esp-15.2.0_20251204/xtensa-esp-elf/bin/../xtensa-esp-elf/usr/lib]
    arg [@/tmp/ccRPj1ZQ] ==> ignore
    arg [-lgcc] ==> lib [gcc]
    arg [--start-group] ==> ignore
    arg [-lgcc] ==> lib [gcc]
    arg [-lc] ==> lib [c]
    arg [--end-group] ==> ignore
    arg [-lgcc] ==> lib [gcc]
  collapse library dir [/home/student/.espressif/tools/xtensa-esp-elf/esp-15.2.0_20251204/xtensa-esp-elf/bin/../xtensa-esp-elf/../picolibc/xtensa-esp-elf/lib/esp32/no-rtti] ==> [/home/student/.espressif/tools/xtensa-esp-elf/esp-15.2.0_20251204/xtensa-esp-elf/picolibc/xtensa-esp-elf/lib/esp32/no-rtti]
  collapse library dir [/home/student/.espressif/tools/xtensa-esp-elf/esp-15.2.0_20251204/xtensa-esp-elf/bin/../xtensa-esp-elf/../picolibc/xtensa-esp-elf/lib] ==> [/home/student/.espressif/tools/xtensa-esp-elf/esp-15.2.0_20251204/xtensa-esp-elf/picolibc/xtensa-esp-elf/lib]
  collapse library dir [/home/student/.espressif/tools/xtensa-esp-elf/esp-15.2.0_20251204/xtensa-esp-elf/bin/../xtensa-esp-elf/../picolibc/lib/gcc/xtensa-esp-elf/15.2.0/esp32/no-rtti] ==> [/home/student/.espressif/tools/xtensa-esp-elf/esp-15.2.0_20251204/xtensa-esp-elf/picolibc/lib/gcc/xtensa-esp-elf/15.2.0/esp32/no-rtti]
  collapse library dir [/home/student/.espressif/tools/xtensa-esp-elf/esp-15.2.0_20251204/xtensa-esp-elf/bin/../xtensa-esp-elf/../picolibc/lib/gcc/xtensa-esp-elf/15.2.0] ==> [/home/student/.espressif/tools/xtensa-esp-elf/esp-15.2.0_20251204/xtensa-esp-elf/picolibc/lib/gcc/xtensa-esp-elf/15.2.0]
  collapse library dir [/home/student/.espressif/tools/xtensa-esp-elf/esp-15.2.0_20251204/xtensa-esp-elf/bin/../lib/gcc/xtensa-esp-elf/15.2.0/esp32/no-rtti] ==> [/home/student/.espressif/tools/xtensa-esp-elf/esp-15.2.0_20251204/xtensa-esp-elf/lib/gcc/xtensa-esp-elf/15.2.0/esp32/no-rtti]
  collapse library dir [/home/student/.espressif/tools/xtensa-esp-elf/esp-15.2.0_20251204/xtensa-esp-elf/bin/../lib/gcc/xtensa-esp-elf/15.2.0/../../../../xtensa-esp-elf/lib/esp32/no-rtti] ==> [/home/student/.espressif/tools/xtensa-esp-elf/esp-15.2.0_20251204/xtensa-esp-elf/xtensa-esp-elf/lib/esp32/no-rtti]
  collapse library dir [/home/student/.espressif/tools/xtensa-esp-elf/esp-15.2.0_20251204/xtensa-esp-elf/bin/../xtensa-esp-elf/lib/esp32/no-rtti] ==> [/home/student/.espressif/tools/xtensa-esp-elf/esp-15.2.0_20251204/xtensa-esp-elf/xtensa-esp-elf/lib/esp32/no-rtti]
  collapse library dir [/home/student/.espressif/tools/xtensa-esp-elf/esp-15.2.0_20251204/xtensa-esp-elf/bin/../lib/gcc/xtensa-esp-elf/15.2.0] ==> [/home/student/.espressif/tools/xtensa-esp-elf/esp-15.2.0_20251204/xtensa-esp-elf/lib/gcc/xtensa-esp-elf/15.2.0]
  collapse library dir [/home/student/.espressif/tools/xtensa-esp-elf/esp-15.2.0_20251204/xtensa-esp-elf/bin/../lib/gcc] ==> [/home/student/.espressif/tools/xtensa-esp-elf/esp-15.2.0_20251204/xtensa-esp-elf/lib/gcc]
  collapse library dir [/home/student/.espressif/tools/xtensa-esp-elf/esp-15.2.0_20251204/xtensa-esp-elf/bin/../lib/gcc/xtensa-esp-elf/15.2.0/../../../../xtensa-esp-elf/lib] ==> [/home/student/.espressif/tools/xtensa-esp-elf/esp-15.2.0_20251204/xtensa-esp-elf/xtensa-esp-elf/lib]
  collapse library dir [/home/student/.espressif/tools/xtensa-esp-elf/esp-15.2.0_20251204/xtensa-esp-elf/bin/../xtensa-esp-elf/lib] ==> [/home/student/.espressif/tools/xtensa-esp-elf/esp-15.2.0_20251204/xtensa-esp-elf/xtensa-esp-elf/lib]
  collapse library dir [/home/student/.espressif/tools/xtensa-esp-elf/esp-15.2.0_20251204/xtensa-esp-elf/bin/../xtensa-esp-elf/usr/lib] ==> [/home/student/.espressif/tools/xtensa-esp-elf/esp-15.2.0_20251204/xtensa-esp-elf/xtensa-esp-elf/usr/lib]
  implicit libs: [gcc;gcc;c;gcc]
  implicit objs: []
  implicit dirs: [/home/student/.espressif/tools/xtensa-esp-elf/esp-15.2.0_20251204/xtensa-esp-elf/picolibc/xtensa-esp-elf/lib/esp32/no-rtti;/home/student/.espressif/tools/xtensa-esp-elf/esp-15.2.0_20251204/xtensa-esp-elf/picolibc/xtensa-esp-elf/lib;/home/student/.espressif/tools/xtensa-esp-elf/esp-15.2.0_20251204/xtensa-esp-elf/picolibc/lib/gcc/xtensa-esp-elf/15.2.0/esp32/no-rtti;/home/student/.espressif/tools/xtensa-esp-elf/esp-15.2.0_20251204/xtensa-esp-elf/picolibc/lib/gcc/xtensa-esp-elf/15.2.0;/home/student/.espressif/tools/xtensa-esp-elf/esp-15.2.0_20251204/xtensa-esp-elf/lib/gcc/xtensa-esp-elf/15.2.0/esp32/no-rtti;/home/student/.espressif/tools/xtensa-esp-elf/esp-15.2.0_20251204/xtensa-esp-elf/xtensa-esp-elf/lib/esp32/no-rtti;/home/student/.espressif/tools/xtensa-esp-elf/esp-15.2.0_20251204/xtensa-esp-elf/lib/gcc/xtensa-esp-elf/15.2.0;/home/student/.espressif/tools/xtensa-esp-elf/esp-15.2.0_20251204/xtensa-esp-elf/lib/gcc;/home/student/.espressif/tools/xtensa-esp-elf/esp-15.2.0_20251204/xtensa-esp-elf/xtensa-esp-elf/lib;/home/student/.espressif/tools/xtensa-esp-elf/esp-15.2.0_20251204/xtensa-esp-elf/xtensa-esp-elf/usr/lib]
  implicit fwks: []


Detecting CXX compiler ABI info compiled with the following output:
Change Dir: /home/student/Desktop/ProjekatDisplej/DisplayAudi/build/CMakeFiles/CMakeTmp

Run Build Command(s):/usr/bin/ninja cmTC_d57dd && [1/2] Building CXX object CMakeFiles/cmTC_d57dd.dir/CMakeCXXCompilerABI.cpp.obj
Using built-in specs.
Reading specs from /home/student/Desktop/ProjekatDisplej/DisplayAudi/build/specs/picolibc.specs
rename spec link to picolibc_link
rename spec link_libgcc to picolibc_link_libgcc
rename spec cpp to picolibc_cpp
rename spec cc1 to picolibc_cc1
rename spec cc1plus to picolibc_cc1plus
COLLECT_GCC=/home/student/.espressif/tools/xtensa-esp-elf/esp-15.2.0_20251204/xtensa-esp-elf/bin/xtensa-esp-elf-g++
Target: xtensa-esp-elf
Configured with: /builds/idf/crosstool-NG/.build/xtensa-esp-elf/src/gcc/configure --build=x86_64-build_pc-linux-gnu --host=x86_64-build_pc-linux-gnu --target=xtensa-esp-elf --prefix=/builds/idf/crosstool-NG/builds/xtensa-esp-elf --exec_prefix=/builds/idf/crosstool-NG/builds/xtensa-esp-elf --with-local-prefix=/builds/idf/crosstool-NG/builds/xtensa-esp-elf/xtensa-esp-elf --with-sysroot=/builds/idf/crosstool-NG/builds/xtensa-esp-elf/xtensa-esp-elf --with-native-system-header-dir=/include --with-headers=/builds/idf/crosstool-NG/builds/xtensa-esp-elf/xtensa-esp-elf/include --with-newlib --enable-threads=no --disable-shared --with-pkgversion='crosstool-NG esp-15.2.0_20251204' --disable-__cxa_atexit --enable-cxx-flags='-ffunction-sections -fdata-sections' --disable-libgomp --disable-libmudflap --disable-libmpx --disable-libssp --disable-libquadmath --disable-libquadmath-support --disable-libstdcxx-verbose --with-gmp=/builds/idf/crosstool-NG/.build/xtensa-esp-elf/buildtools --with-mpfr=/builds/idf/crosstool-NG/.build/xtensa-esp-elf/buildtools --with-mpc=/builds/idf/crosstool-NG/.build/xtensa-esp-elf/buildtools --with-isl=/builds/idf/crosstool-NG/.build/xtensa-esp-elf/buildtools --enable-lto --enable-target-optspace --without-long-double-128 --enable-plugin --disable-nls --enable-multiarch --enable-languages=c,c++ --disable-libstdcxx-verbose --enable-threads=posix --enable-libstdcxx-time=yes --disable-win32-utf8-manifest
Thread model: posix
Supported LTO compression algorithms: zlib zstd
gcc version 15.2.0 (crosstool-NG esp-15.2.0_20251204) 
COLLECT_GCC_OPTIONS='-mdynconfig=xtensa_esp32.so' '-Wno-frame-address' '-mlongcalls' '-fno-builtin-memcpy' '-fno-builtin-memset' '-fno-builtin-bzero' '-specs=/home/student/Desktop/ProjekatDisplej/DisplayAudi/build/specs/picolibc.specs' '-fno-rtti' '-v' '-o' 'CMakeFiles/cmTC_d57dd.dir/CMakeCXXCompilerABI.cpp.obj' '-c' '-dumpdir' 'CMakeFiles/cmTC_d57dd.dir/'
 /home/student/.espressif/tools/xtensa-esp-elf/esp-15.2.0_20251204/xtensa-esp-elf/bin/../libexec/gcc/xtensa-esp-elf/15.2.0/cc1plus -quiet -v -imultilib esp32/no-rtti -iprefix /home/student/.espressif/tools/xtensa-esp-elf/esp-15.2.0_20251204/xtensa-esp-elf/bin/../lib/gcc/xtensa-esp-elf/15.2.0/ -isysroot /home/student/.espressif/tools/xtensa-esp-elf/esp-15.2.0_20251204/xtensa-esp-elf/bin/../xtensa-esp-elf /usr/share/cmake-3.22/Modules/CMakeCXXCompilerABI.cpp -ftls-model=local-exec -quiet -dumpdir CMakeFiles/cmTC_d57dd.dir/ -dumpbase CMakeCXXCompilerABI.cpp.cpp -dumpbase-ext .cpp -mdynconfig=xtensa_esp32.so -mlongcalls -Wno-frame-address -version -fno-builtin-memcpy -fno-builtin-memset -fno-builtin-bzero -fno-rtti -isystem /home/student/.espressif/tools/xtensa-esp-elf/esp-15.2.0_20251204/xtensa-esp-elf/bin/../xtensa-esp-elf/../picolibc/include -isystem /home/student/.espressif/tools/xtensa-esp-elf/esp-15.2.0_20251204/xtensa-esp-elf/bin/../xtensa-esp-elf/../picolibc/include/../xtensa-esp-elf/include/c++/15.2.0/xtensa-esp-elf/esp32/no-rtti -ftls-model=local-exec -o /tmp/cc8CJ7yZ.s
GNU C++17 (crosstool-NG esp-15.2.0_20251204) version 15.2.0 (xtensa-esp-elf)
	compiled by GNU C version 6.3.0, GMP version 6.3.0, MPFR version 4.2.1, MPC version 1.3.1, isl version isl-0.26-GMP

GGC heuristics: --param ggc-min-expand=100 --param ggc-min-heapsize=131072
ignoring duplicate directory "/home/student/.espressif/tools/xtensa-esp-elf/esp-15.2.0_20251204/xtensa-esp-elf/bin/../lib/gcc/../../lib/gcc/xtensa-esp-elf/15.2.0/../../../../xtensa-esp-elf/include/c++/15.2.0"
ignoring duplicate directory "/home/student/.espressif/tools/xtensa-esp-elf/esp-15.2.0_20251204/xtensa-esp-elf/bin/../lib/gcc/../../lib/gcc/xtensa-esp-elf/15.2.0/../../../../xtensa-esp-elf/include/c++/15.2.0/xtensa-esp-elf/esp32/no-rtti"
ignoring duplicate directory "/home/student/.espressif/tools/xtensa-esp-elf/esp-15.2.0_20251204/xtensa-esp-elf/bin/../lib/gcc/../../lib/gcc/xtensa-esp-elf/15.2.0/../../../../xtensa-esp-elf/include/c++/15.2.0/backward"
ignoring duplicate directory "/home/student/.espressif/tools/xtensa-esp-elf/esp-15.2.0_20251204/xtensa-esp-elf/bin/../lib/gcc/../../lib/gcc/xtensa-esp-elf/15.2.0/include"
ignoring nonexistent directory "/home/student/.espressif/tools/xtensa-esp-elf/esp-15.2.0_20251204/xtensa-esp-elf/bin/../xtensa-esp-elf/builds/idf/crosstool-NG/builds/xtensa-esp-elf/xtensa-esp-elf/include"
ignoring duplicate directory "/home/student/.espressif/tools/xtensa-esp-elf/esp-15.2.0_20251204/xtensa-esp-elf/bin/../lib/gcc/../../lib/gcc/xtensa-esp-elf/15.2.0/include-fixed"
ignoring duplicate directory "/home/student/.espressif/tools/xtensa-esp-elf/esp-15.2.0_20251204/xtensa-esp-elf/bin/../lib/gcc/../../lib/gcc/xtensa-esp-elf/15.2.0/../../../../xtensa-esp-elf/include"
ignoring duplicate directory "/home/student/.espressif/tools/xtensa-esp-elf/esp-15.2.0_20251204/xtensa-esp-elf/bin/../xtensa-esp-elf/include"
#include "..." search starts here:
#include <...> search starts here:
 /home/student/.espressif/tools/xtensa-esp-elf/esp-15.2.0_20251204/xtensa-esp-elf/bin/../xtensa-esp-elf/../picolibc/include
 /home/student/.espressif/tools/xtensa-esp-elf/esp-15.2.0_20251204/xtensa-esp-elf/bin/../xtensa-esp-elf/../picolibc/include/../xtensa-esp-elf/include/c++/15.2.0/xtensa-esp-elf/esp32/no-rtti
 /home/student/.espressif/tools/xtensa-esp-elf/esp-15.2.0_20251204/xtensa-esp-elf/bin/../lib/gcc/xtensa-esp-elf/15.2.0/../../../../xtensa-esp-elf/include/c++/15.2.0
 /home/student/.espressif/tools/xtensa-esp-elf/esp-15.2.0_20251204/xtensa-esp-elf/bin/../lib/gcc/xtensa-esp-elf/15.2.0/../../../../xtensa-esp-elf/include/c++/15.2.0/xtensa-esp-elf/esp32/no-rtti
 /home/student/.espressif/tools/xtensa-esp-elf/esp-15.2.0_20251204/xtensa-esp-elf/bin/../lib/gcc/xtensa-esp-elf/15.2.0/../../../../xtensa-esp-elf/include/c++/15.2.0/backward
 /home/student/.espressif/tools/xtensa-esp-elf/esp-15.2.0_20251204/xtensa-esp-elf/bin/../lib/gcc/xtensa-esp-elf/15.2.0/include
 /home/student/.espressif/tools/xtensa-esp-elf/esp-15.2.0_20251204/xtensa-esp-elf/bin/../lib/gcc/xtensa-esp-elf/15.2.0/include-fixed
 /home/student/.espressif/tools/xtensa-esp-elf/esp-15.2.0_20251204/xtensa-esp-elf/bin/../lib/gcc/xtensa-esp-elf/15.2.0/../../../../xtensa-esp-elf/include
End of search list.
Compiler executable checksum: ddaf5163ec1d262ade9e7a5c85eeee1b
COLLECT_GCC_OPTIONS='-mdynconfig=xtensa_esp32.so' '-Wno-frame-address' '-mlongcalls' '-fno-builtin-memcpy' '-fno-builtin-memset' '-fno-builtin-bzero' '-specs=/home/student/Desktop/ProjekatDisplej/DisplayAudi/build/specs/picolibc.specs' '-fno-rtti' '-v' '-o' 'CMakeFiles/cmTC_d57dd.dir/CMakeCXXCompilerABI.cpp.obj' '-c' '-dumpdir' 'CMakeFiles/cmTC_d57dd.dir/'
 /home/student/.espressif/tools/xtensa-esp-elf/esp-15.2.0_20251204/xtensa-esp-elf/bin/../lib/gcc/xtensa-esp-elf/15.2.0/../../../../xtensa-esp-elf/bin/as --traditional-format --longcalls --dynconfig=xtensa_esp32.so -o CMakeFiles/cmTC_d57dd.dir/CMakeCXXCompilerABI.cpp.obj /tmp/cc8CJ7yZ.s
COMPILER_PATH=/home/student/.espressif/tools/xtensa-esp-elf/esp-15.2.0_20251204/xtensa-esp-elf/bin/../libexec/gcc/xtensa-esp-elf/15.2.0/:/home/student/.espressif/tools/xtensa-esp-elf/esp-15.2.0_20251204/xtensa-esp-elf/bin/../libexec/gcc/:/home/student/.espressif/tools/xtensa-esp-elf/esp-15.2.0_20251204/xtensa-esp-elf/bin/../lib/gcc/xtensa-esp-elf/15.2.0/../../../../xtensa-esp-elf/bin/
LIBRARY_PATH=/home/student/.espressif/tools/xtensa-esp-elf/esp-15.2.0_20251204/xtensa-esp-elf/bin/../lib/gcc/xtensa-esp-elf/15.2.0/esp32/no-rtti/:/home/student/.espressif/tools/xtensa-esp-elf/esp-15.2.0_20251204/xtensa-esp-elf/bin/../lib/gcc/xtensa-esp-elf/15.2.0/../../../../xtensa-esp-elf/lib/esp32/no-rtti/:/home/student/.espressif/tools/xtensa-esp-elf/esp-15.2.0_20251204/xtensa-esp-elf/bin/../xtensa-esp-elf/lib/esp32/no-rtti/:/home/student/.espressif/tools/xtensa-esp-elf/esp-15.2.0_20251204/xtensa-esp-elf/bin/../lib/gcc/xtensa-esp-elf/15.2.0/:/home/student/.espressif/tools/xtensa-esp-elf/esp-15.2.0_20251204/xtensa-esp-elf/bin/../lib/gcc/:/home/student/.espressif/tools/xtensa-esp-elf/esp-15.2.0_20251204/xtensa-esp-elf/bin/../lib/gcc/xtensa-esp-elf/15.2.0/../../../../xtensa-esp-elf/lib/:/home/student/.espressif/tools/xtensa-esp-elf/esp-15.2.0_20251204/xtensa-esp-elf/bin/../xtensa-esp-elf/lib/:/home/student/.espressif/tools/xtensa-esp-elf/esp-15.2.0_20251204/xtensa-esp-elf/bin/../xtensa-esp-elf/usr/lib/
COLLECT_GCC_OPTIONS='-mdynconfig=xtensa_esp32.so' '-Wno-frame-address' '-mlongcalls' '-fno-builtin-memcpy' '-fno-builtin-memset' '-fno-builtin-bzero' '-specs=/home/student/Desktop/ProjekatDisplej/DisplayAudi/build/specs/picolibc.specs' '-fno-rtti' '-v' '-o' 'CMakeFiles/cmTC_d57dd.dir/CMakeCXXCompilerABI.cpp.obj' '-c' '-dumpdir' 'CMakeFiles/cmTC_d57dd.dir/CMakeCXXCompilerABI.cpp.'
[2/2] Linking CXX executable cmTC_d57dd
Using built-in specs.
Reading specs from /home/student/Desktop/ProjekatDisplej/DisplayAudi/build/specs/picolibc.specs
rename spec link to picolibc_link
rename spec link_libgcc to picolibc_link_libgcc
rename spec cpp to picolibc_cpp
rename spec cc1 to picolibc_cc1
rename spec cc1plus to picolibc_cc1plus
COLLECT_GCC=/home/student/.espressif/tools/xtensa-esp-elf/esp-15.2.0_20251204/xtensa-esp-elf/bin/xtensa-esp-elf-g++
COLLECT_LTO_WRAPPER=/home/student/.espressif/tools/xtensa-esp-elf/esp-15.2.0_20251204/xtensa-esp-elf/bin/../libexec/gcc/xtensa-esp-elf/15.2.0/lto-wrapper
Target: xtensa-esp-elf
Configured with: /builds/idf/crosstool-NG/.build/xtensa-esp-elf/src/gcc/configure --build=x86_64-build_pc-linux-gnu --host=x86_64-build_pc-linux-gnu --target=xtensa-esp-elf --prefix=/builds/idf/crosstool-NG/builds/xtensa-esp-elf --exec_prefix=/builds/idf/crosstool-NG/builds/xtensa-esp-elf --with-local-prefix=/builds/idf/crosstool-NG/builds/xtensa-esp-elf/xtensa-esp-elf --with-sysroot=/builds/idf/crosstool-NG/builds/xtensa-esp-elf/xtensa-esp-elf --with-native-system-header-dir=/include --with-headers=/builds/idf/crosstool-NG/builds/xtensa-esp-elf/xtensa-esp-elf/include --with-newlib --enable-threads=no --disable-shared --with-pkgversion='crosstool-NG esp-15.2.0_20251204' --disable-__cxa_atexit --enable-cxx-flags='-ffunction-sections -fdata-sections' --disable-libgomp --disable-libmudflap --disable-libmpx --disable-libssp --disable-libquadmath --disable-libquadmath-support --disable-libstdcxx-verbose --with-gmp=/builds/idf/crosstool-NG/.build/xtensa-esp-elf/buildtools --with-mpfr=/builds/idf/crosstool-NG/.build/xtensa-esp-elf/buildtools --with-mpc=/builds/idf/crosstool-NG/.build/xtensa-esp-elf/buildtools --with-isl=/builds/idf/crosstool-NG/.build/xtensa-esp-elf/buildtools --enable-lto --enable-target-optspace --without-long-double-128 --enable-plugin --disable-nls --enable-multiarch --enable-languages=c,c++ --disable-libstdcxx-verbose --enable-threads=posix --enable-libstdcxx-time=yes --disable-win32-utf8-manifest
Thread model: posix
Supported LTO compression algorithms: zlib zstd
gcc version 15.2.0 (crosstool-NG esp-15.2.0_20251204) 
COMPILER_PATH=/home/student/.espressif/tools/xtensa-esp-elf/esp-15.2.0_20251204/xtensa-esp-elf/bin/../libexec/gcc/xtensa-esp-elf/15.2.0/:/home/student/.espressif/tools/xtensa-esp-elf/esp-15.2.0_20251204/xtensa-esp-elf/bin/../libexec/gcc/:/home/student/.espressif/tools/xtensa-esp-elf/esp-15.2.0_20251204/xtensa-esp-elf/bin/../lib/gcc/xtensa-esp-elf/15.2.0/../../../../xtensa-esp-elf/bin/
LIBRARY_PATH=/home/student/.espressif/tools/xtensa-esp-elf/esp-15.2.0_20251204/xtensa-esp-elf/bin/../lib/gcc/xtensa-esp-elf/15.2.0/esp32/no-rtti/:/home/student/.espressif/tools/xtensa-esp-elf/esp-15.2.0_20251204/xtensa-esp-elf/bin/../lib/gcc/xtensa-esp-elf/15.2.0/../../../../xtensa-esp-elf/lib/esp32/no-rtti/:/home/student/.espressif/tools/xtensa-esp-elf/esp-15.2.0_20251204/xtensa-esp-elf/bin/../xtensa-esp-elf/lib/esp32/no-rtti/:/home/student/.espressif/tools/xtensa-esp-elf/esp-15.2.0_20251204/xtensa-esp-elf/bin/../lib/gcc/xtensa-esp-elf/15.2.0/:/home/student/.espressif/tools/xtensa-esp-elf/esp-15.2.0_20251204/xtensa-esp-elf/bin/../lib/gcc/:/home/student/.espressif/tools/xtensa-esp-elf/esp-15.2.0_20251204/xtensa-esp-elf/bin/../lib/gcc/xtensa-esp-elf/15.2.0/../../../../xtensa-esp-elf/lib/:/home/student/.espressif/tools/xtensa-esp-elf/esp-15.2.0_20251204/xtensa-esp-elf/bin/../xtensa-esp-elf/lib/:/home/student/.espressif/tools/xtensa-esp-elf/esp-15.2.0_20251204/xtensa-esp-elf/bin/../xtensa-esp-elf/usr/lib/
COLLECT_GCC_OPTIONS='-mdynconfig=xtensa_esp32.so' '-Wno-frame-address' '-mlongcalls' '-fno-builtin-memcpy' '-fno-builtin-memset' '-fno-builtin-bzero' '-specs=/home/student/Desktop/ProjekatDisplej/DisplayAudi/build/specs/picolibc.specs' '-nostartfiles' '-fno-rtti' '-v' '-o' 'cmTC_d57dd' '-dumpdir' 'cmTC_d57dd.'
 /home/student/.espressif/tools/xtensa-esp-elf/esp-15.2.0_20251204/xtensa-esp-elf/bin/../libexec/gcc/xtensa-esp-elf/15.2.0/collect2 -plugin /home/student/.espressif/tools/xtensa-esp-elf/esp-15.2.0_20251204/xtensa-esp-elf/bin/../libexec/gcc/xtensa-esp-elf/15.2.0/liblto_plugin.so -plugin-opt=/home/student/.espressif/tools/xtensa-esp-elf/esp-15.2.0_20251204/xtensa-esp-elf/bin/../libexec/gcc/xtensa-esp-elf/15.2.0/lto-wrapper -plugin-opt=-fresolution=/tmp/cc8UumXC.res -plugin-opt=-pass-through=-lgcc -plugin-opt=-pass-through=-lgcc -plugin-opt=-pass-through=-lc -plugin-opt=-pass-through=-lgcc -L/home/student/.espressif/tools/xtensa-esp-elf/esp-15.2.0_20251204/xtensa-esp-elf/bin/../xtensa-esp-elf/../picolibc/xtensa-esp-elf/lib/esp32/no-rtti -L/home/student/.espressif/tools/xtensa-esp-elf/esp-15.2.0_20251204/xtensa-esp-elf/bin/../xtensa-esp-elf/../picolibc/xtensa-esp-elf/lib -Tpicolibc.ld --sysroot=/home/student/.espressif/tools/xtensa-esp-elf/esp-15.2.0_20251204/xtensa-esp-elf/bin/../xtensa-esp-elf --dynconfig=xtensa_esp32.so -o cmTC_d57dd -L/home/student/.espressif/tools/xtensa-esp-elf/esp-15.2.0_20251204/xtensa-esp-elf/bin/../xtensa-esp-elf/../picolibc/lib/gcc/xtensa-esp-elf/15.2.0/esp32/no-rtti -L/home/student/.espressif/tools/xtensa-esp-elf/esp-15.2.0_20251204/xtensa-esp-elf/bin/../xtensa-esp-elf/../picolibc/lib/gcc/xtensa-esp-elf/15.2.0 -L/home/student/.espressif/tools/xtensa-esp-elf/esp-15.2.0_20251204/xtensa-esp-elf/bin/../lib/gcc/xtensa-esp-elf/15.2.0/esp32/no-rtti -L/home/student/.espressif/tools/xtensa-esp-elf/esp-15.2.0_20251204/xtensa-esp-elf/bin/../lib/gcc/xtensa-esp-elf/15.2.0/../../../../xtensa-esp-elf/lib/esp32/no-rtti -L/home/student/.espressif/tools/xtensa-esp-elf/esp-15.2.0_20251204/xtensa-esp-elf/bin/../xtensa-esp-elf/lib/esp32/no-rtti -L/home/student/.espressif/tools/xtensa-esp-elf/esp-15.2.0_20251204/xtensa-esp-elf/bin/../lib/gcc/xtensa-esp-elf/15.2.0 -L/home/student/.espressif/tools/xtensa-esp-elf/esp-15.2.0_20251204/xtensa-esp-elf/bin/../lib/gcc -L/home/student/.espressif/tools/xtensa-esp-elf/esp-15.2.0_20251204/xtensa-esp-elf/bin/../lib/gcc/xtensa-esp-elf/15.2.0/../../../../xtensa-esp-elf/lib -L/home/student/.espressif/tools/xtensa-esp-elf/esp-15.2.0_20251204/xtensa-esp-elf/bin/../xtensa-esp-elf/lib -L/home/student/.espressif/tools/xtensa-esp-elf/esp-15.2.0_20251204/xtensa-esp-elf/bin/../xtensa-esp-elf/usr/lib @/tmp/ccKyJTnB -lgcc --start-group -lgcc -lc --end-group -lgcc
/home/student/.espressif/tools/xtensa-esp-elf/esp-15.2.0_20251204/xtensa-esp-elf/bin/../lib/gcc/xtensa-esp-elf/15.2.0/../../../../xtensa-esp-elf/bin/ld: warning: cannot find entry symbol _start; defaulting to 10000000
COLLECT_GCC_OPTIONS='-mdynconfig=xtensa_esp32.so' '-Wno-frame-address' '-mlongcalls' '-fno-builtin-memcpy' '-fno-builtin-memset' '-fno-builtin-bzero' '-specs=/home/student/Desktop/ProjekatDisplej/DisplayAudi/build/specs/picolibc.specs' '-nostartfiles' '-fno-rtti' '-v' '-o' 'cmTC_d57dd' '-dumpdir' 'cmTC_d57dd.'



Parsed CXX implicit include dir info from above output: rv=done
  found start of include info
  found start of implicit include info
    add: [/home/student/.espressif/tools/xtensa-esp-elf/esp-15.2.0_20251204/xtensa-esp-elf/bin/../xtensa-esp-elf/../picolibc/include]
    add: [/home/student/.espressif/tools/xtensa-esp-elf/esp-15.2.0_20251204/xtensa-esp-elf/bin/../xtensa-esp-elf/../picolibc/include/../xtensa-esp-elf/include/c++/15.2.0/xtensa-esp-elf/esp32/no-rtti]
    add: [/home/student/.espressif/tools/xtensa-esp-elf/esp-15.2.0_20251204/xtensa-esp-elf/bin/../lib/gcc/xtensa-esp-elf/15.2.0/../../../../xtensa-esp-elf/include/c++/15.2.0]
    add: [/home/student/.espressif/tools/xtensa-esp-elf/esp-15.2.0_20251204/xtensa-esp-elf/bin/../lib/gcc/xtensa-esp-elf/15.2.0/../../../../xtensa-esp-elf/include/c++/15.2.0/xtensa-esp-elf/esp32/no-rtti]
    add: [/home/student/.espressif/tools/xtensa-esp-elf/esp-15.2.0_20251204/xtensa-esp-elf/bin/../lib/gcc/xtensa-esp-elf/15.2.0/../../../../xtensa-esp-elf/include/c++/15.2.0/backward]
    add: [/home/student/.espressif/tools/xtensa-esp-elf/esp-15.2.0_20251204/xtensa-esp-elf/bin/../lib/gcc/xtensa-esp-elf/15.2.0/include]
    add: [/home/student/.espressif/tools/xtensa-esp-elf/esp-15.2.0_20251204/xtensa-esp-elf/bin/../lib/gcc/xtensa-esp-elf/15.2.0/include-fixed]
    add: [/home/student/.espressif/tools/xtensa-esp-elf/esp-15.2.0_20251204/xtensa-esp-elf/bin/../lib/gcc/xtensa-esp-elf/15.2.0/../../../../xtensa-esp-elf/include]
  end of search list found
  collapse include dir [/home/student/.espressif/tools/xtensa-esp-elf/esp-15.2.0_20251204/xtensa-esp-elf/bin/../xtensa-esp-elf/../picolibc/include] ==> [/home/student/.espressif/tools/xtensa-esp-elf/esp-15.2.0_20251204/xtensa-esp-elf/picolibc/include]
  collapse include dir [/home/student/.espressif/tools/xtensa-esp-elf/esp-15.2.0_20251204/xtensa-esp-elf/bin/../xtensa-esp-elf/../picolibc/include/../xtensa-esp-elf/include/c++/15.2.0/xtensa-esp-elf/esp32/no-rtti] ==> [/home/student/.espressif/tools/xtensa-esp-elf/esp-15.2.0_20251204/xtensa-esp-elf/picolibc/xtensa-esp-elf/include/c++/15.2.0/xtensa-esp-elf/esp32/no-rtti]
  collapse include dir [/home/student/.espressif/tools/xtensa-esp-elf/esp-15.2.0_20251204/xtensa-esp-elf/bin/../lib/gcc/xtensa-esp-elf/15.2.0/../../../../xtensa-esp-elf/include/c++/15.2.0] ==> [/home/student/.espressif/tools/xtensa-esp-elf/esp-15.2.0_20251204/xtensa-esp-elf/xtensa-esp-elf/include/c++/15.2.0]
  collapse include dir [/home/student/.espressif/tools/xtensa-esp-elf/esp-15.2.0_20251204/xtensa-esp-elf/bin/../lib/gcc/xtensa-esp-elf/15.2.0/../../../../xtensa-esp-elf/include/c++/15.2.0/xtensa-esp-elf/esp32/no-rtti] ==> [/home/student/.espressif/tools/xtensa-esp-elf/esp-15.2.0_20251204/xtensa-esp-elf/xtensa-esp-elf/include/c++/15.2.0/xtensa-esp-elf/esp32/no-rtti]
  collapse include dir [/home/student/.espressif/tools/xtensa-esp-elf/esp-15.2.0_20251204/xtensa-esp-elf/bin/../lib/gcc/xtensa-esp-elf/15.2.0/../../../../xtensa-esp-elf/include/c++/15.2.0/backward] ==> [/home/student/.espressif/tools/xtensa-esp-elf/esp-15.2.0_20251204/xtensa-esp-elf/xtensa-esp-elf/include/c++/15.2.0/backward]
  collapse include dir [/home/student/.espressif/tools/xtensa-esp-elf/esp-15.2.0_20251204/xtensa-esp-elf/bin/../lib/gcc/xtensa-esp-elf/15.2.0/include] ==> [/home/student/.espressif/tools/xtensa-esp-elf/esp-15.2.0_20251204/xtensa-esp-elf/lib/gcc/xtensa-esp-elf/15.2.0/include]
  collapse include dir [/home/student/.espressif/tools/xtensa-esp-elf/esp-15.2.0_20251204/xtensa-esp-elf/bin/../lib/gcc/xtensa-esp-elf/15.2.0/include-fixed] ==> [/home/student/.espressif/tools/xtensa-esp-elf/esp-15.2.0_20251204/xtensa-esp-elf/lib/gcc/xtensa-esp-elf/15.2.0/include-fixed]
  collapse include dir [/home/student/.espressif/tools/xtensa-esp-elf/esp-15.2.0_20251204/xtensa-esp-elf/bin/../lib/gcc/xtensa-esp-elf/15.2.0/../../../../xtensa-esp-elf/include] ==> [/home/student/.espressif/tools/xtensa-esp-elf/esp-15.2.0_20251204/xtensa-esp-elf/xtensa-esp-elf/include]
  implicit include dirs: [/home/student/.espressif/tools/xtensa-esp-elf/esp-15.2.0_20251204/xtensa-esp-elf/picolibc/include;/home/student/.espressif/tools/xtensa-esp-elf/esp-15.2.0_20251204/xtensa-esp-elf/picolibc/xtensa-esp-elf/include/c++/15.2.0/xtensa-esp-elf/esp32/no-rtti;/home/student/.espressif/tools/xtensa-esp-elf/esp-15.2.0_20251204/xtensa-esp-elf/xtensa-esp-elf/include/c++/15.2.0;/home/student/.espressif/tools/xtensa-esp-elf/esp-15.2.0_20251204/xtensa-esp-elf/xtensa-esp-elf/include/c++/15.2.0/xtensa-esp-elf/esp32/no-rtti;/home/student/.espressif/tools/xtensa-esp-elf/esp-15.2.0_20251204/xtensa-esp-elf/xtensa-esp-elf/include/c++/15.2.0/backward;/home/student/.espressif/tools/xtensa-esp-elf/esp-15.2.0_20251204/xtensa-esp-elf/lib/gcc/xtensa-esp-elf/15.2.0/include;/home/student/.espressif/tools/xtensa-esp-elf/esp-15.2.0_20251204/xtensa-esp-elf/lib/gcc/xtensa-esp-elf/15.2.0/include-fixed;/home/student/.espressif/tools/xtensa-esp-elf/esp-15.2.0_20251204/xtensa-esp-elf/xtensa-esp-elf/include]


Parsed CXX implicit link information from above output:
  link line regex: [^( *|.*[/\])(xtensa-esp32-elf-ld|CMAKE_LINK_STARTFILE-NOTFOUND|([^/\]+-)?ld|collect2)[^/\]*( |$)]
  ignore line: [Change Dir: /home/student/Desktop/ProjekatDisplej/DisplayAudi/build/CMakeFiles/CMakeTmp]
  ignore line: []
  ignore line: [Run Build Command(s):/usr/bin/ninja cmTC_d57dd && [1/2] Building CXX object CMakeFiles/cmTC_d57dd.dir/CMakeCXXCompilerABI.cpp.obj]
  ignore line: [Using built-in specs.]
  ignore line: [Reading specs from /home/student/Desktop/ProjekatDisplej/DisplayAudi/build/specs/picolibc.specs]
  ignore line: [rename spec link to picolibc_link]
  ignore line: [rename spec link_libgcc to picolibc_link_libgcc]
  ignore line: [rename spec cpp to picolibc_cpp]
  ignore line: [rename spec cc1 to picolibc_cc1]
  ignore line: [rename spec cc1plus to picolibc_cc1plus]
  ignore line: [COLLECT_GCC=/home/student/.espressif/tools/xtensa-esp-elf/esp-15.2.0_20251204/xtensa-esp-elf/bin/xtensa-esp-elf-g++]
  ignore line: [Target: xtensa-esp-elf]
  ignore line: [Configured with: /builds/idf/crosstool-NG/.build/xtensa-esp-elf/src/gcc/configure --build=x86_64-build_pc-linux-gnu --host=x86_64-build_pc-linux-gnu --target=xtensa-esp-elf --prefix=/builds/idf/crosstool-NG/builds/xtensa-esp-elf --exec_prefix=/builds/idf/crosstool-NG/builds/xtensa-esp-elf --with-local-prefix=/builds/idf/crosstool-NG/builds/xtensa-esp-elf/xtensa-esp-elf --with-sysroot=/builds/idf/crosstool-NG/builds/xtensa-esp-elf/xtensa-esp-elf --with-native-system-header-dir=/include --with-headers=/builds/idf/crosstool-NG/builds/xtensa-esp-elf/xtensa-esp-elf/include --with-newlib --enable-threads=no --disable-shared --with-pkgversion='crosstool-NG esp-15.2.0_20251204' --disable-__cxa_atexit --enable-cxx-flags='-ffunction-sections -fdata-sections' --disable-libgomp --disable-libmudflap --disable-libmpx --disable-libssp --disable-libquadmath --disable-libquadmath-support --disable-libstdcxx-verbose --with-gmp=/builds/idf/crosstool-NG/.build/xtensa-esp-elf/buildtools --with-mpfr=/builds/idf/crosstool-NG/.build/xtensa-esp-elf/buildtools --with-mpc=/builds/idf/crosstool-NG/.build/xtensa-esp-elf/buildtools --with-isl=/builds/idf/crosstool-NG/.build/xtensa-esp-elf/buildtools --enable-lto --enable-target-optspace --without-long-double-128 --enable-plugin --disable-nls --enable-multiarch --enable-languages=c c++ --disable-libstdcxx-verbose --enable-threads=posix --enable-libstdcxx-time=yes --disable-win32-utf8-manifest]
  ignore line: [Thread model: posix]
  ignore line: [Supported LTO compression algorithms: zlib zstd]
  ignore line: [gcc version 15.2.0 (crosstool-NG esp-15.2.0_20251204) ]
  ignore line: [COLLECT_GCC_OPTIONS='-mdynconfig=xtensa_esp32.so' '-Wno-frame-address' '-mlongcalls' '-fno-builtin-memcpy' '-fno-builtin-memset' '-fno-builtin-bzero' '-specs=/home/student/Desktop/ProjekatDisplej/DisplayAudi/build/specs/picolibc.specs' '-fno-rtti' '-v' '-o' 'CMakeFiles/cmTC_d57dd.dir/CMakeCXXCompilerABI.cpp.obj' '-c' '-dumpdir' 'CMakeFiles/cmTC_d57dd.dir/']
  ignore line: [ /home/student/.espressif/tools/xtensa-esp-elf/esp-15.2.0_20251204/xtensa-esp-elf/bin/../libexec/gcc/xtensa-esp-elf/15.2.0/cc1plus -quiet -v -imultilib esp32/no-rtti -iprefix /home/student/.espressif/tools/xtensa-esp-elf/esp-15.2.0_20251204/xtensa-esp-elf/bin/../lib/gcc/xtensa-esp-elf/15.2.0/ -isysroot /home/student/.espressif/tools/xtensa-esp-elf/esp-15.2.0_20251204/xtensa-esp-elf/bin/../xtensa-esp-elf /usr/share/cmake-3.22/Modules/CMakeCXXCompilerABI.cpp -ftls-model=local-exec -quiet -dumpdir CMakeFiles/cmTC_d57dd.dir/ -dumpbase CMakeCXXCompilerABI.cpp.cpp -dumpbase-ext .cpp -mdynconfig=xtensa_esp32.so -mlongcalls -Wno-frame-address -version -fno-builtin-memcpy -fno-builtin-memset -fno-builtin-bzero -fno-rtti -isystem /home/student/.espressif/tools/xtensa-esp-elf/esp-15.2.0_20251204/xtensa-esp-elf/bin/../xtensa-esp-elf/../picolibc/include -isystem /home/student/.espressif/tools/xtensa-esp-elf/esp-15.2.0_20251204/xtensa-esp-elf/bin/../xtensa-esp-elf/../picolibc/include/../xtensa-esp-elf/include/c++/15.2.0/xtensa-esp-elf/esp32/no-rtti -ftls-model=local-exec -o /tmp/cc8CJ7yZ.s]
  ignore line: [GNU C++17 (crosstool-NG esp-15.2.0_20251204) version 15.2.0 (xtensa-esp-elf)]
  ignore line: [	compiled by GNU C version 6.3.0  GMP version 6.3.0  MPFR version 4.2.1  MPC version 1.3.1  isl version isl-0.26-GMP]
  ignore line: []
  ignore line: [GGC heuristics: --param ggc-min-expand=100 --param ggc-min-heapsize=131072]
  ignore line: [ignoring duplicate directory "/home/student/.espressif/tools/xtensa-esp-elf/esp-15.2.0_20251204/xtensa-esp-elf/bin/../lib/gcc/../../lib/gcc/xtensa-esp-elf/15.2.0/../../../../xtensa-esp-elf/include/c++/15.2.0"]
  ignore line: [ignoring duplicate directory "/home/student/.espressif/tools/xtensa-esp-elf/esp-15.2.0_20251204/xtensa-esp-elf/bin/../lib/gcc/../../lib/gcc/xtensa-esp-elf/15.2.0/../../../../xtensa-esp-elf/include/c++/15.2.0/xtensa-esp-elf/esp32/no-rtti"]
  ignore line: [ignoring duplicate directory "/home/student/.espressif/tools/xtensa-esp-elf/esp-15.2.0_20251204/xtensa-esp-elf/bin/../lib/gcc/../../lib/gcc/xtensa-esp-elf/15.2.0/../../../../xtensa-esp-elf/include/c++/15.2.0/backward"]
  ignore line: [ignoring duplicate directory "/home/student/.espressif/tools/xtensa-esp-elf/esp-15.2.0_20251204/xtensa-esp-elf/bin/../lib/gcc/../../lib/gcc/xtensa-esp-elf/15.2.0/include"]
  ignore line: [ignoring nonexistent directory "/home/student/.espressif/tools/xtensa-esp-elf/esp-15.2.0_20251204/xtensa-esp-elf/bin/../xtensa-esp-elf/builds/idf/crosstool-NG/builds/xtensa-esp-elf/xtensa-esp-elf/include"]
  ignore line: [ignoring duplicate directory "/home/student/.espressif/tools/xtensa-esp-elf/esp-15.2.0_20251204/xtensa-esp-elf/bin/../lib/gcc/../../lib/gcc/xtensa-esp-elf/15.2.0/include-fixed"]
  ignore line: [ignoring duplicate directory "/home/student/.espressif/tools/xtensa-esp-elf/esp-15.2.0_20251204/xtensa-esp-elf/bin/../lib/gcc/../../lib/gcc/xtensa-esp-elf/15.2.0/../../../../xtensa-esp-elf/include"]
  ignore line: [ignoring duplicate directory "/home/student/.espressif/tools/xtensa-esp-elf/esp-15.2.0_20251204/xtensa-esp-elf/bin/../xtensa-esp-elf/include"]
  ignore line: [#include "..." search starts here:]
  ignore line: [#include <...> search starts here:]
  ignore line: [ /home/student/.espressif/tools/xtensa-esp-elf/esp-15.2.0_20251204/xtensa-esp-elf/bin/../xtensa-esp-elf/../picolibc/include]
  ignore line: [ /home/student/.espressif/tools/xtensa-esp-elf/esp-15.2.0_20251204/xtensa-esp-elf/bin/../xtensa-esp-elf/../picolibc/include/../xtensa-esp-elf/include/c++/15.2.0/xtensa-esp-elf/esp32/no-rtti]
  ignore line: [ /home/student/.espressif/tools/xtensa-esp-elf/esp-15.2.0_20251204/xtensa-esp-elf/bin/../lib/gcc/xtensa-esp-elf/15.2.0/../../../../xtensa-esp-elf/include/c++/15.2.0]
  ignore line: [ /home/student/.espressif/tools/xtensa-esp-elf/esp-15.2.0_20251204/xtensa-esp-elf/bin/../lib/gcc/xtensa-esp-elf/15.2.0/../../../../xtensa-esp-elf/include/c++/15.2.0/xtensa-esp-elf/esp32/no-rtti]
  ignore line: [ /home/student/.espressif/tools/xtensa-esp-elf/esp-15.2.0_20251204/xtensa-esp-elf/bin/../lib/gcc/xtensa-esp-elf/15.2.0/../../../../xtensa-esp-elf/include/c++/15.2.0/backward]
  ignore line: [ /home/student/.espressif/tools/xtensa-esp-elf/esp-15.2.0_20251204/xtensa-esp-elf/bin/../lib/gcc/xtensa-esp-elf/15.2.0/include]
  ignore line: [ /home/student/.espressif/tools/xtensa-esp-elf/esp-15.2.0_20251204/xtensa-esp-elf/bin/../lib/gcc/xtensa-esp-elf/15.2.0/include-fixed]
  ignore line: [ /home/student/.espressif/tools/xtensa-esp-elf/esp-15.2.0_20251204/xtensa-esp-elf/bin/../lib/gcc/xtensa-esp-elf/15.2.0/../../../../xtensa-esp-elf/include]
  ignore line: [End of search list.]
  ignore line: [Compiler executable checksum: ddaf5163ec1d262ade9e7a5c85eeee1b]
  ignore line: [COLLECT_GCC_OPTIONS='-mdynconfig=xtensa_esp32.so' '-Wno-frame-address' '-mlongcalls' '-fno-builtin-memcpy' '-fno-builtin-memset' '-fno-builtin-bzero' '-specs=/home/student/Desktop/ProjekatDisplej/DisplayAudi/build/specs/picolibc.specs' '-fno-rtti' '-v' '-o' 'CMakeFiles/cmTC_d57dd.dir/CMakeCXXCompilerABI.cpp.obj' '-c' '-dumpdir' 'CMakeFiles/cmTC_d57dd.dir/']
  ignore line: [ /home/student/.espressif/tools/xtensa-esp-elf/esp-15.2.0_20251204/xtensa-esp-elf/bin/../lib/gcc/xtensa-esp-elf/15.2.0/../../../../xtensa-esp-elf/bin/as --traditional-format --longcalls --dynconfig=xtensa_esp32.so -o CMakeFiles/cmTC_d57dd.dir/CMakeCXXCompilerABI.cpp.obj /tmp/cc8CJ7yZ.s]
  ignore line: [COMPILER_PATH=/home/student/.espressif/tools/xtensa-esp-elf/esp-15.2.0_20251204/xtensa-esp-elf/bin/../libexec/gcc/xtensa-esp-elf/15.2.0/:/home/student/.espressif/tools/xtensa-esp-elf/esp-15.2.0_20251204/xtensa-esp-elf/bin/../libexec/gcc/:/home/student/.espressif/tools/xtensa-esp-elf/esp-15.2.0_20251204/xtensa-esp-elf/bin/../lib/gcc/xtensa-esp-elf/15.2.0/../../../../xtensa-esp-elf/bin/]
  ignore line: [LIBRARY_PATH=/home/student/.espressif/tools/xtensa-esp-elf/esp-15.2.0_20251204/xtensa-esp-elf/bin/../lib/gcc/xtensa-esp-elf/15.2.0/esp32/no-rtti/:/home/student/.espressif/tools/xtensa-esp-elf/esp-15.2.0_20251204/xtensa-esp-elf/bin/../lib/gcc/xtensa-esp-elf/15.2.0/../../../../xtensa-esp-elf/lib/esp32/no-rtti/:/home/student/.espressif/tools/xtensa-esp-elf/esp-15.2.0_20251204/xtensa-esp-elf/bin/../xtensa-esp-elf/lib/esp32/no-rtti/:/home/student/.espressif/tools/xtensa-esp-elf/esp-15.2.0_20251204/xtensa-esp-elf/bin/../lib/gcc/xtensa-esp-elf/15.2.0/:/home/student/.espressif/tools/xtensa-esp-elf/esp-15.2.0_20251204/xtensa-esp-elf/bin/../lib/gcc/:/home/student/.espressif/tools/xtensa-esp-elf/esp-15.2.0_20251204/xtensa-esp-elf/bin/../lib/gcc/xtensa-esp-elf/15.2.0/../../../../xtensa-esp-elf/lib/:/home/student/.espressif/tools/xtensa-esp-elf/esp-15.2.0_20251204/xtensa-esp-elf/bin/../xtensa-esp-elf/lib/:/home/student/.espressif/tools/xtensa-esp-elf/esp-15.2.0_20251204/xtensa-esp-elf/bin/../xtensa-esp-elf/usr/lib/]
  ignore line: [COLLECT_GCC_OPTIONS='-mdynconfig=xtensa_esp32.so' '-Wno-frame-address' '-mlongcalls' '-fno-builtin-memcpy' '-fno-builtin-memset' '-fno-builtin-bzero' '-specs=/home/student/Desktop/ProjekatDisplej/DisplayAudi/build/specs/picolibc.specs' '-fno-rtti' '-v' '-o' 'CMakeFiles/cmTC_d57dd.dir/CMakeCXXCompilerABI.cpp.obj' '-c' '-dumpdir' 'CMakeFiles/cmTC_d57dd.dir/CMakeCXXCompilerABI.cpp.']
  ignore line: [[2/2] Linking CXX executable cmTC_d57dd]
  ignore line: [Using built-in specs.]
  ignore line: [Reading specs from /home/student/Desktop/ProjekatDisplej/DisplayAudi/build/specs/picolibc.specs]
  ignore line: [rename spec link to picolibc_link]
  ignore line: [rename spec link_libgcc to picolibc_link_libgcc]
  ignore line: [rename spec cpp to picolibc_cpp]
  ignore line: [rename spec cc1 to picolibc_cc1]
  ignore line: [rename spec cc1plus to picolibc_cc1plus]
  ignore line: [COLLECT_GCC=/home/student/.espressif/tools/xtensa-esp-elf/esp-15.2.0_20251204/xtensa-esp-elf/bin/xtensa-esp-elf-g++]
  ignore line: [COLLECT_LTO_WRAPPER=/home/student/.espressif/tools/xtensa-esp-elf/esp-15.2.0_20251204/xtensa-esp-elf/bin/../libexec/gcc/xtensa-esp-elf/15.2.0/lto-wrapper]
  ignore line: [Target: xtensa-esp-elf]
  ignore line: [Configured with: /builds/idf/crosstool-NG/.build/xtensa-esp-elf/src/gcc/configure --build=x86_64-build_pc-linux-gnu --host=x86_64-build_pc-linux-gnu --target=xtensa-esp-elf --prefix=/builds/idf/crosstool-NG/builds/xtensa-esp-elf --exec_prefix=/builds/idf/crosstool-NG/builds/xtensa-esp-elf --with-local-prefix=/builds/idf/crosstool-NG/builds/xtensa-esp-elf/xtensa-esp-elf --with-sysroot=/builds/idf/crosstool-NG/builds/xtensa-esp-elf/xtensa-esp-elf --with-native-system-header-dir=/include --with-headers=/builds/idf/crosstool-NG/builds/xtensa-esp-elf/xtensa-esp-elf/include --with-newlib --enable-threads=no --disable-shared --with-pkgversion='crosstool-NG esp-15.2.0_20251204' --disable-__cxa_atexit --enable-cxx-flags='-ffunction-sections -fdata-sections' --disable-libgomp --disable-libmudflap --disable-libmpx --disable-libssp --disable-libquadmath --disable-libquadmath-support --disable-libstdcxx-verbose --with-gmp=/builds/idf/crosstool-NG/.build/xtensa-esp-elf/buildtools --with-mpfr=/builds/idf/crosstool-NG/.build/xtensa-esp-elf/buildtools --with-mpc=/builds/idf/crosstool-NG/.build/xtensa-esp-elf/buildtools --with-isl=/builds/idf/crosstool-NG/.build/xtensa-esp-elf/buildtools --enable-lto --enable-target-optspace --without-long-double-128 --enable-plugin --disable-nls --enable-multiarch --enable-languages=c c++ --disable-libstdcxx-verbose --enable-threads=posix --enable-libstdcxx-time=yes --disable-win32-utf8-manifest]
  ignore line: [Thread model: posix]
  ignore line: [Supported LTO compression algorithms: zlib zstd]
  ignore line: [gcc version 15.2.0 (crosstool-NG esp-15.2.0_20251204) ]
  ignore line: [COMPILER_PATH=/home/student/.espressif/tools/xtensa-esp-elf/esp-15.2.0_20251204/xtensa-esp-elf/bin/../libexec/gcc/xtensa-esp-elf/15.2.0/:/home/student/.espressif/tools/xtensa-esp-elf/esp-15.2.0_20251204/xtensa-esp-elf/bin/../libexec/gcc/:/home/student/.espressif/tools/xtensa-esp-elf/esp-15.2.0_20251204/xtensa-esp-elf/bin/../lib/gcc/xtensa-esp-elf/15.2.0/../../../../xtensa-esp-elf/bin/]
  ignore line: [LIBRARY_PATH=/home/student/.espressif/tools/xtensa-esp-elf/esp-15.2.0_20251204/xtensa-esp-elf/bin/../lib/gcc/xtensa-esp-elf/15.2.0/esp32/no-rtti/:/home/student/.espressif/tools/xtensa-esp-elf/esp-15.2.0_20251204/xtensa-esp-elf/bin/../lib/gcc/xtensa-esp-elf/15.2.0/../../../../xtensa-esp-elf/lib/esp32/no-rtti/:/home/student/.espressif/tools/xtensa-esp-elf/esp-15.2.0_20251204/xtensa-esp-elf/bin/../xtensa-esp-elf/lib/esp32/no-rtti/:/home/student/.espressif/tools/xtensa-esp-elf/esp-15.2.0_20251204/xtensa-esp-elf/bin/../lib/gcc/xtensa-esp-elf/15.2.0/:/home/student/.espressif/tools/xtensa-esp-elf/esp-15.2.0_20251204/xtensa-esp-elf/bin/../lib/gcc/:/home/student/.espressif/tools/xtensa-esp-elf/esp-15.2.0_20251204/xtensa-esp-elf/bin/../lib/gcc/xtensa-esp-elf/15.2.0/../../../../xtensa-esp-elf/lib/:/home/student/.espressif/tools/xtensa-esp-elf/esp-15.2.0_20251204/xtensa-esp-elf/bin/../xtensa-esp-elf/lib/:/home/student/.espressif/tools/xtensa-esp-elf/esp-15.2.0_20251204/xtensa-esp-elf/bin/../xtensa-esp-elf/usr/lib/]
  ignore line: [COLLECT_GCC_OPTIONS='-mdynconfig=xtensa_esp32.so' '-Wno-frame-address' '-mlongcalls' '-fno-builtin-memcpy' '-fno-builtin-memset' '-fno-builtin-bzero' '-specs=/home/student/Desktop/ProjekatDisplej/DisplayAudi/build/specs/picolibc.specs' '-nostartfiles' '-fno-rtti' '-v' '-o' 'cmTC_d57dd' '-dumpdir' 'cmTC_d57dd.']
  link line: [ /home/student/.espressif/tools/xtensa-esp-elf/esp-15.2.0_20251204/xtensa-esp-elf/bin/../libexec/gcc/xtensa-esp-elf/15.2.0/collect2 -plugin /home/student/.espressif/tools/xtensa-esp-elf/esp-15.2.0_20251204/xtensa-esp-elf/bin/../libexec/gcc/xtensa-esp-elf/15.2.0/liblto_plugin.so -plugin-opt=/home/student/.espressif/tools/xtensa-esp-elf/esp-15.2.0_20251204/xtensa-esp-elf/bin/../libexec/gcc/xtensa-esp-elf/15.2.0/lto-wrapper -plugin-opt=-fresolution=/tmp/cc8UumXC.res -plugin-opt=-pass-through=-lgcc -plugin-opt=-pass-through=-lgcc -plugin-opt=-pass-through=-lc -plugin-opt=-pass-through=-lgcc -L/home/student/.espressif/tools/xtensa-esp-elf/esp-15.2.0_20251204/xtensa-esp-elf/bin/../xtensa-esp-elf/../picolibc/xtensa-esp-elf/lib/esp32/no-rtti -L/home/student/.espressif/tools/xtensa-esp-elf/esp-15.2.0_20251204/xtensa-esp-elf/bin/../xtensa-esp-elf/../picolibc/xtensa-esp-elf/lib -Tpicolibc.ld --sysroot=/home/student/.espressif/tools/xtensa-esp-elf/esp-15.2.0_20251204/xtensa-esp-elf/bin/../xtensa-esp-elf --dynconfig=xtensa_esp32.so -o cmTC_d57dd -L/home/student/.espressif/tools/xtensa-esp-elf/esp-15.2.0_20251204/xtensa-esp-elf/bin/../xtensa-esp-elf/../picolibc/lib/gcc/xtensa-esp-elf/15.2.0/esp32/no-rtti -L/home/student/.espressif/tools/xtensa-esp-elf/esp-15.2.0_20251204/xtensa-esp-elf/bin/../xtensa-esp-elf/../picolibc/lib/gcc/xtensa-esp-elf/15.2.0 -L/home/student/.espressif/tools/xtensa-esp-elf/esp-15.2.0_20251204/xtensa-esp-elf/bin/../lib/gcc/xtensa-esp-elf/15.2.0/esp32/no-rtti -L/home/student/.espressif/tools/xtensa-esp-elf/esp-15.2.0_20251204/xtensa-esp-elf/bin/../lib/gcc/xtensa-esp-elf/15.2.0/../../../../xtensa-esp-elf/lib/esp32/no-rtti -L/home/student/.espressif/tools/xtensa-esp-elf/esp-15.2.0_20251204/xtensa-esp-elf/bin/../xtensa-esp-elf/lib/esp32/no-rtti -L/home/student/.espressif/tools/xtensa-esp-elf/esp-15.2.0_20251204/xtensa-esp-elf/bin/../lib/gcc/xtensa-esp-elf/15.2.0 -L/home/student/.espressif/tools/xtensa-esp-elf/esp-15.2.0_20251204/xtensa-esp-elf/bin/../lib/gcc -L/home/student/.espressif/tools/xtensa-esp-elf/esp-15.2.0_20251204/xtensa-esp-elf/bin/../lib/gcc/xtensa-esp-elf/15.2.0/../../../../xtensa-esp-elf/lib -L/home/student/.espressif/tools/xtensa-esp-elf/esp-15.2.0_20251204/xtensa-esp-elf/bin/../xtensa-esp-elf/lib -L/home/student/.espressif/tools/xtensa-esp-elf/esp-15.2.0_20251204/xtensa-esp-elf/bin/../xtensa-esp-elf/usr/lib @/tmp/ccKyJTnB -lgcc --start-group -lgcc -lc --end-group -lgcc]
    arg [/home/student/.espressif/tools/xtensa-esp-elf/esp-15.2.0_20251204/xtensa-esp-elf/bin/../libexec/gcc/xtensa-esp-elf/15.2.0/collect2] ==> ignore
    arg [-plugin] ==> ignore
    arg [/home/student/.espressif/tools/xtensa-esp-elf/esp-15.2.0_20251204/xtensa-esp-elf/bin/../libexec/gcc/xtensa-esp-elf/15.2.0/liblto_plugin.so] ==> ignore
    arg [-plugin-opt=/home/student/.espressif/tools/xtensa-esp-elf/esp-15.2.0_20251204/xtensa-esp-elf/bin/../libexec/gcc/xtensa-esp-elf/15.2.0/lto-wrapper] ==> ignore
    arg [-plugin-opt=-fresolution=/tmp/cc8UumXC.res] ==> ignore
    arg [-plugin-opt=-pass-through=-lgcc] ==> ignore
    arg [-plugin-opt=-pass-through=-lgcc] ==> ignore
    arg [-plugin-opt=-pass-through=-lc] ==> ignore
    arg [-plugin-opt=-pass-through=-lgcc] ==> ignore
    arg [-L/home/student/.espressif/tools/xtensa-esp-elf/esp-15.2.0_20251204/xtensa-esp-elf/bin/../xtensa-esp-elf/../picolibc/xtensa-esp-elf/lib/esp32/no-rtti] ==> dir [/home/student/.espressif/tools/xtensa-esp-elf/esp-15.2.0_20251204/xtensa-esp-elf/bin/../xtensa-esp-elf/../picolibc/xtensa-esp-elf/lib/esp32/no-rtti]
    arg [-L/home/student/.espressif/tools/xtensa-esp-elf/esp-15.2.0_20251204/xtensa-esp-elf/bin/../xtensa-esp-elf/../picolibc/xtensa-esp-elf/lib] ==> dir [/home/student/.espressif/tools/xtensa-esp-elf/esp-15.2.0_20251204/xtensa-esp-elf/bin/../xtensa-esp-elf/../picolibc/xtensa-esp-elf/lib]
    arg [-Tpicolibc.ld] ==> ignore
    arg [--sysroot=/home/student/.espressif/tools/xtensa-esp-elf/esp-15.2.0_20251204/xtensa-esp-elf/bin/../xtensa-esp-elf] ==> ignore
    arg [--dynconfig=xtensa_esp32.so] ==> ignore
    arg [-o] ==> ignore
    arg [cmTC_d57dd] ==> ignore
    arg [-L/home/student/.espressif/tools/xtensa-esp-elf/esp-15.2.0_20251204/xtensa-esp-elf/bin/../xtensa-esp-elf/../picolibc/lib/gcc/xtensa-esp-elf/15.2.0/esp32/no-rtti] ==> dir [/home/student/.espressif/tools/xtensa-esp-elf/esp-15.2.0_20251204/xtensa-esp-elf/bin/../xtensa-esp-elf/../picolibc/lib/gcc/xtensa-esp-elf/15.2.0/esp32/no-rtti]
    arg [-L/home/student/.espressif/tools/xtensa-esp-elf/esp-15.2.0_20251204/xtensa-esp-elf/bin/../xtensa-esp-elf/../picolibc/lib/gcc/xtensa-esp-elf/15.2.0] ==> dir [/home/student/.espressif/tools/xtensa-esp-elf/esp-15.2.0_20251204/xtensa-esp-elf/bin/../xtensa-esp-elf/../picolibc/lib/gcc/xtensa-esp-elf/15.2.0]
    arg [-L/home/student/.espressif/tools/xtensa-esp-elf/esp-15.2.0_20251204/xtensa-esp-elf/bin/../lib/gcc/xtensa-esp-elf/15.2.0/esp32/no-rtti] ==> dir [/home/student/.espressif/tools/xtensa-esp-elf/esp-15.2.0_20251204/xtensa-esp-elf/bin/../lib/gcc/xtensa-esp-elf/15.2.0/esp32/no-rtti]
    arg [-L/home/student/.espressif/tools/xtensa-esp-elf/esp-15.2.0_20251204/xtensa-esp-elf/bin/../lib/gcc/xtensa-esp-elf/15.2.0/../../../../xtensa-esp-elf/lib/esp32/no-rtti] ==> dir [/home/student/.espressif/tools/xtensa-esp-elf/esp-15.2.0_20251204/xtensa-esp-elf/bin/../lib/gcc/xtensa-esp-elf/15.2.0/../../../../xtensa-esp-elf/lib/esp32/no-rtti]
    arg [-L/home/student/.espressif/tools/xtensa-esp-elf/esp-15.2.0_20251204/xtensa-esp-elf/bin/../xtensa-esp-elf/lib/esp32/no-rtti] ==> dir [/home/student/.espressif/tools/xtensa-esp-elf/esp-15.2.0_20251204/xtensa-esp-elf/bin/../xtensa-esp-elf/lib/esp32/no-rtti]
    arg [-L/home/student/.espressif/tools/xtensa-esp-elf/esp-15.2.0_20251204/xtensa-esp-elf/bin/../lib/gcc/xtensa-esp-elf/15.2.0] ==> dir [/home/student/.espressif/tools/xtensa-esp-elf/esp-15.2.0_20251204/xtensa-esp-elf/bin/../lib/gcc/xtensa-esp-elf/15.2.0]
    arg [-L/home/student/.espressif/tools/xtensa-esp-elf/esp-15.2.0_20251204/xtensa-esp-elf/bin/../lib/gcc] ==> dir [/home/student/.espressif/tools/xtensa-esp-elf/esp-15.2.0_20251204/xtensa-esp-elf/bin/../lib/gcc]
    arg [-L/home/student/.espressif/tools/xtensa-esp-elf/esp-15.2.0_20251204/xtensa-esp-elf/bin/../lib/gcc/xtensa-esp-elf/15.2.0/../../../../xtensa-esp-elf/lib] ==> dir [/home/student/.espressif/tools/xtensa-esp-elf/esp-15.2.0_20251204/xtensa-esp-elf/bin/../lib/gcc/xtensa-esp-elf/15.2.0/../../../../xtensa-esp-elf/lib]
    arg [-L/home/student/.espressif/tools/xtensa-esp-elf/esp-15.2.0_20251204/xtensa-esp-elf/bin/../xtensa-esp-elf/lib] ==> dir [/home/student/.espressif/tools/xtensa-esp-elf/esp-15.2.0_20251204/xtensa-esp-elf/bin/../xtensa-esp-elf/lib]
    arg [-L/home/student/.espressif/tools/xtensa-esp-elf/esp-15.2.0_20251204/xtensa-esp-elf/bin/../xtensa-esp-elf/usr/lib] ==> dir [/home/student/.espressif/tools/xtensa-esp-elf/esp-15.2.0_20251204/xtensa-esp-elf/bin/../xtensa-esp-elf/usr/lib]
    arg [@/tmp/ccKyJTnB] ==> ignore
    arg [-lgcc] ==> lib [gcc]
    arg [--start-group] ==> ignore
    arg [-lgcc] ==> lib [gcc]
    arg [-lc] ==> lib [c]
    arg [--end-group] ==> ignore
    arg [-lgcc] ==> lib [gcc]
  collapse library dir [/home/student/.espressif/tools/xtensa-esp-elf/esp-15.2.0_20251204/xtensa-esp-elf/bin/../xtensa-esp-elf/../picolibc/xtensa-esp-elf/lib/esp32/no-rtti] ==> [/home/student/.espressif/tools/xtensa-esp-elf/esp-15.2.0_20251204/xtensa-esp-elf/picolibc/xtensa-esp-elf/lib/esp32/no-rtti]
  collapse library dir [/home/student/.espressif/tools/xtensa-esp-elf/esp-15.2.0_20251204/xtensa-esp-elf/bin/../xtensa-esp-elf/../picolibc/xtensa-esp-elf/lib] ==> [/home/student/.espressif/tools/xtensa-esp-elf/esp-15.2.0_20251204/xtensa-esp-elf/picolibc/xtensa-esp-elf/lib]
  collapse library dir [/home/student/.espressif/tools/xtensa-esp-elf/esp-15.2.0_20251204/xtensa-esp-elf/bin/../xtensa-esp-elf/../picolibc/lib/gcc/xtensa-esp-elf/15.2.0/esp32/no-rtti] ==> [/home/student/.espressif/tools/xtensa-esp-elf/esp-15.2.0_20251204/xtensa-esp-elf/picolibc/lib/gcc/xtensa-esp-elf/15.2.0/esp32/no-rtti]
  collapse library dir [/home/student/.espressif/tools/xtensa-esp-elf/esp-15.2.0_20251204/xtensa-esp-elf/bin/../xtensa-esp-elf/../picolibc/lib/gcc/xtensa-esp-elf/15.2.0] ==> [/home/student/.espressif/tools/xtensa-esp-elf/esp-15.2.0_20251204/xtensa-esp-elf/picolibc/lib/gcc/xtensa-esp-elf/15.2.0]
  collapse library dir [/home/student/.espressif/tools/xtensa-esp-elf/esp-15.2.0_20251204/xtensa-esp-elf/bin/../lib/gcc/xtensa-esp-elf/15.2.0/esp32/no-rtti] ==> [/home/student/.espressif/tools/xtensa-esp-elf/esp-15.2.0_20251204/xtensa-esp-elf/lib/gcc/xtensa-esp-elf/15.2.0/esp32/no-rtti]
  collapse library dir [/home/student/.espressif/tools/xtensa-esp-elf/esp-15.2.0_20251204/xtensa-esp-elf/bin/../lib/gcc/xtensa-esp-elf/15.2.0/../../../../xtensa-esp-elf/lib/esp32/no-rtti] ==> [/home/student/.espressif/tools/xtensa-esp-elf/esp-15.2.0_20251204/xtensa-esp-elf/xtensa-esp-elf/lib/esp32/no-rtti]
  collapse library dir [/home/student/.espressif/tools/xtensa-esp-elf/esp-15.2.0_20251204/xtensa-esp-elf/bin/../xtensa-esp-elf/lib/esp32/no-rtti] ==> [/home/student/.espressif/tools/xtensa-esp-elf/esp-15.2.0_20251204/xtensa-esp-elf/xtensa-esp-elf/lib/esp32/no-rtti]
  collapse library dir [/home/student/.espressif/tools/xtensa-esp-elf/esp-15.2.0_20251204/xtensa-esp-elf/bin/../lib/gcc/xtensa-esp-elf/15.2.0] ==> [/home/student/.espressif/tools/xtensa-esp-elf/esp-15.2.0_20251204/xtensa-esp-elf/lib/gcc/xtensa-esp-elf/15.2.0]
  collapse library dir [/home/student/.espressif/tools/xtensa-esp-elf/esp-15.2.0_20251204/xtensa-esp-elf/bin/../lib/gcc] ==> [/home/student/.espressif/tools/xtensa-esp-elf/esp-15.2.0_20251204/xtensa-esp-elf/lib/gcc]
  collapse library dir [/home/student/.espressif/tools/xtensa-esp-elf/esp-15.2.0_20251204/xtensa-esp-elf/bin/../lib/gcc/xtensa-esp-elf/15.2.0/../../../../xtensa-esp-elf/lib] ==> [/home/student/.espressif/tools/xtensa-esp-elf/esp-15.2.0_20251204/xtensa-esp-elf/xtensa-esp-elf/lib]
  collapse library dir [/home/student/.espressif/tools/xtensa-esp-elf/esp-15.2.0_20251204/xtensa-esp-elf/bin/../xtensa-esp-elf/lib] ==> [/home/student/.espressif/tools/xtensa-esp-elf/esp-15.2.0_20251204/xtensa-esp-elf/xtensa-esp-elf/lib]
  collapse library dir [/home/student/.espressif/tools/xtensa-esp-elf/esp-15.2.0_20251204/xtensa-esp-elf/bin/../xtensa-esp-elf/usr/lib] ==> [/home/student/.espressif/tools/xtensa-esp-elf/esp-15.2.0_20251204/xtensa-esp-elf/xtensa-esp-elf/usr/lib]
  implicit libs: [gcc;gcc;c;gcc]
  implicit objs: []
  implicit dirs: [/home/student/.espressif/tools/xtensa-esp-elf/esp-15.2.0_20251204/xtensa-esp-elf/picolibc/xtensa-esp-elf/lib/esp32/no-rtti;/home/student/.espressif/tools/xtensa-esp-elf/esp-15.2.0_20251204/xtensa-esp-elf/picolibc/xtensa-esp-elf/lib;/home/student/.espressif/tools/xtensa-esp-elf/esp-15.2.0_20251204/xtensa-esp-elf/picolibc/lib/gcc/xtensa-esp-elf/15.2.0/esp32/no-rtti;/home/student/.espressif/tools/xtensa-esp-elf/esp-15.2.0_20251204/xtensa-esp-elf/picolibc/lib/gcc/xtensa-esp-elf/15.2.0;/home/student/.espressif/tools/xtensa-esp-elf/esp-15.2.0_20251204/xtensa-esp-elf/lib/gcc/xtensa-esp-elf/15.2.0/esp32/no-rtti;/home/student/.espressif/tools/xtensa-esp-elf/esp-15.2.0_20251204/xtensa-esp-elf/xtensa-esp-elf/lib/esp32/no-rtti;/home/student/.espressif/tools/xtensa-esp-elf/esp-15.2.0_20251204/xtensa-esp-elf/lib/gcc/xtensa-esp-elf/15.2.0;/home/student/.espressif/tools/xtensa-esp-elf/esp-15.2.0_20251204/xtensa-esp-elf/lib/gcc;/home/student/.espressif/tools/xtensa-esp-elf/esp-15.2.0_20251204/xtensa-esp-elf/xtensa-esp-elf/lib;/home/student/.espressif/tools/xtensa-esp-elf/esp-15.2.0_20251204/xtensa-esp-elf/xtensa-esp-elf/usr/lib]
  implicit fwks: []


